verdict,reason,source,boardType,authorReal,bodyLen,viewCount,realTraffic30d,realComment,realLike,guestLike,report,anyComment,bannedSeo,bannedBody,bannedSlug,duplicateTitle,publishedAt,slug,title,id
PRESERVE,실회원(providerId 숫자·비ADMIN) 작성 — 무조건 보존,USER,STORY,true,38,223,37,1,0,0,0,6,,,,false,2026-08-13,점심-뭐드세요-2,점심 뭐드세요??,cmsqxrl4q000004jms0vlitfe
PRESERVE,실회원(providerId 숫자·비ADMIN) 작성 — 무조건 보존,USER,STORY,true,89,377,16,6,0,0,0,11,,,,false,2026-08-12,창원-번개-모임,창원 번개 모임,cmsqo0j69000004l7q0gymdtf
PRESERVE,실회원(providerId 숫자·비ADMIN) 작성 — 무조건 보존,USER,STORY,true,802,263,11,0,0,0,0,0,,,,false,2026-09-07,갱년기-오면서-부부관계고-성욕이고-싹-사라진-분-계신가요-저만-이런가,갱년기 오면서 부부관계고 성욕이고 싹 사라진 분 계신가요.. 저만 이런가,cmtqkpvg8000204l53yomnc4o
PRESERVE,30일 비봇 실조회 11건 — 실제 열람 경로다,SHEET,LIFE2,false,33,461,11,0,0,0,0,2,,,,false,2026-08-11,50대에-돈적으로-여유로워지고-먹고살걱정없으면-행복한가요,50대에 돈적으로 여유로워지고 먹고살걱정없으면 행복한가요?,cmso088lc000l244sabaaukz0
PRESERVE,실회원(providerId 숫자·비ADMIN) 작성 — 무조건 보존,USER,STORY,true,654,380,6,0,1,1,0,0,,,,false,2026-09-08,오늘-당근마켓-거래하러-나갔다가-깜짝-놀라-자빠질-뻔했어요,오늘 당근마켓 거래하러 나갔다가 깜짝 놀라 자빠질 뻔했어요 ㅋㅋㅋ,cmtry9nf0000004l435xq48ir
PRESERVE,실회원(providerId 숫자·비ADMIN) 작성 — 무조건 보존,USER,STORY,true,383,218,6,0,0,0,0,0,,,,false,2026-09-08,뱃살이-진짜-튜브-낀것처럼-차오르는데-저만-이러나요,뱃살이 진짜 튜브 낀것처럼 차오르는데..... 저만 이러나요? ㅜㅜㅜ,cmtrxitq5000004l691uog8cy
PRESERVE,실회원(providerId 숫자·비ADMIN) 작성 — 무조건 보존,USER,STORY,true,235,3858,6,0,0,0,0,9,,,,false,2026-05-16,친정엄마,친정엄마,cmp7on43s000004kzhkiwow2j
PRESERVE,30일 비봇 실조회 6건 — 실제 열람 경로다,SHEET,HUMOR,false,83,450,6,0,0,0,0,4,,,,false,2026-08-20,서양사람들이-신기해한다는-한국-시스템,서양사람들이 신기해한다는 한국 시스템,cmt155q1t0001iz2yxq3yg8jx
PRESERVE,실회원(providerId 숫자·비ADMIN) 작성 — 무조건 보존,USER,STORY,true,551,257,4,0,0,0,0,0,,,,false,2026-09-09,친정엄마-계실-땐-세상-다정한-척하더니-남편-이중성에-소름-돋네요,친정엄마 계실 땐 세상 다정한 척하더니.. 남편 이중성에 소름 돋네요.,cmttevfcl000404l7yg8pqmpa
PRESERVE,30일 비봇 실조회 3건 — 실제 열람 경로다,ADMIN,STORY,false,700,55,3,0,0,0,0,0,,,,false,2026-09-10,아이폰듀오-삼백만원-주고-사면-주책-남편이-늙은이-어린척한다고-막말,아이폰듀오 삼백만원 주고 사면 주책? 남편이 늙은이 어린척한다고 막말..,cmtv0gh93000104l1rv790e37
PRESERVE,실회원 반응(댓글 1·공감 1·신고 0) — 사용자 활동이 붙어 있다,SHEET,STORY,false,403,456,3,1,1,0,0,8,,,,false,2026-07-16,30년-친구-이제-그만-만나려구요,30년 친구 이제 그만 만나려구요,cmrn36pqo000hy12cgb6kmig8
PRESERVE,실회원(providerId 숫자·비ADMIN) 작성 — 무조건 보존,USER,STORY,true,347,230,3,0,1,0,0,0,,,,false,2026-09-08,요세-단어도-생각이-안나고-내가-치매인가-아니면-브레인포그라는-건가,요세 단어도 생각이 안나고.. 내가 치매인가? 아니면 브레인포그라는 건가,cmtrxp5ke000404l6v4xfwewr
PRESERVE,실회원 반응(댓글 1·공감 0·신고 0) — 사용자 활동이 붙어 있다,SHEET,MENOPAUSE,false,159,821,3,1,0,0,0,5,,,,false,2026-08-07,갱년기-호르몬제-산부인과-초기비용-어느정도-들까요,갱년기 호르몬제 산부인과 초기비용 어느정도 들까요?,cmsia1s3c0017414sdvkntrut
PRESERVE,30일 비봇 실조회 3건 — 실제 열람 경로다,SHEET,LIFE2,false,37,269,3,0,0,0,0,2,,,,false,2026-08-12,50대에-국민연금-다시-들었어요,50대에 국민연금 다시 들었어요,cmsposh0p000k0x4s7qholyxi
PRESERVE,30일 비봇 실조회 3건 — 실제 열람 경로다,SHEET,STORY,false,26,390,3,0,0,0,0,2,,,,false,2026-08-14,며느리-보면-자식-뺏긴-기분이-드나요,며느리 보면 자식 뺏긴 기분이 드나요?,cmssb03ep000k5h4ss8tfwgw3
PRESERVE,30일 비봇 실조회 2건 — 실제 열람 경로다,BOT,MAGAZINE,false,2760,1061,2,0,0,0,0,0,,,,false,2026-06-20,친구가-그리운데-왜-못-다가갈까,친구가 그리운데 왜 못 다가갈까,cmqlscwjt0004nq2yocee0k88
PRESERVE,30일 비봇 실조회 2건 — 실제 열람 경로다,BOT,MAGAZINE,false,2400,1601,2,0,0,0,0,0,,,,false,2026-05-18,50대-이력서-이렇게-쓰세요,"50대 이력서, 이렇게 쓰세요",cmpama8rx0002qh2ygmohdrz2
PRESERVE,실회원(providerId 숫자·비ADMIN) 작성 — 무조건 보존,USER,STORY,true,734,247,2,0,0,0,0,0,,,,false,2026-09-09,아들-방에서-샤넬-상자-발견하고-2차로-남의편한테-정떨어졌네요,아들 방에서 샤넬 상자 발견하고 2차로 남의편한테 정떨어졌네요 ㅡㅡ,cmttdkip3000104l7dmojmr13
PRESERVE,실회원(providerId 숫자·비ADMIN) 작성 — 무조건 보존,USER,STORY,true,695,342,2,0,0,0,0,0,,,,false,2026-09-08,층간소음-때문에-윗집-올라갔다가-뜻밖의-광경을-보고-왔네요,층간소음 때문에 윗집 올라갔다가 뜻밖의 광경을 보고 왔네요 ㅋㅋㅋ,cmtry0745000004jv4cbul1v7
PRESERVE,실회원(providerId 숫자·비ADMIN) 작성 — 무조건 보존,USER,HUMOR,true,288,43,2,0,0,0,0,0,,,,false,2026-09-10,차태현-회사-차리고-짠돌이-된거-완전-웃기네요,차태현 회사 차리고 짠돌이 된거 완전 웃기네요 ㅋㅋㅋ,cmtuuilhc000004ikfjlg61vh
PRESERVE,실회원 반응(댓글 1·공감 0·신고 0) — 사용자 활동이 붙어 있다,SHEET,STORY,false,282,461,2,1,0,0,0,10,,,,false,2026-08-07,나도-중년이지만-중년여자들-힘드네요,"나도 중년이지만,, 중년여자들 힘드네요",cmsiykzvz000h2u4sfjhgei5y
PRESERVE,30일 비봇 실조회 2건 — 실제 열람 경로다,SHEET,STORY,false,204,1244,2,0,0,1,0,7,,,,false,2026-07-09,성욕이-기본욕구인거-뻥같아요,성욕이 기본욕구인거 뻥같아요,cmrd5frce000f482ct4firw02
PRESERVE,30일 비봇 실조회 2건 — 실제 열람 경로다,SHEET,HUMOR,false,126,3467,2,0,0,0,0,4,,,,false,2026-06-08,카리나씨-가슴수술-한건가요,카리나씨 가슴수술 한건가요..?,cmq4ohiw10001yw28ytehhgti
PRESERVE,30일 비봇 실조회 2건 — 실제 열람 경로다,SHEET,STORY,false,42,544,2,0,0,0,0,2,,,,false,2026-08-16,좀-이해안되는-장례문화가-호환인거-같아요,좀 이해안되는 장례문화가 호환인거 같아요.,cmsvsm2gk000d3r6hk5orfj5h
PRESERVE,실회원 반응(댓글 1·공감 0·신고 0) — 사용자 활동이 붙어 있다,SHEET,STORY,false,34,519,2,1,0,0,0,4,,,,false,2026-07-26,운동하니까-성욕이-생기는것-같아요,운동하니까 성욕이 생기는것 같아요,cms1txvlz0009284supcepou9
PRESERVE,30일 비봇 실조회 2건 — 실제 열람 경로다,SHEET,HUMOR,false,9,2678,2,0,0,0,0,2,,,,false,2026-05-16,골프-배워서-화류계-진출하라는-엄마,골프 배워서 화류계 진출하라는 엄마,cmp7y1d32000ric4eevf9a4i2
PRESERVE,30일 비봇 실조회 1건 — 실제 열람 경로다,SHEET,LIFE2,false,1747,542,1,0,0,0,0,6,,,,false,2026-05-21,경제-천장-뚫린-원달러-환율-날개-단-달러-ETF-40-껑충,[경제] 천장 뚫린 원·달러 환율.. 날개 단 달러 ETF '40% 껑충,cmpfdj16n0005id0bcv064xoo
PRESERVE,30일 비봇 실조회 1건 — 실제 열람 경로다,BOT,STORY,false,951,447,1,0,0,1,0,2,,노인,,false,2026-05-11,나이-드니까-더-무서운-것들-저만-그런-게-아니었네요,"나이 드니까 더 무서운 것들, 저만 그런 게 아니었네요",cmp0s1b3k0000z23fmjbcwi67
PRESERVE,실회원 반응(댓글 2·공감 0·신고 0) — 사용자 활동이 붙어 있다,SHEET,MENOPAUSE,false,735,1112,1,2,0,0,0,2,,,,false,2026-07-29,갱년기-증상에-도움되는,갱년기 증상에 도움되는,cms5tq2jp0012234s8dtgq8q6
PRESERVE,실회원(providerId 숫자·비ADMIN) 작성 — 무조건 보존,USER,STORY,true,548,63,1,0,0,0,0,0,,,,false,2026-09-10,이동국-딸은-벌써-자취하고-시상식-나가는데-우리-아들놈들은-진짜-답-없네,이동국 딸은 벌써 자취하고 시상식 나가는데 우리 아들놈들은 진짜 답 없네,cmtuut8xq000004jr6zt5ku1g
PRESERVE,30일 비봇 실조회 1건 — 실제 열람 경로다,BOT,LIFE2,false,490,847,1,0,0,1,0,2,,,,false,2026-04-26,솔직히-요즘-50대가-가장-힘든-세대-같습니다,솔직히 요즘 50대가 가장 힘든 세대 같습니다,cmoff0eq70008sy3ffuk7emg2
PRESERVE,30일 비봇 실조회 1건 — 실제 열람 경로다,SHEET,STORY,false,388,676,1,0,0,1,0,7,,,,false,2026-07-10,집안일-부질없어-이제-안하려구요,집안일 부질없어 이제 안하려구요,cmreqcev4000hy02cmjizty16
PRESERVE,30일 비봇 실조회 1건 — 실제 열람 경로다,BOT,LIFE2,false,368,1012,1,0,0,1,0,2,,,,false,2026-05-09,연금계좌와-ISA-50대-주부도-헷갈리더군요,"연금계좌와 ISA, 50대 주부도 헷갈리더군요",cmoyztqb300050w2yv30sp1s8
PRESERVE,30일 비봇 실조회 1건 — 실제 열람 경로다,BOT,STORY,false,324,452,1,0,0,1,0,5,,,,false,2026-05-01,요리-수업-등록했어요-이제-시작이에요,"요리 수업 등록했어요, 이제 시작이에요",cmomh6bl60008sf3flf6tqtkx
PRESERVE,30일 비봇 실조회 1건 — 실제 열람 경로다,SHEET,LIFE2,false,299,659,1,0,0,1,0,4,,,,false,2026-07-24,아들이-보험들어준다고-알아보래요,아들이 보험들어준다고 알아보래요,cmrym0712000q5m1mk7j4a85x
PRESERVE,30일 비봇 실조회 1건 — 실제 열람 경로다,SHEET,STORY,false,296,402,1,0,0,0,0,5,,,,false,2026-05-17,편의점에서-겪은-수상한-일,편의점에서 겪은 수상한 일,cmp9vl85o0005io4eio4ocuv5
PRESERVE,실회원 반응(댓글 1·공감 0·신고 0) — 사용자 활동이 붙어 있다,SHEET,STORY,false,283,548,1,1,0,0,0,8,,,,false,2026-07-23,여자50대-성욕이-늘기도하나요싫으신분-패쓰,여자50대 성욕이 늘기도하나요?(싫으신분 패쓰),cmrx0xbox000f471mtzpmaaln
PRESERVE,30일 비봇 실조회 1건 — 실제 열람 경로다,SHEET,STORY,false,272,1538,1,0,0,0,0,1,,,,false,2026-05-16,취미로-그린-고양이-그림,취미로 그린 고양이 그림,cmp7xzssi0001ic4e3zg5z3ea
PRESERVE,실회원 반응(댓글 1·공감 0·신고 0) — 사용자 활동이 붙어 있다,SHEET,STORY,false,266,568,1,1,0,0,0,8,,,,false,2026-07-20,52세-새벽-5시에-안-깨는-방법-아시는-분,52세. 새벽 5시에 안 깨는 방법 아시는 분?,cmrsx9lql000w3i1mcwxfi5r3
PRESERVE,실회원 반응(댓글 0·공감 1·신고 0) — 사용자 활동이 붙어 있다,SHEET,LIFE2,false,258,355,1,0,1,0,0,0,,,,false,2026-07-14,무슨-깡으로-노후대비를-신경도-안쓰는지,무슨 깡으로 노후대비를 신경도 안쓰는지,cmrkctvok000p2z2c12meqpyv
PRESERVE,30일 비봇 실조회 1건 — 실제 열람 경로다,BOT,STORY,false,257,536,1,0,0,1,0,5,,,,false,2026-05-11,새벽-3시에-또-깼는데-이번엔-왠지-더-외로워,새벽 3시에 또 깼는데 이번엔 왠지 더 외로워,cmp1dyfdp0004zm3fyrbzw1js
PRESERVE,실회원 반응(댓글 0·공감 1·신고 0) — 사용자 활동이 붙어 있다,SHEET,STORY,false,224,916,1,0,1,0,0,7,,,,false,2026-07-22,이혼가정-상견례는-어떻게-해야하죠,이혼가정 상견례는 어떻게 해야하죠?,cmrvt6umt000r2p1mb9b0nqeg
PRESERVE,실회원 반응(댓글 1·공감 0·신고 0) — 사용자 활동이 붙어 있다,SHEET,STORY,false,214,380,1,1,0,0,0,11,,,,false,2026-08-07,혹시-딸들-2명-이상-키우시는-분들-있으세요-애들-사이-어때요,혹시 딸들 2명 이상 키우시는 분들 있으세요? 애들 사이 어때요?,cmsiylaak000n2u4s6fos8k56
PRESERVE,실회원 반응(댓글 1·공감 0·신고 0) — 사용자 활동이 붙어 있다,SHEET,STORY,false,199,493,1,1,0,0,0,9,,,,false,2026-08-07,남편보다-제가-일찍-죽었으면-좋겠어요,남편보다 제가 일찍 죽었으면 좋겠어요,cmsia12c9000s414sgyc4wjzt
PRESERVE,실회원 반응(댓글 1·공감 0·신고 0) — 사용자 활동이 붙어 있다,SHEET,HUMOR,false,189,641,1,1,0,0,0,7,,,,false,2026-08-11,요즘-가요-무대-챙겨보세요-너무-재밌네요,요즘 가요 무대 챙겨보세요? 너무 재밌네요.,cmso5rpd7000j584s23p6qg60
PRESERVE,30일 비봇 실조회 1건 — 실제 열람 경로다,SHEET,STORY,false,154,614,1,0,0,0,0,5,,,,false,2026-07-14,남편이-종종-생각이-끊어지는-증상이,남편이 종종 생각이 끊어지는 증상이,cmrkjy902000p272cdieayzso
PRESERVE,실회원 반응(댓글 1·공감 0·신고 0) — 사용자 활동이 붙어 있다,SHEET,STORY,false,147,273,1,1,0,0,0,1,,,,false,2026-08-07,한여름-등산복은-뭐-입나요,한여름 등산복은 뭐 입나요?,cmsiyjzxe00012u4s2n8bmay3
PRESERVE,30일 비봇 실조회 1건 — 실제 열람 경로다,USER,STORY,false,139,1157,1,0,0,0,0,6,,,,false,2026-03-23,오늘-손주-돌잔치에-다녀왔어요,오늘 손주 돌잔치에 다녀왔어요 ㅎㅎ,cmn3617au000cey2u11lxlmx7
PRESERVE,실회원 반응(댓글 1·공감 0·신고 0) — 사용자 활동이 붙어 있다,SHEET,LIFE2,false,124,543,1,1,0,0,0,7,,,,false,2026-08-07,일산은-집값-진짜-저렴하네요,일산은 집값 진짜 저렴하네요,cmsia1bhb000y414snl94qx33
PRESERVE,실회원 반응(댓글 1·공감 0·신고 0) — 사용자 활동이 붙어 있다,SHEET,STORY,false,109,525,1,1,0,1,0,8,,,,false,2026-07-14,남편-성욕,남편 성욕?,cmrkgtksy000hxp2ct96ccbs4
PRESERVE,실회원(providerId 숫자·비ADMIN) 작성 — 무조건 보존,USER,LIFE2,true,108,463,1,0,0,0,0,5,,,,false,2026-06-23,남편이-희망퇴직을-강요받네요,남편이 희망퇴직을 강요받네요,cmqpwsujd000004lehz7r6yvh
PRESERVE,실회원 반응(댓글 1·공감 0·신고 0) — 사용자 활동이 붙어 있다,SHEET,STORY,false,100,546,1,1,0,0,0,10,노인,노인,노인,false,2026-08-06,미용실-70세이상-짠내노인들-자식자랑-지려요,미용실 70세이상 짠내노인들 자식자랑 지려요,cmsh3tc8n000dx74smaz9yukk
PRESERVE,실회원 반응(댓글 1·공감 0·신고 0) — 사용자 활동이 붙어 있다,SHEET,LIFE2,false,83,506,1,1,0,0,0,6,,,,false,2026-07-28,국장-다시는-안하려고요,국장 다시는 안하려고요,cms45tjxd000e0d4s86lkagrv
PRESERVE,30일 비봇 실조회 1건 — 실제 열람 경로다,SHEET,MENOPAUSE,false,63,749,1,0,0,1,0,3,,,,false,2026-07-11,폐경-즘이면-성욕이-아예-사라지나요,폐경 즘이면 성욕이 아예 사라지나요?,cmrg8nngm000h3m2cvg00dt6g
PRESERVE,30일 비봇 실조회 1건 — 실제 열람 경로다,SHEET,HUMOR,false,56,987,1,0,0,2,0,5,,,,false,2026-07-04,김부장-드라마-쓸데없이-잔인,김부장 드라마 쓸데없이 잔인,cmr70348r001e3p3g885po9oi
PRESERVE,30일 비봇 실조회 1건 — 실제 열람 경로다,SHEET,STORY,false,47,602,1,0,0,0,0,2,,,,false,2026-07-18,눈밑꺼짐-필러-맞을까요,눈밑꺼짐 필러 맞을까요?,cmrqe62m600013v1m50t1ufhp
PRESERVE,30일 비봇 실조회 1건 — 실제 열람 경로다,SHEET,STORY,false,41,456,1,0,0,0,0,2,,,,false,2026-07-24,외도남과-돌싱상간녀-둘-중,외도남과 돌싱상간녀 둘 중,cmrylzxrk000m5m1maggpu1pb
PRESERVE,30일 비봇 실조회 1건 — 실제 열람 경로다,SHEET,LIFE2,false,41,299,1,0,0,0,0,0,,,,false,2026-07-20,신용불량자-회복-방법,신용불량자 회복 방법,cmrszf7yk000i1o1m5pmq08vz
PRESERVE,30일 비봇 실조회 1건 — 실제 열람 경로다,SHEET,STORY,false,38,300,1,0,0,0,0,2,,,,false,2026-08-14,복숭아는-어떤-품종이-제일-맛있나요,복숭아는 어떤 품종이 제일 맛있나요?,cmstjlnyg0009406h43d5fb4i
PRESERVE,30일 비봇 실조회 1건 — 실제 열람 경로다,SHEET,HUMOR,false,37,1855,1,0,0,0,0,0,,,,false,2026-05-13,나나한테-7cm-깊이로-찔렸다는-강도,나나한테 7cm 깊이로 찔렸다는 강도,cmp3lvhzc0011lb3f2lr225si
PRESERVE,30일 비봇 실조회 1건 — 실제 열람 경로다,SHEET,STORY,false,35,1395,1,0,0,0,0,2,,,,false,2026-07-10,남자들-성욕-언제-꺾여요,남자들 성욕 언제 꺾여요?,cmrehcose000hzn2c2j0et7wz
PRESERVE,30일 비봇 실조회 1건 — 실제 열람 경로다,SHEET,STORY,false,35,301,1,0,0,0,0,2,,,,false,2026-08-13,사주-팔자라고-하잖아요-혹시-이런거-믿으시는-분-있으신가요,사주 팔자라고 하잖아요~ 혹시 이런거 믿으시는 분 있으신가요?,cmsqytvvc000d0f6hynq982ui
PRESERVE,30일 비봇 실조회 1건 — 실제 열람 경로다,SHEET,STORY,false,32,218,1,0,0,0,0,2,,,,false,2026-07-20,항우울제-성욕-없어지나요,항우울제 성욕 없어지나요?,cmrsnqq97000ixk1mb995rfvr
PRESERVE,30일 비봇 실조회 1건 — 실제 열람 경로다,SHEET,STORY,false,29,476,1,0,0,0,0,2,,,,false,2026-08-02,50-이후에도-성욕-왕성하신-분들은,50 이후에도 성욕 왕성하신 분들은,cmsbp34ho000v1v4ssoyyq7ag
PRESERVE,30일 비봇 실조회 1건 — 실제 열람 경로다,SHEET,STORY,false,26,239,1,0,0,0,0,2,,,,false,2026-08-02,50대-초반-미혼녀,50대 초반 미혼녀,cmsbtzat4000ew64shlh55spy
PRESERVE,실회원(providerId 숫자·비ADMIN) 작성 — 무조건 보존,USER,STORY,true,13,226,1,0,0,0,0,5,,,,false,2026-08-16,나루님의-첫인사,나루님의 첫인사,cmsvpt0lv000004l2ah2kp0ss
PRESERVE,30일 비봇 실조회 1건 — 실제 열람 경로다,SHEET,LIFE2,false,11,449,1,0,0,0,0,2,,,,false,2026-07-24,미국장-뭐죠-전쟁날때보다-더-최악이네요,미국장 뭐죠?.. 전쟁날때보다 더 최악이네요.,cmryj2bbc000w181myps5kkuh
PRESERVE,30일 비봇 실조회 1건 — 실제 열람 경로다,SHEET,HUMOR,false,9,2819,1,0,0,0,0,2,,,,false,2026-05-15,남편이-장을-봐도-자꾸-비싼-물건을,남편이 장을 봐도 자꾸 비싼 물건을,cmp7jxgzx000pgb4etqxj8baq
PRESERVE,30일 비봇 실조회 1건 — 실제 열람 경로다,SHEET,STORY,false,9,238,1,0,0,0,0,2,,,,false,2026-07-20,팔자주름-쥬베룩-괜찮아요,팔자주름 쥬베룩 괜찮아요?,cmrsr6t7f0006361mcvs518qf
PRESERVE,실회원(providerId 숫자·비ADMIN) 작성 — 무조건 보존,USER,STORY,true,747,710,0,2,1,0,0,3,,,,false,2026-04-10,엄마가-요즘-많이-힘들어하시는데-조심스럽게-여쭤봐요,엄마가 요즘 많이 힘들어하시는데… 조심스럽게 여쭤봐요,cmnsanubr000004jmc5divouu
PRESERVE,실회원(providerId 숫자·비ADMIN) 작성 — 무조건 보존,USER,STORY,true,665,560,0,0,0,0,0,7,,,,false,2026-06-02,선배님들-삶의-지혜를-빌려주세요,선배님들 삶의 지혜를 빌려주세요...,cmpw9a2vg000004k5sbo322gc
PRESERVE,실회원(providerId 숫자·비ADMIN) 작성 — 무조건 보존,USER,STORY,true,614,377,0,0,0,0,0,5,,,,false,2026-07-13,복직하는거,복직하는거..,cmritf4zo000004lj1gusuloy
PRESERVE,실회원(providerId 숫자·비ADMIN) 작성 — 무조건 보존,USER,MENOPAUSE,true,583,149,0,0,1,0,0,0,,,,false,2026-09-08,,산부인과 다녀왔는데 완경 판정 받았네요.. 마음이 참 숭숭해요,cmtryadia000204l4wurrpjt7
PRESERVE,실회원(providerId 숫자·비ADMIN) 작성 — 무조건 보존,USER,MENOPAUSE,true,582,168,0,0,0,0,0,0,,,,false,2026-09-07,,갱년기 오니까 피부 장벽이고 머리숱이고 다 털리네요.. 저만 이런,cmtqkouku000004l52m2uxk1o
PRESERVE,실회원(providerId 숫자·비ADMIN) 작성 — 무조건 보존,USER,HUMOR,true,531,38,0,0,0,0,0,0,,,,false,2026-09-10,이동국-딸-뉴욕-명문대-휴학했다더니-결국-연예인-하려나-보네요,이동국 딸 뉴욕 명문대 휴학했다더니.. 결국 연예인 하려나 보네요 ㅋㅋㅋ,cmtuv4wcy000004l7cvsq8e03
PRESERVE,실회원 반응(댓글 0·공감 1·신고 0) — 사용자 활동이 붙어 있다,BOT,MENOPAUSE,false,528,788,0,0,1,0,0,7,,,,false,2026-04-25,혹시-저만-요즘-화끈거리고-우울한-건가요-갱년기-맞을까봐,혹시 저만 요즘 화끈거리고 우울한 건가요... 갱년기 맞을까봐,cmoebzhms0016yr3fnc2uegb8
PRESERVE,실회원 반응(댓글 1·공감 0·신고 0) — 사용자 활동이 붙어 있다,SHEET,STORY,false,461,1003,0,1,0,0,0,11,,,,false,2026-08-11,초딩-입맛-가지신-50대-분들-있나요,초딩 입맛 가지신 50대 분들 있나요?,cmso07yo4000f244s4fcrldyc
PRESERVE,실회원 반응(댓글 1·공감 1·신고 0) — 사용자 활동이 붙어 있다,SHEET,MENOPAUSE,false,419,2093,0,1,1,0,0,8,,,,false,2026-07-23,자꾸-눈물이-나는-갱년기,자꾸 눈물이 나는 갱년기,cmrwx39mt000n2r1m6i3gc4ut
PRESERVE,실회원(providerId 숫자·비ADMIN) 작성 — 무조건 보존,USER,MENOPAUSE,true,404,166,0,0,0,0,0,0,,,,false,2026-09-08,,갱년기 오고 다 부질없어져서 모임도 다 끊엇네요..,cmtrxjh0u000204l6h5karkfy
PRESERVE,실회원 반응(댓글 0·공감 1·신고 0) — 사용자 활동이 붙어 있다,SHEET,STORY,false,370,474,0,0,1,0,0,7,,,,false,2026-07-16,친한-언니-차에-상처냈어요,친한 언니 차에 상처냈어요,cmrnnm4zy00065k1me87tcfxa
PRESERVE,실회원 반응(댓글 1·공감 0·신고 0) — 사용자 활동이 붙어 있다,SHEET,STORY,false,356,579,0,1,0,0,0,10,,,,false,2026-08-06,70년대생은-아실라나-학교에서의-추행-경험,70년대생은 아실라나? 학교에서의 추행 경험,cmshdcs36000d3e4sulhphxd6
PRESERVE,실회원 반응(댓글 1·공감 1·신고 0) — 사용자 활동이 붙어 있다,SHEET,STORY,false,347,1074,0,1,1,0,0,9,,,,false,2026-07-29,부정적인-생각부터-먼저-하는-습관,부정적인 생각부터 먼저 하는 습관..,cms5tpiiz000m234s5unc6473
PRESERVE,실회원 반응(댓글 1·공감 1·신고 0) — 사용자 활동이 붙어 있다,BOT,STORY,false,326,427,0,1,1,0,0,1,,,,false,2026-05-10,돈-빌려달라는-친구-어떻게-거절했어요,"돈 빌려달라는 친구, 어떻게 거절했어요",cmozrmj2c0005083fumgmmwai
PRESERVE,실회원 반응(댓글 1·공감 0·신고 0) — 사용자 활동이 붙어 있다,ADMIN,STORY,false,300,4,0,1,0,0,0,7,,,,false,2026-07-27,,🔥 복숭아 좋아세요?,cms2lenmr000004l5zgv2j856
PRESERVE,실회원 반응(댓글 1·공감 0·신고 0) — 사용자 활동이 붙어 있다,SHEET,STORY,false,280,344,0,1,0,0,0,6,,,,false,2026-08-11,위가-너무-쓰려요,위가 너무 쓰려요.,cmso079j00002244s2cuh5gak
PRESERVE,실회원 반응(댓글 1·공감 0·신고 0) — 사용자 활동이 붙어 있다,SHEET,HUMOR,false,260,726,0,1,0,1,0,5,,,,false,2026-06-26,트로트-오디션-프로그램-싫어하시는-분들-계시죠,트로트 오디션 프로그램 싫어하시는 분들 계시죠?,cmqv0yzdc00014z5n2ggqoxdt
PRESERVE,실회원 반응(댓글 0·공감 1·신고 0) — 사용자 활동이 붙어 있다,SHEET,STORY,false,246,393,0,0,1,0,0,0,,,,false,2026-07-16,멜라토닌-처음-먹어봤어요,멜라토닌 처음 먹어봤어요,cmrnf5bkv0009yk1me8vp5txx
PRESERVE,실회원 반응(댓글 1·공감 0·신고 0) — 사용자 활동이 붙어 있다,SHEET,STORY,false,244,376,0,1,0,0,0,7,,,,false,2026-08-07,화장실청소-한번-안해본-대딩-자취하러-갔어요,화장실청소 한번 안해본 대딩 자취하러 갔어요,cmsia0hyb000e414s8kzev6k2
PRESERVE,실회원(providerId 숫자·비ADMIN) 작성 — 무조건 보존,USER,STORY,true,223,434,0,5,0,0,0,10,,,,false,2026-07-21,조언을-듣고-싶어요-2,조언을 듣고 싶어요,cmrulhqzy000004i8hf8ps70j
PRESERVE,실회원 반응(댓글 0·공감 1·신고 0) — 사용자 활동이 붙어 있다,SHEET,STORY,false,212,559,0,0,1,0,0,7,,,,false,2026-07-16,아들의-전여친이-준-선물-버려야-할까요,아들의 전여친이 준 선물 버려야 할까요?,cmrnf5v3o000hyk1mutu75u7q
PRESERVE,실회원(providerId 숫자·비ADMIN) 작성 — 무조건 보존,USER,STORY,true,211,565,0,0,0,1,0,5,,,,false,2026-06-09,사랑과-행복을-찾아서,사랑과 행복을 찾아서,cmq6k23p4000204jvuhq6pz3r
PRESERVE,실회원 반응(댓글 0·공감 1·신고 0) — 사용자 활동이 붙어 있다,BOT,STORY,false,206,932,0,0,1,0,0,1,,,,false,2026-04-26,50대-혼자니까-더-엄격하게-챙기는-거-있더라,50대 혼자니까 더 엄격하게 챙기는 거 있더라ㅋㅋ,cmoff063l0004sy3fdtcge4ge
PRESERVE,실회원 반응(댓글 1·공감 1·신고 0) — 사용자 활동이 붙어 있다,SHEET,STORY,false,202,423,0,1,1,0,0,8,,,,false,2026-07-15,이런-며느리-어떤가요,이런 며느리 어떤가요?,cmrlsdkcm000i422c3e4dfqus
PRESERVE,실회원 반응(댓글 1·공감 0·신고 0) — 사용자 활동이 붙어 있다,ADMIN,STORY,false,189,4,0,1,0,0,0,9,,,,false,2026-07-24,,🔥 불금에 꼭 먹고 싶은 음식은?,cmryi6bl4000004l5tixnouwz
PRESERVE,실회원 반응(댓글 1·공감 0·신고 0) — 사용자 활동이 붙어 있다,SHEET,HUMOR,false,184,2527,0,1,0,0,0,9,,,,false,2026-08-06,삶의-질-엄청-떨어지는-질병,삶의 질 엄청 떨어지는 질병,cmsh4ztsr0007hr2ylwcrkrhj
PRESERVE,실회원 반응(댓글 0·공감 1·신고 0) — 사용자 활동이 붙어 있다,SHEET,STORY,false,161,571,0,0,1,0,0,7,,,,false,2026-07-17,우울증과-성욕,우울증과 성욕,cmroc7l1r000s3n1mag47hfwz
PRESERVE,실회원(providerId 숫자·비ADMIN) 작성 — 무조건 보존,USER,MENOPAUSE,true,161,481,0,1,0,0,0,7,,,,false,2026-08-13,,요즘 신체적 변화때문에 잠을 못자서 수면유도제를 먹어봤는데...,cmsqx9rui000104jmiz5fpt79
PRESERVE,실회원 반응(댓글 0·공감 1·신고 0) — 사용자 활동이 붙어 있다,SHEET,STORY,false,152,644,0,0,1,0,0,7,,,,false,2026-07-20,혼자되면-왤케-소심해-질까요,혼자되면 왤케 소심해 질까요,cmrsua0x3000m3b1m24wngz5j
PRESERVE,실회원 반응(댓글 0·공감 1·신고 0) — 사용자 활동이 붙어 있다,SHEET,STORY,false,142,414,0,0,1,0,0,7,,,,false,2026-07-14,요즘은-대학생들도-럭셔리여행,요즘은 대학생들도 럭셔리여행,cmrkgtvxx000nxp2c6yezp1io
PRESERVE,실회원(providerId 숫자·비ADMIN) 작성 — 무조건 보존,USER,STORY,true,128,404,0,0,0,0,0,5,,,,false,2026-06-14,사노라면,사노라면,cmqd6u9fn000004jsz2f8liyl
PRESERVE,실회원(providerId 숫자·비ADMIN) 작성 — 무조건 보존,USER,STORY,true,123,798,0,0,0,0,0,4,,,,false,2026-04-08,인삿밀,인삿밀,cmnq6393l000004jvu2cvx0ba
PRESERVE,실회원 반응(댓글 1·공감 0·신고 0) — 사용자 활동이 붙어 있다,SHEET,STORY,false,114,295,0,1,0,0,0,5,,,,false,2026-08-06,요즘-흙동은금수저-구별법이래요,"요즘 흙,동,은,금수저 구별법이래요",cmshdcmcl00093e4sd3lsoh9l
PRESERVE,실회원 반응(댓글 1·공감 0·신고 0) — 사용자 활동이 붙어 있다,USER,STORY,false,114,2016,0,1,0,0,0,1,,,,false,2026-03-21,오늘-등산-갔다가-야생-고라니를-봤어요,오늘 등산 갔다가 야생 고라니를 봤어요!,cmn3617rj000gey2u457iwrti
PRESERVE,실회원 반응(댓글 0·공감 1·신고 0) — 사용자 활동이 붙어 있다,SHEET,HUMOR,false,105,1612,0,0,1,0,0,7,,,,false,2026-07-12,자기-취미생활-불법적으로-말하기,자기 취미생활 불법적으로 말하기,cmrh4ngdu000iuq2yf9k5khg5
PRESERVE,실회원(providerId 숫자·비ADMIN) 작성 — 무조건 보존,USER,STORY,true,98,610,0,0,0,0,0,5,,,,false,2026-06-07,이야기를-하는것이-힘들어,이야기를 하는것이 힘들어,cmq3gey7w000704ifc9bx9qhr
PRESERVE,실회원 반응(댓글 1·공감 0·신고 0) — 사용자 활동이 붙어 있다,USER,HUMOR,false,96,1455,0,1,0,0,0,1,,,,false,2026-03-22,60살에-운전면허-따는-중인데-요즘-세상-좋아졌어요,60살에 운전면허 따는 중인데 요즘 세상 좋아졌어요,cmn3618c8000ley2ub2s6w70t
PRESERVE,실회원(providerId 숫자·비ADMIN) 작성 — 무조건 보존,USER,STORY,true,78,359,0,2,0,0,0,7,,,,false,2026-06-13,53세-아직도-내집없고,53세 아직도 내집없고,cmqc5e6tq000004jusnmwtrix
PRESERVE,실회원(providerId 숫자·비ADMIN) 작성 — 무조건 보존,USER,MENOPAUSE,true,64,701,0,0,0,0,0,5,,,,false,2026-08-04,,"잘려고 누웠는데 가슴 답답, 얼굴 붉열감",cmsept052000304kyohbpsaud
PRESERVE,실회원 반응(댓글 1·공감 0·신고 0) — 사용자 활동이 붙어 있다,SHEET,STORY,false,58,567,0,1,0,0,0,9,,,,false,2026-08-07,내일-성심당-줄서는거-힘들까요,내일 성심당 줄서는거 힘들까요?,cmsilo91r000h1g1uz10xkqhc
PRESERVE,실회원(providerId 숫자·비ADMIN) 작성 — 무조건 보존,USER,MENOPAUSE,true,58,467,0,0,0,0,0,5,,,,false,2026-08-05,,매일 저녁 글쓰게되네요,cmsg4lgq1000004l2oqfzfsle
PRESERVE,실회원(providerId 숫자·비ADMIN) 작성 — 무조건 보존,USER,STORY,true,54,273,0,5,0,0,0,10,,,,false,2026-07-22,건의합니다,건의합니다,cmrvd4rws000004juux26arlb
PRESERVE,실회원(providerId 숫자·비ADMIN) 작성 — 무조건 보존,USER,STORY,true,54,813,0,5,0,0,0,10,,,,false,2026-06-07,첫인사,첫인사,cmq4a9bro000304jjphvabsku
PRESERVE,실회원(providerId 숫자·비ADMIN) 작성 — 무조건 보존,USER,STORY,true,53,161,0,0,0,0,0,5,,,,false,2026-08-05,팔뚝살-팝니다,팔뚝살 팝니다^^,cmsfdaryl000104l5hqstwtza
PRESERVE,실회원(providerId 숫자·비ADMIN) 작성 — 무조건 보존,USER,STORY,true,46,431,0,0,0,0,0,0,,,,false,2026-05-12,친절하라,친절하라!!! ;;;,cmp2njlju000504h1qn7u85zp
PRESERVE,실회원(providerId 숫자·비ADMIN) 작성 — 무조건 보존,USER,MENOPAUSE,true,46,707,0,7,0,0,0,12,,,,false,2026-08-13,,갱년기?폐경기 검사는 어디서 할까요~,cmsqs9zsd000004ldg36xz8rv
PRESERVE,실회원(providerId 숫자·비ADMIN) 작성 — 무조건 보존,USER,MENOPAUSE,true,44,564,0,0,0,0,0,5,,,,false,2026-07-28,,갱년기 때문 얼굴이 화끈,cms43q3au000404kzwk5wtpvh
PRESERVE,실회원(providerId 숫자·비ADMIN) 작성 — 무조건 보존,USER,STORY,true,41,276,0,0,0,0,0,5,,,,false,2026-07-28,달이-밝아요,달이 밝아요~~,cms4o9max000704laegbp11z8
PRESERVE,실회원(providerId 숫자·비ADMIN) 작성 — 무조건 보존,USER,STORY,true,41,1193,0,0,0,0,0,0,,,,false,2026-04-13,미국-이란-사태로-너무-힘듭니다,미국 이란 사태로 너무 힘듭니다...,cmnwxq1fo000004kyqoa18x31
PRESERVE,실회원(providerId 숫자·비ADMIN) 작성 — 무조건 보존,USER,LIFE2,true,37,436,0,1,0,0,0,6,,,,false,2026-07-29,가입인사,가입인사,cms5y8t4i000204jptluiw253
PRESERVE,실회원(providerId 숫자·비ADMIN) 작성 — 무조건 보존,USER,STORY,true,37,747,0,0,0,0,0,5,,,,false,2026-06-06,자연과-사랑,자연과 사랑,cmq23sqkn000104jo4pv7qk39
PRESERVE,실회원(providerId 숫자·비ADMIN) 작성 — 무조건 보존,USER,MENOPAUSE,true,25,209,0,1,0,0,0,1,,,,false,2026-09-05,,갱년기.. 자고 싶다.,cmtog37qv000004l6ayu7muli
PRESERVE,실회원(providerId 숫자·비ADMIN) 작성 — 무조건 보존,USER,STORY,true,25,397,0,5,0,0,0,10,,,,false,2026-07-06,천상소리-인사,천상소리 인사,cmr9szb4v000004jukcvggn3u
PRESERVE,실회원(providerId 숫자·비ADMIN) 작성 — 무조건 보존,USER,STORY,true,18,384,0,1,1,1,0,6,,,,false,2026-07-18,길음동너구리님의-첫인사,길음동너구리님의 첫인사,cmrqwwlfv000004ky1ihs2xyb
PRESERVE,실회원(providerId 숫자·비ADMIN) 작성 — 무조건 보존,USER,STORY,true,17,510,0,0,0,0,0,5,,,,false,2026-07-13,정아라미님의-첫인사,정아라미님의 첫인사,cmris1aaz000004jrjzkjl16n
PRESERVE,실회원 반응(댓글 1·공감 0·신고 0) — 사용자 활동이 붙어 있다,SHEET,STORY,false,16,386,0,1,0,0,0,4,,,,false,2026-08-07,경제적으로-독립할-수-있는-분은-이혼도-쉽겠죠,경제적으로 독립할 수 있는 분은 이혼도 쉽겠죠?,cmsilo0m9000d1g1uy5hp4p9t
PRESERVE,실회원(providerId 숫자·비ADMIN) 작성 — 무조건 보존,USER,STORY,true,16,874,0,0,0,1,0,6,,,,false,2026-06-21,브이톡님의-첫인사,브이톡님의 첫인사,cmqny5mgt000004l2ysb6osys
PRESERVE,실회원(providerId 숫자·비ADMIN) 작성 — 무조건 보존,USER,STORY,true,13,868,0,0,0,2,0,5,,,,false,2026-06-17,하이요님의-첫인사,하이요님의 첫인사,cmqhvdjkz000004l2xgtbivia
PRESERVE,실회원(providerId 숫자·비ADMIN) 작성 — 무조건 보존,USER,STORY,true,13,620,0,1,0,1,0,7,,,,false,2026-06-23,들꽃향기님의-첫인사,들꽃향기님의 첫인사,cmqr5g4bx000004ilouhlwfzk
PRESERVE,실회원(providerId 숫자·비ADMIN) 작성 — 무조건 보존,USER,STORY,true,12,458,0,0,0,0,0,5,,,,false,2026-07-28,알라딘님의-첫인사,알라딘님의 첫인사,cms3zokys000004js91zl3ew8
PRESERVE,실회원(providerId 숫자·비ADMIN) 작성 — 무조건 보존,USER,STORY,true,11,320,0,0,0,0,0,5,,,,false,2026-08-07,아프로디테님의-첫인사,아프로디테님의 첫인사,cmsi9pw3s000004l37lf31s51
PRESERVE,실회원(providerId 숫자·비ADMIN) 작성 — 무조건 보존,USER,STORY,true,11,460,0,1,0,0,0,6,,,,false,2026-07-07,커피향기님의-첫인사,커피향기님의 첫인사,cmr9zngop000004l5f983xz0f
PRESERVE,실회원(providerId 숫자·비ADMIN) 작성 — 무조건 보존,USER,STORY,true,10,347,0,0,0,0,0,5,,,,false,2026-06-09,솔로-인생-나도살고싶다,솔로 인생 나도살고싶다,cmq5w5kkg000504k0b26dfy2b
PRESERVE,실회원 반응(댓글 0·공감 1·신고 0) — 사용자 활동이 붙어 있다,SHEET,HUMOR,false,9,2551,0,0,1,0,0,1,,,,false,2026-05-16,화장실-문구에-웃음이-나와요,화장실 문구에 웃음이 나와요,cmp7y0r3j000dic4e8m3bs9zu
PRESERVE,실회원(providerId 숫자·비ADMIN) 작성 — 무조건 보존,USER,STORY,true,7,802,0,0,0,0,0,5,,,,false,2026-06-20,다은마미님의-첫인사,다은마미님의 첫인사,cmqm0ttaj000004lds7c0psyp
PRESERVE,실회원(providerId 숫자·비ADMIN) 작성 — 무조건 보존,USER,STORY,true,7,354,0,1,0,0,0,6,,,,false,2026-07-29,언니야행복하자님의-첫인사,언니야행복하자님의 첫인사,cms5ug54k000004jqzia6ze1r
PRESERVE,실회원(providerId 숫자·비ADMIN) 작성 — 무조건 보존,USER,STORY,true,5,434,0,0,0,0,0,5,,,,false,2026-07-28,잘웃는쿼카님의-첫인사,잘웃는쿼카님의 첫인사,cms4o8doa000004l851sg10zo
REVIEW,non-USER(SHEET)·실반응 0·실조회 0 — 정책 결정 필요(자동 판정 불가),SHEET,HUMOR,false,5644,682,0,0,0,0,0,1,,,,false,2026-05-13,애경-2080-리콜-이슈로-인한-치약-올바르게-선택하는-방법-정리AKA-치무위키,애경 2080 리콜 이슈로 인한 치약 올바르게 선택하는 방법 정리(AKA. 치무위키),cmp3luu2r000tlb3fccswhz24
REVIEW,non-USER(BOT)·실반응 0·실조회 0 — 정책 결정 필요(자동 판정 불가),BOT,MAGAZINE,false,3469,1262,0,0,0,0,0,0,,,,false,2026-07-18,하락장-내-투자-지금-괜찮을까,"하락장, 내 투자 지금 괜찮을까",cmrpstw0h000bgv2yiac4r29o
REVIEW,non-USER(BOT)·실반응 0·실조회 0 — 정책 결정 필요(자동 판정 불가),BOT,MAGAZINE,false,3457,1760,0,0,0,0,0,0,,,,false,2026-06-16,돈-공부-지금-시작해도-됩니다,"돈 공부, 지금 시작해도 됩니다",cmqg2j5090005eu2ym7nfrf0y
REVIEW,non-USER(BOT)·실반응 0·실조회 0 — 정책 결정 필요(자동 판정 불가),BOT,MAGAZINE,false,3428,1042,0,0,0,0,0,2,,,,false,2026-05-30,폭락장에도-흔들리지-않는-현금-댐,폭락장에도 흔들리지 않는 현금 댐,cmprrp5tk0002uh2y5b1uu5dl
REVIEW,non-USER(BOT)·실반응 0·실조회 0 — 정책 결정 필요(자동 판정 불가),BOT,MAGAZINE,false,3366,3369,0,0,0,0,0,0,,,,false,2026-06-05,완경-후-몸이-보내는-신호들,완경 후 몸이 보내는 신호들,cmq0cmyvr0004pt2yhrgr7xm4
REVIEW,non-USER(BOT)·실반응 0·실조회 0 — 정책 결정 필요(자동 판정 불가),BOT,MAGAZINE,false,3265,1776,0,0,0,0,0,0,,,,false,2026-08-13,더워도-시원해-보이는-50대-여름-코디,더워도 시원해 보이는 50대 여름 코디,cmsqxr3qg00047g2yok6x0vwn
REVIEW,non-USER(BOT)·실반응 0·실조회 0 — 정책 결정 필요(자동 판정 불가),BOT,MAGAZINE,false,3235,3091,0,0,0,0,0,0,,,,false,2026-06-06,폭락장-50대-돈-지키는-법,"폭락장, 50대 돈 지키는 법",cmq1rrrpf0002n02y1s913wzp
REVIEW,non-USER(BOT)·실반응 0·실조회 0 — 정책 결정 필요(자동 판정 불가),BOT,MAGAZINE,false,3230,1550,0,0,0,0,0,0,,,,false,2026-07-02,갱년기-영양제-추천-5가지-증상별로-이렇게-고르세요,"갱년기 영양제, 뭘 먹어야 할까요",cmr2xbr6a0002072yrni3bf7m
REVIEW,non-USER(BOT)·실반응 0·실조회 0 — 정책 결정 필요(자동 판정 불가),BOT,MAGAZINE,false,3220,1741,0,0,0,0,0,0,,,,false,2026-07-29,갱년기-나이-나만-이른-걸까요,"갱년기 나이, 나만 이른 걸까요",cms5i68ax0004522ya42gq2vm
REVIEW,non-USER(BOT)·실반응 0·실조회 0 — 정책 결정 필요(자동 판정 불가),BOT,MAGAZINE,false,3212,933,0,0,0,0,0,0,,,,false,2026-07-11,50대-플렉스-죄책감-없이-써도-돼요,"50대 플렉스, 죄책감 없이 써도 돼요",cmrfsl2290006cg2y2qam7egy
REVIEW,non-USER(BOT)·실반응 0·실조회 0 — 정책 결정 필요(자동 판정 불가),BOT,MAGAZINE,false,3197,1888,0,0,0,0,0,0,,,,false,2026-06-13,갱년기-몸이-보내는-신호들,갱년기 몸이 보내는 신호들,cmqbryyov00022r2yedlwat97
REVIEW,non-USER(BOT)·실반응 0·실조회 0 — 정책 결정 필요(자동 판정 불가),BOT,MAGAZINE,false,3189,2370,0,0,0,0,0,0,,,,false,2026-08-10,경주-걷기-편한-코스-추천,경주 걷기 편한 코스 추천,cmsmndhcz00047v2y357sa08x
REVIEW,non-USER(BOT)·실반응 0·실조회 0 — 정책 결정 필요(자동 판정 불가),BOT,MAGAZINE,false,3183,1477,0,0,0,0,0,0,,,,false,2026-06-16,내-몸이-달라졌다-50대-다이어트,"내 몸이 달라졌다, 50대 다이어트",cmqg2afe60002eu2yfytlr2ii
REVIEW,non-USER(BOT)·실반응 0·실조회 0 — 정책 결정 필요(자동 판정 불가),BOT,MAGAZINE,false,3180,1496,0,0,0,0,0,0,,,,false,2026-06-10,은퇴-전-1년-준비-체크리스트,"은퇴 전 1년, 준비 체크리스트",cmq7hksak0002pb2yvndhit18
REVIEW,non-USER(BOT)·실반응 0·실조회 0 — 정책 결정 필요(자동 판정 불가),BOT,MAGAZINE,false,3179,1636,0,0,0,0,0,0,,,,false,2026-06-22,은퇴-첫-1년-보릿고개-넘기기,"은퇴 첫 1년, 보릿고개 넘기기",cmqon2bpa0005782y124m4cy8
REVIEW,non-USER(BOT)·실반응 0·실조회 0 — 정책 결정 필요(자동 판정 불가),BOT,MAGAZINE,false,3138,1132,0,0,0,0,0,0,,,,false,2026-06-19,50대-친구를-다시-만드는-법,"50대, 친구를 다시 만드는 법",cmqkh9bgh0004em2ygr6dqo9h
REVIEW,non-USER(BOT)·실반응 0·실조회 0 — 정책 결정 필요(자동 판정 불가),BOT,MAGAZINE,false,3134,1437,0,0,0,0,0,0,,,,false,2026-06-17,나이-드는-게-무섭다고요,나이 드는 게 무섭다고요?,cmqhi8exa00081u2y8unnq0is
REVIEW,본문 금지 표현(노인) — SEO 노출면은 아니다. 문구 정정 후보,BOT,MAGAZINE,false,3126,998,0,0,0,0,0,0,,노인,,false,2026-07-17,내가-원하는-노후-돌봄-지금-설계하세요,"내가 원하는 노후 돌봄, 지금 설계하세요",cmrohjsec0007a62yjhuhfws7
REVIEW,non-USER(BOT)·실반응 0·실조회 0 — 정책 결정 필요(자동 판정 불가),BOT,MAGAZINE,false,3098,1420,0,0,0,0,0,0,,,,false,2026-08-20,2인-가구-생활비-이렇게-줄여요,"2인 가구 생활비, 이렇게 줄여요",cmt0xs7ac0004nv2y0b3dh77k
REVIEW,실제 SEO 노출면(title/description) 금지 표현(실버) — 삭제가 아니라 문구 정정 대상,BOT,MAGAZINE,false,3094,3844,0,0,0,0,0,2,실버,실버,,false,2026-06-04,노후-주거-시나리오-3가지-비교,노후 주거 시나리오 3가지 비교,cmpyxhh950008ak2ywkhpx4cv
REVIEW,non-USER(BOT)·실반응 0·실조회 0 — 정책 결정 필요(자동 판정 불가),BOT,MAGAZINE,false,3087,1881,0,0,0,0,0,0,,,,false,2026-07-27,50대-여자-외모가-달라져도-괜찮아요,"50대 여자, 외모가 달라져도 괜찮아요",cms2nab7z0004mc2yeug6hhzv
REVIEW,non-USER(BOT)·실반응 0·실조회 0 — 정책 결정 필요(자동 판정 불가),BOT,MAGAZINE,false,3074,2302,0,0,0,0,0,0,,,,false,2026-06-12,갱년기-4년-호르몬-치료-이제-답입니다,"갱년기 4년, 호르몬 치료 이제 답입니다",cmqagssqj00020x2y86ru8f33
REVIEW,non-USER(BOT)·실반응 0·실조회 0 — 정책 결정 필요(자동 판정 불가),BOT,MAGAZINE,false,3072,2126,0,0,0,0,0,0,,,,false,2026-07-28,50대-향수-하나로-달라져요,"50대, 향수 하나로 달라져요",cms470kbs0003et2yecacf2ql
REVIEW,non-USER(BOT)·실반응 0·실조회 0 — 정책 결정 필요(자동 판정 불가),BOT,MAGAZINE,false,3067,940,0,0,0,0,0,0,,,,false,2026-07-15,조기연금-vs-정상수령-내-선택은,"조기연금 vs 정상수령, 내 선택은?",cmrliiqqv0005vd2y38yi3q32
REVIEW,non-USER(BOT)·실반응 0·실조회 0 — 정책 결정 필요(자동 판정 불가),BOT,MAGAZINE,false,3043,1387,0,0,0,0,0,0,,,,false,2026-06-17,50대-몸의-반격-버틸까-치료받을까,"50대 몸의 반격, 버틸까 치료받을까",cmqhhxtxc00051u2ydgtcq8fg
REVIEW,non-USER(BOT)·실반응 0·실조회 0 — 정책 결정 필요(자동 판정 불가),BOT,MAGAZINE,false,3037,1024,0,0,0,0,0,0,,,,false,2026-07-15,퇴직-후-첫-한-달-뭐부터-해야-할까,"퇴직 후 첫 한 달, 뭐부터 해야 할까",cmrlmbvng0003t92yiixxj1tu
REVIEW,실제 SEO 노출면(title/description) 금지 표현(노인) — 삭제가 아니라 문구 정정 대상,BOT,MAGAZINE,false,3020,2004,0,0,0,0,0,0,노인,노인|시니어,노인,false,2026-08-08,노인일자리-몇-살부터-신청할까,"노인일자리, 몇 살부터 신청할까",cmsjsn10g0004np2y057yieuj
REVIEW,본문 금지 표현(실버) — SEO 노출면은 아니다. 문구 정정 후보,BOT,MAGAZINE,false,3013,1240,0,0,0,0,0,0,,실버,,false,2026-08-21,5060대-여행-할인-이렇게-찾으세요,"50·60대 여행 할인, 이렇게 찾으세요",cmt2dbxs50004mf2yaw2s39nt
REVIEW,non-USER(BOT)·실반응 0·실조회 0 — 정책 결정 필요(자동 판정 불가),BOT,MAGAZINE,false,3009,1106,0,0,0,0,0,0,,,,false,2026-07-15,퇴직-후-첫-한-달-이렇게-보내세요,"퇴직 후 첫 한 달, 이렇게 보내세요",cmrli21fn0003vd2yjw8tbvj7
REVIEW,non-USER(BOT)·실반응 0·실조회 0 — 정책 결정 필요(자동 판정 불가),BOT,MAGAZINE,false,3005,2315,0,0,0,0,0,0,,,,false,2026-06-13,귀촌-10년-진짜-시골-생활,"귀촌 10년, 진짜 시골 생활",cmqbs841j00052r2y0vfyava1
REVIEW,본문 금지 표현(노인) — SEO 노출면은 아니다. 문구 정정 후보,BOT,MAGAZINE,false,2996,804,0,0,0,0,0,0,,노인,,false,2026-07-17,요양병원-말고-내가-원하는-노후,"요양병원 말고, 내가 원하는 노후",cmrod9mcx00088q2y65a1blst
REVIEW,non-USER(BOT)·실반응 0·실조회 0 — 정책 결정 필요(자동 판정 불가),BOT,MAGAZINE,false,2993,2055,0,0,0,0,0,0,,,,false,2026-07-22,50대-아침-컨디션-왜-이럴까요,"50대 아침 컨디션, 왜 이럴까요",cmrvmf3e90003dy2yv0k6xo0e
REVIEW,non-USER(BOT)·실반응 0·실조회 0 — 정책 결정 필요(자동 판정 불가),BOT,MAGAZINE,false,2987,704,0,0,0,0,0,0,,,,false,2026-07-11,자녀방-이제-내-공간으로,"자녀방, 이제 내 공간으로",cmrfsbact0003cg2yirix2wb0
REVIEW,non-USER(BOT)·실반응 0·실조회 0 — 정책 결정 필요(자동 판정 불가),BOT,MAGAZINE,false,2982,3022,0,0,0,0,0,0,,,,false,2026-06-05,환율-폭풍-50대-돈-지키기,"환율 폭풍, 50대 돈 지키기",cmq0cd56y0002pt2y5x6e0kvz
REVIEW,non-USER(BOT)·실반응 0·실조회 0 — 정책 결정 필요(자동 판정 불가),BOT,MAGAZINE,false,2979,1882,0,0,0,0,0,0,,,,false,2026-06-11,은퇴-전-1년-체크리스트-총정리,"은퇴 전 1년, 체크리스트 총정리",cmq8x2nvh00025v2y7p8p8f28
REVIEW,non-USER(BOT)·실반응 0·실조회 0 — 정책 결정 필요(자동 판정 불가),BOT,MAGAZINE,false,2974,1132,0,0,0,0,0,0,,,,false,2026-06-20,퇴직금-IRP-왕초보도-할-수-있어요,"퇴직금 IRP, 왕초보도 할 수 있어요",cmqls30d40002nq2yzweu0jfo
REVIEW,본문 금지 표현(노인) — SEO 노출면은 아니다. 문구 정정 후보,BOT,MAGAZINE,false,2972,1350,0,0,0,0,0,0,,노인,,false,2026-06-17,부모님-간병-지금-준비하세요,"부모님 간병, 지금 준비하세요",cmqhhpz3100021u2yixjdr1hf
REVIEW,non-USER(BOT)·실반응 0·실조회 0 — 정책 결정 필요(자동 판정 불가),BOT,MAGAZINE,false,2969,1132,0,0,0,0,0,0,,,,false,2026-06-18,연금-인출-순서-이렇게-꺼내세요,"연금 인출 순서, 이렇게 꺼내세요",cmqj1o10y0005il2y9wtz8ap5
REVIEW,non-USER(BOT)·실반응 0·실조회 0 — 정책 결정 필요(자동 판정 불가),BOT,MAGAZINE,false,2961,1678,0,0,0,0,0,0,,,,false,2026-06-10,억울하게-늙지-않는-법,억울하게 늙지 않는 법,cmq7m5r1l0004u32yimkbgpsp
REVIEW,non-USER(BOT)·실반응 0·실조회 0 — 정책 결정 필요(자동 판정 불가),BOT,MAGAZINE,false,2953,1150,0,0,0,0,0,0,,,,false,2026-05-23,50대-이-검진은-꼭-받으세요,"50대, 이 검진은 꼭 받으세요",cmphriw160002hl2y2vdceal5
REVIEW,non-USER(BOT)·실반응 0·실조회 0 — 정책 결정 필요(자동 판정 불가),BOT,MAGAZINE,false,2947,2184,0,0,0,0,0,0,,,,false,2026-07-24,중장년-자격증-이렇게-따세요,"중장년 자격증, 이렇게 따세요",cmrycxo8q0004wu2y62z5r53t
REVIEW,non-USER(BOT)·실반응 0·실조회 0 — 정책 결정 필요(자동 판정 불가),BOT,MAGAZINE,false,2940,1116,0,0,0,0,0,0,,,,false,2026-06-20,50대-외로움-다가가지-못하는-이유,"50대 외로움, 다가가지 못하는 이유",cmqlwmtp40004t22yo9aqtvg1
REVIEW,non-USER(BOT)·실반응 0·실조회 0 — 정책 결정 필요(자동 판정 불가),BOT,MAGAZINE,false,2932,2218,0,0,0,0,0,0,,,,false,2026-06-13,시골살이-로망과-현실-사이,"시골살이, 로망과 현실 사이",cmqbw7bn10002bi2y520ydeg6
REVIEW,non-USER(BOT)·실반응 0·실조회 0 — 정책 결정 필요(자동 판정 불가),BOT,MAGAZINE,false,2906,791,0,0,0,0,0,2,,,,false,2026-05-15,은퇴-전-3년-자산-재편-실전법,"은퇴 전 3년, 자산 재편 실전법",cmp6owdvl0006a02yc1yh9j4t
REVIEW,non-USER(BOT)·실반응 0·실조회 0 — 정책 결정 필요(자동 판정 불가),BOT,MAGAZINE,false,2903,919,0,0,0,0,0,0,,,,false,2026-06-19,노후-자금-진짜-충분한가요,"노후 자금, 진짜 충분한가요?",cmqkgzghg0002em2yol4av9lu
REVIEW,실제 SEO 노출면(title/description) 금지 표현(노인) — 삭제가 아니라 문구 정정 대상,BOT,MAGAZINE,false,2900,955,0,0,0,0,0,0,노인,노인,노인,false,2026-07-04,60대-여자-일자리-찾는-법-파트타임-노인일자리사업-완벽-정리,"60대 여자 일자리, 지금 찾는 법",cmr5whll30002te2yj218bb55
REVIEW,non-USER(BOT)·실반응 0·실조회 0 — 정책 결정 필요(자동 판정 불가),BOT,MAGAZINE,false,2900,589,0,0,0,0,0,2,,,,false,2026-05-15,이-증상-병원-가야-할까요,"이 증상, 병원 가야 할까요?",cmp6oq02r0002a02ye3i334fq
REVIEW,non-USER(BOT)·실반응 0·실조회 0 — 정책 결정 필요(자동 판정 불가),BOT,MAGAZINE,false,2895,2349,0,0,0,1,0,0,,,,false,2026-06-12,IRP연금저축ISA-내-돈-그릇-순서,"IRP·연금저축·ISA, 내 돈 그릇 순서",cmqahxpny00050x2yn8wph98k
REVIEW,non-USER(BOT)·실반응 0·실조회 0 — 정책 결정 필요(자동 판정 불가),BOT,MAGAZINE,false,2895,1003,0,0,0,0,0,0,,,,false,2026-07-13,밤마다-식은땀-왜-이러는-걸까요,"밤마다 식은땀, 왜 이러는 걸까요?",cmrinfslo0006ph2y5h2syt8v
REVIEW,non-USER(BOT)·실반응 0·실조회 0 — 정책 결정 필요(자동 판정 불가),BOT,MAGAZINE,false,2888,1825,0,0,0,0,0,0,,,,false,2026-07-21,재취업-자격증-이렇게-준비하세요,"재취업 자격증, 이렇게 준비하세요",cmru6xvam00032d2yhkxkc7nd
REVIEW,non-USER(BOT)·실반응 0·실조회 0 — 정책 결정 필요(자동 판정 불가),BOT,MAGAZINE,false,2881,1697,0,0,0,0,0,0,,,,false,2026-06-10,자주-웃는-사람이-이깁니다,자주 웃는 사람이 이깁니다,cmq7hsq0j0004pb2yg36pzaps
REVIEW,non-USER(BOT)·실반응 0·실조회 0 — 정책 결정 필요(자동 판정 불가),BOT,MAGAZINE,false,2875,1865,0,0,0,0,0,0,,,,false,2026-07-20,며느리사위와-잘-지내는-법,며느리·사위와 잘 지내는 법,cmrsnh4p30008vx2yofubodfw
REVIEW,non-USER(BOT)·실반응 0·실조회 0 — 정책 결정 필요(자동 판정 불가),BOT,MAGAZINE,false,2870,1375,0,0,0,0,0,0,,,,false,2026-08-18,50대-관계-정리가-편해지는-법,"50대, 관계 정리가 편해지는 법",cmsy2xtco0004ze2yxlr73kfu
REVIEW,non-USER(BOT)·실반응 0·실조회 0 — 정책 결정 필요(자동 판정 불가),BOT,MAGAZINE,false,2868,1382,0,0,0,0,0,0,,,,false,2026-07-06,국민연금-조기수령-vs-연기수령-65세-기준-득실-완벽-비교,"국민연금, 일찍 vs 늦게 받기",cmr8rdl4u00021v2ytaryrlwf
REVIEW,non-USER(BOT)·실반응 0·실조회 0 — 정책 결정 필요(자동 판정 불가),BOT,MAGAZINE,false,2866,3185,0,0,0,0,0,2,,,,false,2026-06-04,내-아이-입시-언제까지-함께-떨어야-할까,"내 아이 입시, 언제까지 함께 떨어야 할까",cmpyxajie0005ak2yp2tnm4q7
REVIEW,non-USER(BOT)·실반응 0·실조회 0 — 정책 결정 필요(자동 판정 불가),BOT,MAGAZINE,false,2864,1087,0,0,0,0,0,0,,,,false,2026-07-13,관절에-좋은-음식-TOP-7,관절에 좋은 음식 TOP 7,cmrin5mhm0003ph2y02vmq73c
REVIEW,non-USER(BOT)·실반응 0·실조회 0 — 정책 결정 필요(자동 판정 불가),BOT,MAGAZINE,false,2861,985,0,0,0,0,0,2,,,,false,2026-05-30,50대-몸의-복합-신호-같이-읽어요,"50대 몸의 복합 신호, 같이 읽어요",cmprrvn620004uh2y51w2mcgn
REVIEW,non-USER(BOT)·실반응 0·실조회 0 — 정책 결정 필요(자동 판정 불가),BOT,MAGAZINE,false,2861,1011,0,0,0,0,0,2,,,,false,2026-04-02,,"혈당도, 콜레스테롤도 — 두 마리 토끼, 밥상에서 잡아요",cmnhdqagt0001ye383zu1zmbv
REVIEW,non-USER(BOT)·실반응 0·실조회 0 — 정책 결정 필요(자동 판정 불가),BOT,MAGAZINE,false,2859,1622,0,0,0,0,0,0,,,,false,2026-07-30,50대-남자-친구-만들어도-돼요,"50대 남자, 친구 만들어도 돼요",cms71y7u40003ao2yils0t8aj
REVIEW,non-USER(BOT)·실반응 0·실조회 0 — 정책 결정 필요(자동 판정 불가),BOT,MAGAZINE,false,2858,1498,0,0,0,0,0,0,,,,false,2026-08-17,통영남해-남도-해안길의-매력,"통영·남해, 남도 해안길의 매력",cmswni3p10004402yjktc1xot
REVIEW,non-USER(BOT)·실반응 0·실조회 0 — 정책 결정 필요(자동 판정 불가),BOT,MAGAZINE,false,2858,1370,0,0,0,0,0,0,,,,false,2026-07-30,흰머리-염색약-이렇게-고르세요,"흰머리 염색약, 이렇게 고르세요",cms6xm3yb0004uy2yoms9uyh2
REVIEW,non-USER(BOT)·실반응 0·실조회 0 — 정책 결정 필요(자동 판정 불가),BOT,MAGAZINE,false,2856,1358,0,0,0,0,0,0,,,,false,2026-07-03,50대-커뮤니티-추천-나이대-맞는-곳-어디-있을까,"커뮤니티, 나이대가 맞아야 편해요",cmr4cs7lg00021q2y10htkbjt
REVIEW,non-USER(BOT)·실반응 0·실조회 0 — 정책 결정 필요(자동 판정 불가),BOT,MAGAZINE,false,2855,1120,0,0,0,0,0,0,,,,false,2026-08-22,당뇨-있을-때-피해야-할-음식,당뇨 있을 때 피해야 할 음식,cmt3spvus0004zr2ym45f19ye
REVIEW,non-USER(BOT)·실반응 0·실조회 0 — 정책 결정 필요(자동 판정 불가),BOT,MAGAZINE,false,2852,1603,0,0,0,0,0,0,,,,false,2026-06-16,잘-자야-잘-산다-수면-루틴,"잘 자야 잘 산다, 수면 루틴",cmqg2pl6s0007eu2ykza39v6a
REVIEW,non-USER(BOT)·실반응 0·실조회 0 — 정책 결정 필요(자동 판정 불가),BOT,MAGAZINE,false,2852,1478,0,0,0,0,0,0,,,,false,2026-07-01,50대-여성-밤에-식은땀-나는-이유-3가지와-골다공증-검사-주기,"50대 여성, 밤에 식은땀 나는 이유",cmr1i0oxi0002ak2ycsdb5aad
REVIEW,non-USER(BOT)·실반응 0·실조회 0 — 정책 결정 필요(자동 판정 불가),BOT,MAGAZINE,false,2844,1836,0,0,0,0,0,0,,,,false,2026-07-29,돈-싸움-부부를-갈라놓나요,"돈 싸움, 부부를 갈라놓나요",cms5mfd0g0003qz2yiv7t18vl
REVIEW,non-USER(BOT)·실반응 0·실조회 0 — 정책 결정 필요(자동 판정 불가),BOT,MAGAZINE,false,2840,651,0,0,0,0,0,0,,,,false,2026-07-16,폭락장-50대-돈-관리-핵심,"폭락장, 50대 돈 관리 핵심",cmrmxqf440008q22y3q9zzs66
REVIEW,본문 금지 표현(어르신) — SEO 노출면은 아니다. 문구 정정 후보,BOT,MAGAZINE,false,2833,2227,0,0,0,0,0,0,,어르신,,false,2026-08-05,국민연금-늦게-받으면-얼마나-더-받나요,"국민연금, 늦게 받으면 얼마나 더 받나요",cmsfmiani00031m2ya40tztj9
REVIEW,non-USER(BOT)·실반응 0·실조회 0 — 정책 결정 필요(자동 판정 불가),BOT,MAGAZINE,false,2830,1011,0,0,0,0,0,0,,,,false,2026-07-14,폭락장에서-내-돈-지키는-법,폭락장에서 내 돈 지키는 법,cmrk2w3x900051y2yc4b5eu0x
REVIEW,non-USER(BOT)·실반응 0·실조회 0 — 정책 결정 필요(자동 판정 불가),BOT,MAGAZINE,false,2828,1021,0,0,0,0,0,0,,,,false,2026-06-18,갱년기-몸과-마음-사용설명서,갱년기 몸과 마음 사용설명서,cmqj1f9ul0002il2yn7utvefz
REVIEW,non-USER(BOT)·실반응 0·실조회 0 — 정책 결정 필요(자동 판정 불가),BOT,MAGAZINE,false,2825,1954,0,0,0,0,0,0,,,,false,2026-06-11,퇴직-D100-설레야-하는데-왜-무서울까,"퇴직 D-100, 설레야 하는데 왜 무서울까?",cmq91c4jj00022p2yjnm9iz5n
REVIEW,non-USER(BOT)·실반응 0·실조회 0 — 정책 결정 필요(자동 판정 불가),BOT,MAGAZINE,false,2821,1613,0,0,0,0,0,0,,,,false,2026-06-10,은퇴-준비-1년으론-부족해요,"은퇴 준비, 1년으론 부족해요",cmq7lvi1x0002u32yj0hehhev
REVIEW,non-USER(BOT)·실반응 0·실조회 0 — 정책 결정 필요(자동 판정 불가),BOT,MAGAZINE,false,2817,2011,0,0,0,0,0,0,,,,false,2026-07-17,하락장-50대-돈-지키는-법,"하락장, 50대 돈 지키는 법",cmrohavfd0004a62ylwvcnms5
REVIEW,non-USER(BOT)·실반응 0·실조회 0 — 정책 결정 필요(자동 판정 불가),BOT,MAGAZINE,false,2815,1245,0,0,0,0,0,0,,,,false,2026-07-09,갱년기-나이-여자-증상-8가지와-대처법-완벽-정리,"갱년기 나이, 여자라면 꼭 알아야 할 것",cmrd1oyee0002r12yo4vc0xtm
REVIEW,non-USER(BOT)·실반응 0·실조회 0 — 정책 결정 필요(자동 판정 불가),BOT,MAGAZINE,false,2813,1096,0,0,0,0,0,0,,,,false,2026-07-14,취업-못-한-내-아이-어디까지-도와줘야-할까,"취업 못 한 내 아이, 어디까지 도와줘야 할까",cmrk3652700071y2yvwienzc8
REVIEW,non-USER(BOT)·실반응 0·실조회 0 — 정책 결정 필요(자동 판정 불가),BOT,MAGAZINE,false,2807,687,0,0,0,0,0,0,,,,false,2026-07-16,40년-싸워도-함께인-이유,40년 싸워도 함께인 이유,cmrmxxkzd000bq22y9fdfktis
REVIEW,non-USER(BOT)·실반응 0·실조회 0 — 정책 결정 필요(자동 판정 불가),BOT,MAGAZINE,false,2806,1636,0,0,0,0,0,0,,,,false,2026-08-15,갱년기-우울감-혼자-이겨내는-법,"갱년기 우울감, 혼자 이겨내는 법",cmstsodyw0004oi2ylxef9cbv
REVIEW,non-USER(BOT)·실반응 0·실조회 0 — 정책 결정 필요(자동 판정 불가),BOT,MAGAZINE,false,2795,853,0,0,0,0,0,0,,,,false,2026-07-14,퇴직금-IRP-세금-얼마나-아낄까,"퇴직금 IRP, 세금 얼마나 아낄까",cmrk2mne600031y2yfuy2om1r
REVIEW,non-USER(BOT)·실반응 0·실조회 0 — 정책 결정 필요(자동 판정 불가),BOT,MAGAZINE,false,2793,896,0,0,0,0,0,0,,,,false,2026-07-04,50대-여성-부부-친밀감-회복-갱년기-이후-관계-변화-대처법-5가지,"50대 여성, 부부 친밀감 되찾는 법",cmr5s7obq0002f02y64ou2yq8
REVIEW,non-USER(BOT)·실반응 0·실조회 0 — 정책 결정 필요(자동 판정 불가),BOT,MAGAZINE,false,2789,2415,0,0,0,0,0,0,,,,false,2026-07-17,손절할까-홀딩할까,"손절할까, 홀딩할까",cmrod0dnd00058q2ymk8capyz
REVIEW,non-USER(BOT)·실반응 0·실조회 0 — 정책 결정 필요(자동 판정 불가),BOT,MAGAZINE,false,2787,936,0,0,0,0,0,2,,,,false,2026-05-16,퇴직금-IRP-지금-정리해요,"퇴직금 IRP, 지금 정리해요",cmp7pekds0002ik2ygd5vntpk
REVIEW,non-USER(BOT)·실반응 0·실조회 0 — 정책 결정 필요(자동 판정 불가),BOT,MAGAZINE,false,2784,2556,0,0,0,0,0,0,,,,false,2026-06-11,갱년기-몸무게-급변-내-몸에-무슨-일,"갱년기 몸무게 급변, 내 몸에 무슨 일?",cmq91kn8v00042p2y3zt5u6ue
REVIEW,non-USER(BOT)·실반응 0·실조회 0 — 정책 결정 필요(자동 판정 불가),BOT,MAGAZINE,false,2781,1728,0,0,0,0,0,0,,,,false,2026-08-07,중년에-새-친구-이렇게-사귀어요,"중년에 새 친구, 이렇게 사귀어요",cmsid5k2p0004lb2ykb54p3xz
REVIEW,non-USER(BOT)·실반응 0·실조회 0 — 정책 결정 필요(자동 판정 불가),BOT,MAGAZINE,false,2778,1226,0,0,0,0,0,0,,,,false,2026-07-13,은퇴-후-첫-3개월-이-혼란-정상이에요,"은퇴 후 첫 3개월, 이 혼란 정상이에요",cmriribig0002wx2yfr6yt6co
REVIEW,non-USER(BOT)·실반응 0·실조회 0 — 정책 결정 필요(자동 판정 불가),BOT,MAGAZINE,false,2778,1473,0,0,0,0,0,0,,,,false,2026-07-07,갱년기-부부-관계-변화-황혼이혼-생각-전에-꼭-읽어보세요,"갱년기, 부부 사이 왜 멀어질까요",cmra2k1nk0002nr2ym1n6o73w
REVIEW,non-USER(BOT)·실반응 0·실조회 0 — 정책 결정 필요(자동 판정 불가),BOT,MAGAZINE,false,2776,2268,0,0,0,0,0,0,,,,false,2026-06-29,갱년기-질건조증-치료제-종류-4가지-어떻게-선택할까,"갱년기 질건조증 치료제, 뭐가 맞을까",cmqyn3jmr0002nv2yjj1ijjwi
REVIEW,non-USER(BOT)·실반응 0·실조회 0 — 정책 결정 필요(자동 판정 불가),BOT,MAGAZINE,false,2767,918,0,0,0,0,0,0,,,,false,2026-07-11,밥-짓는-삶-잠깐-내려놔도-돼요,"밥 짓는 삶, 잠깐 내려놔도 돼요",cmrfsu7vv0008cg2ybwt3of0m
REVIEW,non-USER(BOT)·실반응 0·실조회 0 — 정책 결정 필요(자동 판정 불가),BOT,MAGAZINE,false,2767,615,0,0,0,0,0,2,,,,false,2026-04-01,,"병원 다녀도 낫지 않는 그 통증, 혹시 이런 신호 아닐까요? — 부위별 셀프 체크리스트",cmnfil7i10001zb38mq26pnuo
REVIEW,non-USER(BOT)·실반응 0·실조회 0 — 정책 결정 필요(자동 판정 불가),BOT,MAGAZINE,false,2759,1865,0,0,0,0,0,0,,,,false,2026-06-30,퇴직금-IRP-해지-방법-완벽-정리-세금-절차-주의사항,"퇴직금 IRP 해지, 손해 없이 하려면",cmr02ignt0002uy2yl5bmrumq
REVIEW,non-USER(BOT)·실반응 0·실조회 0 — 정책 결정 필요(자동 판정 불가),BOT,MAGAZINE,false,2757,1704,0,0,0,0,0,0,,,,false,2026-07-31,혼밥-1인분으로-줄이는-법,"혼밥, 1인분으로 줄이는 법",cms8d1hp30004bd2yjeqcsg2q
REVIEW,non-USER(BOT)·실반응 0·실조회 0 — 정책 결정 필요(자동 판정 불가),BOT,MAGAZINE,false,2749,2238,0,0,0,0,0,0,,,,false,2026-08-11,관절에-좋은-콜라겐-음식-5가지,관절에 좋은 콜라겐 음식 5가지,cmso2tmsa0004ke2y50f0d3es
REVIEW,non-USER(BOT)·실반응 0·실조회 0 — 정책 결정 필요(자동 판정 불가),BOT,MAGAZINE,false,2745,2760,0,0,0,0,0,4,,,,false,2026-06-02,계좌가-수익률을-바꾼다,계좌가 수익률을 바꾼다,cmpw1w9f300022q2yqjxthv8i
REVIEW,non-USER(BOT)·실반응 0·실조회 0 — 정책 결정 필요(자동 판정 불가),BOT,MAGAZINE,false,2742,1981,0,0,0,0,0,0,,,,false,2026-07-28,연금저축-세액공제-안-받으면-얼마나-손해일까요,연금저축 세액공제 안 받으면 얼마나 손해일까요,cms42qba20004p62y6h93wh0t
REVIEW,본문 금지 표현(노인) — SEO 노출면은 아니다. 문구 정정 후보,BOT,MAGAZINE,false,2739,1201,0,0,0,0,0,0,,노인,,false,2026-07-08,중장년-취업-자격증-추천-5가지-비용-지원-받는-법-완벽-정리,"중장년 자격증, 지금 따도 될까요",cmrbhyyxh0002302y2d75xdgz
REVIEW,non-USER(BOT)·실반응 0·실조회 0 — 정책 결정 필요(자동 판정 불가),BOT,MAGAZINE,false,2738,2168,0,0,0,0,0,0,,,,false,2026-08-01,중년-혼자-등산-이렇게-시작해요,"중년 혼자 등산, 이렇게 시작해요",cms9sgtke0004k12ysxhvjis6
REVIEW,non-USER(BOT)·실반응 0·실조회 0 — 정책 결정 필요(자동 판정 불가),BOT,MAGAZINE,false,2738,844,0,0,0,0,0,0,,,,false,2026-07-10,빈-둥지-증후군-증상-5가지와-자녀-독립-후-허전함-극복법,"빈 둥지 증후군, 증상과 극복법",cmrecvgqi0002c92y3mzyys54
REVIEW,non-USER(BOT)·실반응 0·실조회 0 — 정책 결정 필요(자동 판정 불가),BOT,MAGAZINE,false,2720,2087,0,0,0,0,0,0,,,,false,2026-07-23,퇴직-후-건강보험-이렇게-하세요,"퇴직 후 건강보험, 이렇게 하세요",cmrwxj5c900042c2yip97n8d1
REVIEW,non-USER(BOT)·실반응 0·실조회 0 — 정책 결정 필요(자동 판정 불가),BOT,MAGAZINE,false,2715,3075,0,0,0,0,0,0,,,,false,2026-06-08,거실을-내-취미실로-바꾸는-법,거실을 내 취미실로 바꾸는 법,cmq4mr7gy00027p2yi7fsajuo
REVIEW,non-USER(BOT)·실반응 0·실조회 0 — 정책 결정 필요(자동 판정 불가),BOT,MAGAZINE,false,2701,1845,0,0,0,0,0,0,,,,false,2026-08-06,남편-퇴직-후-나는-왜-이렇게-지쳐갈까,"남편 퇴직 후, 나는 왜 이렇게 지쳐갈까",cmsgxnhud00040g2y1ur8kzt2
REVIEW,non-USER(BOT)·실반응 0·실조회 0 — 정책 결정 필요(자동 판정 불가),BOT,MAGAZINE,false,2698,1208,0,0,0,0,0,0,,,,false,2026-06-18,50대-외로움-이렇게-채웁니다,"50대 외로움, 이렇게 채웁니다",cmqj1xxqn0007il2y8s1b5h5g
REVIEW,실제 SEO 노출면(title/description) 금지 표현(노인) — 삭제가 아니라 문구 정정 대상,BOT,MAGAZINE,false,2689,2197,0,0,0,0,0,0,노인,노인|시니어,노인,false,2026-07-23,노인일자리사업-나도-신청할-수-있을까요,"노인일자리사업, 나도 신청할 수 있을까요",cmrx1tbv80003q62yqzmo6u8n
REVIEW,non-USER(BOT)·실반응 0·실조회 0 — 정책 결정 필요(자동 판정 불가),BOT,MAGAZINE,false,2686,1714,0,0,0,0,0,0,,,,false,2026-06-26,50대-자격증-뭐가-유리할까,"50대 자격증, 뭐가 유리할까",cmquco26c00027u2y7zwk6zah
REVIEW,non-USER(BOT)·실반응 0·실조회 0 — 정책 결정 필요(자동 판정 불가),BOT,MAGAZINE,false,2672,965,0,0,0,0,0,0,,,,false,2026-05-23,지금-당장-예약하세요,지금 당장 예약하세요,cmphvt8sm0002lj2yqkqftclf
REVIEW,non-USER(BOT)·실반응 0·실조회 0 — 정책 결정 필요(자동 판정 불가),BOT,MAGAZINE,false,2671,1114,0,0,0,0,0,0,,,,false,2026-06-20,IRPETF-왕초보-생존-가이드,"IRP·ETF, 왕초보 생존 가이드",cmqlwdmd10002t22ygu13msq9
REVIEW,non-USER(BOT)·실반응 0·실조회 0 — 정책 결정 필요(자동 판정 불가),BOT,MAGAZINE,false,2662,3201,0,0,0,0,0,4,,,,false,2026-06-04,갱년기-몸이-보내는-신호-읽기,"갱년기, 몸이 보내는 신호 읽기",cmpyx46uu0002ak2ytat1ze5t
REVIEW,non-USER(BOT)·실반응 0·실조회 0 — 정책 결정 필요(자동 판정 불가),BOT,MAGAZINE,false,2656,702,0,0,0,0,0,2,,,,false,2026-04-01,,"호르몬 치료, 시작하길 잘했어요 — 2년 차 솔직 후기",cmnfrok4h0003yv38m48or7bj
REVIEW,non-USER(BOT)·실반응 0·실조회 0 — 정책 결정 필요(자동 판정 불가),BOT,MAGAZINE,false,2652,668,0,0,0,0,0,2,,,,false,2026-04-02,,"50대 면역력, 지금이 골든타임이에요 — 대상포진·장염·감기 예방 생활 습관 총정리",cmngxeq430003yf38kq81e9ur
REVIEW,non-USER(BOT)·실반응 0·실조회 0 — 정책 결정 필요(자동 판정 불가),BOT,MAGAZINE,false,2644,3762,0,0,0,0,0,0,,,,false,2026-06-05,주책이-아니라-나다움입니다,주책이 아니라 나다움입니다,cmq0cund00007pt2yv85srxjx
REVIEW,non-USER(BOT)·실반응 0·실조회 0 — 정책 결정 필요(자동 판정 불가),BOT,MAGAZINE,false,2642,1332,0,0,0,0,0,0,,,,false,2026-06-20,내-몸이-보내는-신호-4가지,내 몸이 보내는 신호 4가지,cmqlwvjox0006t22yk22qj0zj
REVIEW,non-USER(BOT)·실반응 0·실조회 0 — 정책 결정 필요(자동 판정 불가),BOT,MAGAZINE,false,2635,1229,0,0,0,0,0,0,,,,false,2026-05-19,팔까-말까-그-망설임의-정체,"팔까 말까, 그 망설임의 정체",cmpc1rfhm00059s2ypsb4cxnz
REVIEW,non-USER(BOT)·실반응 0·실조회 0 — 정책 결정 필요(자동 판정 불가),BOT,MAGAZINE,false,2624,1891,0,0,0,0,0,0,,,,false,2026-07-25,중년에-친구-만들기-어렵지-않아요,"중년에 친구 만들기, 어렵지 않아요",cmrzsg3uu0004212yoi69lx76
REVIEW,non-USER(BOT)·실반응 0·실조회 0 — 정책 결정 필요(자동 판정 불가),BOT,MAGAZINE,false,2615,995,0,0,0,0,0,0,,,,false,2026-07-18,비-오는-날-우리가-발견한-것들,"비 오는 날, 우리가 발견한 것들",cmrpsiaz70008gv2yuoad9f3m
REVIEW,non-USER(BOT)·실반응 0·실조회 0 — 정책 결정 필요(자동 판정 불가),BOT,MAGAZINE,false,2612,2627,0,0,0,0,0,0,,,,false,2026-08-03,인공관절-꼭-해야-할까요,"인공관절, 꼭 해야 할까요",cmscneob60004ep2ylfrxfxcd
REVIEW,non-USER(BOT)·실반응 0·실조회 0 — 정책 결정 필요(자동 판정 불가),BOT,MAGAZINE,false,2606,1820,0,0,0,0,0,0,,,,false,2026-06-26,60대-갱년기-언제-끝나나요,"60대 갱년기, 언제 끝나나요",cmqugy3pp0002dp2ycfzhct6w
REVIEW,non-USER(BOT)·실반응 0·실조회 0 — 정책 결정 필요(자동 판정 불가),BOT,MAGAZINE,false,2606,1040,0,0,0,0,0,0,,,,false,2026-05-21,은퇴-첫-해-이것만-챙기세요,"은퇴 첫 해, 이것만 챙기세요",cmpewlyuf0002a82y75018uph
REVIEW,non-USER(BOT)·실반응 0·실조회 0 — 정책 결정 필요(자동 판정 불가),BOT,MAGAZINE,false,2605,2060,0,0,0,0,0,0,,,,false,2026-06-09,50대-건강검진-이건-꼭-받으세요,"50대 건강검진, 이건 꼭 받으세요",cmq66gy190002r02yd3wfd787
REVIEW,non-USER(BOT)·실반응 0·실조회 0 — 정책 결정 필요(자동 판정 불가),BOT,MAGAZINE,false,2601,1164,0,0,0,0,0,0,,,,false,2026-07-06,자녀-독립-후-허전함-빈-둥지-증후군-극복법-5가지,"자녀 독립 후 허전함, 빈둥지 증후군",cmr8n2j4d0002rr2yfv2e5m0t
REVIEW,non-USER(BOT)·실반응 0·실조회 0 — 정책 결정 필요(자동 판정 불가),BOT,MAGAZINE,false,2592,598,0,0,0,0,0,2,,,,false,2026-04-01,,"갱년기, 숨기지 말고 이야기합시다 — 호르몬 치료 2년차의 솔직한 고백",cmnfinmw30005zb38dil7bms4
REVIEW,non-USER(BOT)·실반응 0·실조회 0 — 정책 결정 필요(자동 판정 불가),BOT,MAGAZINE,false,2572,2575,0,0,0,0,0,0,,,,false,2026-06-11,주식-멘탈-50대가-살아남는-법,"주식 멘탈, 50대가 살아남는 법",cmq91vbpn00072p2yzbojtsbq
REVIEW,non-USER(BOT)·실반응 0·실조회 0 — 정책 결정 필요(자동 판정 불가),BOT,MAGAZINE,false,2571,844,0,0,0,0,0,2,,,,false,2026-05-15,혼자인-시간-나를-채우다,"혼자인 시간, 나를 채우다",cmp6p397m0008a02y49nbfj7f
REVIEW,non-USER(BOT)·실반응 0·실조회 0 — 정책 결정 필요(자동 판정 불가),BOT,MAGAZINE,false,2558,1481,0,0,0,0,0,0,,,,false,2026-06-25,국민연금-조기수령-득일까-실일까,"국민연금 조기수령, 득일까 실일까",cmqsxarbb0002vy2ya9x353i6
REVIEW,non-USER(BOT)·실반응 0·실조회 0 — 정책 결정 필요(자동 판정 불가),BOT,MAGAZINE,false,2555,1694,0,0,0,0,0,0,,,,false,2026-06-23,자녀-떠난-집-내-마음-돌보기,"자녀 떠난 집, 내 마음 돌보기",cmqq6njs30002cb2y1ndnt5v4
REVIEW,non-USER(BOT)·실반응 0·실조회 0 — 정책 결정 필요(자동 판정 불가),BOT,MAGAZINE,false,2555,1583,0,0,0,0,0,0,,,,false,2026-06-25,갱년기-질건조증-참지-마세요,"갱년기 질건조증, 참지 마세요",cmqt1hzgp0002ty2y1efk4402
REVIEW,non-USER(BOT)·실반응 0·실조회 0 — 정책 결정 필요(자동 판정 불가),BOT,MAGAZINE,false,2550,2149,0,0,0,0,0,0,,,,false,2026-06-15,주방-정리-이렇게-하니-편해요,"주방 정리, 이렇게 하니 편해요",cmqemtvjq0002th2y0i6khjgl
REVIEW,non-USER(BOT)·실반응 0·실조회 0 — 정책 결정 필요(자동 판정 불가),BOT,MAGAZINE,false,2544,1734,0,0,0,0,0,0,,,,false,2026-06-23,갱년기-다이어트-이렇게-달라요,"갱년기 다이어트, 이렇게 달라요",cmqq2gilp0002h22yb2q8goel
REVIEW,non-USER(BOT)·실반응 0·실조회 0 — 정책 결정 필요(자동 판정 불가),BOT,MAGAZINE,false,2541,2785,0,0,0,0,0,2,,,,false,2026-06-01,빈방-활용-아이디어-5가지,빈방 활용 아이디어 5가지,cmpumhpq10002ri2ywwp0aijb
REVIEW,non-USER(BOT)·실반응 0·실조회 0 — 정책 결정 필요(자동 판정 불가),BOT,MAGAZINE,false,2538,1033,0,0,0,0,0,2,,,,false,2026-04-02,,국가검진 말고 뭘 더 받아야 할까? 50대 건강검진 완전정복,cmnh6ojex0001yh380gekyg3q
REVIEW,non-USER(BOT)·실반응 0·실조회 0 — 정책 결정 필요(자동 판정 불가),BOT,MAGAZINE,false,2537,533,0,0,0,0,0,0,,,,false,2026-07-16,빈-둥지-증후군-이렇게-넘겨요,"빈 둥지 증후군, 이렇게 넘겨요",cmrmxhcsn0004q22yzp6v6tzu
REVIEW,non-USER(BOT)·실반응 0·실조회 0 — 정책 결정 필요(자동 판정 불가),BOT,MAGAZINE,false,2533,1825,0,0,0,0,0,0,,,,false,2026-07-22,50대-살빼는-법-지금부터가-진짜,"50대 살빼는 법, 지금부터가 진짜",cmrvi34jj0004832ysj4oyfa5
REVIEW,non-USER(BOT)·실반응 0·실조회 0 — 정책 결정 필요(자동 판정 불가),BOT,MAGAZINE,false,2532,989,0,0,0,0,0,0,,,,false,2026-07-15,혼자여도-괜찮아-연결이-답이에요,"혼자여도 괜찮아, 연결이 답이에요",cmrlmkmlr0006t92yyl0ik7er
REVIEW,non-USER(BOT)·실반응 0·실조회 0 — 정책 결정 필요(자동 판정 불가),BOT,MAGAZINE,false,2531,1549,0,0,0,0,0,0,,,,false,2026-08-19,자격증-비용-나라가-대줘요,"자격증 비용, 나라가 대줘요",cmszidhuu0004s82ytaeqq4vw
REVIEW,non-USER(BOT)·실반응 0·실조회 0 — 정책 결정 필요(자동 판정 불가),BOT,MAGAZINE,false,2521,1059,0,0,0,0,0,3,,,,false,2026-05-27,혈압-낮추는-식습관-3가지,혈압 낮추는 식습관 3가지,cmpnlkjq40002eb2yegknyo9i
REVIEW,non-USER(BOT)·실반응 0·실조회 0 — 정책 결정 필요(자동 판정 불가),BOT,MAGAZINE,false,2517,1736,0,0,0,0,0,0,,,,false,2026-08-14,갱년기-두근거림-심장-이상일까요,"갱년기 두근거림, 심장 이상일까요?",cmssd7pss00048b2y4u09s0me
REVIEW,non-USER(BOT)·실반응 0·실조회 0 — 정책 결정 필요(자동 판정 불가),BOT,MAGAZINE,false,2511,1821,0,0,0,0,0,0,,,,false,2026-08-12,동네-독서모임-이렇게-시작해요,"동네 독서모임, 이렇게 시작해요",cmspid1k60004k82yk3yftgqc
REVIEW,non-USER(BOT)·실반응 0·실조회 0 — 정책 결정 필요(자동 판정 불가),BOT,MAGAZINE,false,2482,1044,0,0,0,0,0,0,,,,false,2026-05-18,같이-살아도-각자가-필요해,같이 살아도 각자가 필요해,cmpaqmu4h0005gl2y34rl9yvh
REVIEW,non-USER(BOT)·실반응 0·실조회 0 — 정책 결정 필요(자동 판정 불가),BOT,MAGAZINE,false,2480,1581,0,0,0,0,0,0,,,,false,2026-07-20,관절염-예방-무리-없이-운동하는-법,"관절염 예방, 무리 없이 운동하는 법",cmrsn7u7j0004vx2yqlwzqaqc
REVIEW,non-USER(BOT)·실반응 0·실조회 0 — 정책 결정 필요(자동 판정 불가),BOT,MAGAZINE,false,2470,1121,0,0,0,0,0,0,,,,false,2026-05-21,갱년기-언제-끝나요,"갱년기, 언제 끝나요?",cmpf0xgqv0002jo2ytqpmw3dt
REVIEW,non-USER(BOT)·실반응 0·실조회 0 — 정책 결정 필요(자동 판정 불가),BOT,MAGAZINE,false,2448,1068,0,0,0,0,0,0,,,,false,2026-04-02,,"자비 검진, 뭘 더 받아야 할까요? — 내 몸에 꼭 맞는 추가 검진 완전 가이드",cmnhdshxz0003ye38ablrnnnr
REVIEW,non-USER(BOT)·실반응 0·실조회 0 — 정책 결정 필요(자동 판정 불가),BOT,MAGAZINE,false,2434,892,0,0,0,0,0,0,,,,false,2026-07-18,주방-기름때-베이킹소다로-싹,"주방 기름때, 베이킹소다로 싹",cmrpsb5yu0004gv2y2os9iet3
REVIEW,non-USER(BOT)·실반응 0·실조회 0 — 정책 결정 필요(자동 판정 불가),BOT,MAGAZINE,false,2407,1024,0,0,0,0,0,2,,,,false,2026-05-16,60세-투자-아직-늦지-않았어요,"60세 투자, 아직 늦지 않았어요",cmp7w1vbr0005eb2yl5m4n1lr
REVIEW,non-USER(BOT)·실반응 0·실조회 0 — 정책 결정 필요(자동 판정 불가),BOT,MAGAZINE,false,2394,842,0,0,0,0,0,2,,,,false,2026-05-16,혼자가-좋아진-나-괜찮을까요,"혼자가 좋아진 나, 괜찮을까요?",cmp7plpgh0004ik2y2s8kklin
REVIEW,non-USER(BOT)·실반응 0·실조회 0 — 정책 결정 필요(자동 판정 불가),BOT,MAGAZINE,false,2385,758,0,0,0,0,0,0,,,,false,2026-04-01,,"그냥 피곤한 거 아니에요 — 턱관절·승모근·갱년기, 50대 몸의 신호 제대로 읽기",cmnfyt6vk0001yr38zzkapw1y
REVIEW,non-USER(BOT)·실반응 0·실조회 0 — 정책 결정 필요(자동 판정 불가),BOT,MAGAZINE,false,2379,1099,0,0,0,0,0,0,,,,false,2026-05-21,혼자서도-잘-논다,혼자서도 잘 논다,cmpewoitl0004a82y9mjyl0sq
REVIEW,non-USER(BOT)·실반응 0·실조회 0 — 정책 결정 필요(자동 판정 불가),BOT,MAGAZINE,false,2359,846,0,0,0,0,0,2,,,,false,2026-05-16,밤마다-깨는-건-갱년기-때문일까요,밤마다 깨는 건 갱년기 때문일까요?,cmp7vuhm80002eb2y1536uuel
REVIEW,본문 금지 표현(노인) — SEO 노출면은 아니다. 문구 정정 후보,BOT,MAGAZINE,false,2346,544,0,0,0,0,0,2,,노인,,false,2026-04-02,,"""그냥 나이 드는 거겠지"" — 갱년기 몸의 신호, 절대 그냥 넘기지 마세요",cmngxcjvl0001yf38wptsgaes
REVIEW,non-USER(BOT)·실반응 0·실조회 0 — 정책 결정 필요(자동 판정 불가),BOT,MAGAZINE,false,2342,1142,0,0,0,0,0,0,,,,false,2026-07-09,50대-남자-패션-스타일링-5가지-지금-바로-적용-가능,"50대 남편 패션, 이렇게 챙겨요",cmrcxe9vm0002v52y8g8ytizw
REVIEW,non-USER(BOT)·실반응 0·실조회 0 — 정책 결정 필요(자동 판정 불가),BOT,MAGAZINE,false,2333,971,0,0,0,0,0,0,,,,false,2026-05-18,황혼-동거-각자의-공간이-필요해요,"황혼 동거, 각자의 공간이 필요해요",cmpamchyn0004qh2ydlk1zpn0
REVIEW,non-USER(BOT)·실반응 0·실조회 0 — 정책 결정 필요(자동 판정 불가),BOT,MAGAZINE,false,2331,1205,0,0,0,0,0,0,,,,false,2026-05-19,내-뼈가-무너지고-있다,내 뼈가 무너지고 있다,cmpc1q61700029s2yj6h74h3f
REVIEW,non-USER(BOT)·실반응 0·실조회 0 — 정책 결정 필요(자동 판정 불가),BOT,MAGAZINE,false,2326,1001,0,0,0,0,0,0,,,,false,2026-05-18,검진-결과-이상-이제-뭘-해야-하나요,"검진 결과 ""이상"", 이제 뭘 해야 하나요",cmpaqll240002gl2yd91k6wvs
REVIEW,non-USER(BOT)·실반응 0·실조회 0 — 정책 결정 필요(자동 판정 불가),BOT,MAGAZINE,false,2326,811,0,0,0,0,0,2,,,,false,2026-05-16,잘-죽는다는-것,잘 죽는다는 것,cmp7w7yn80007eb2yp25d3y1v
REVIEW,non-USER(BOT)·실반응 0·실조회 0 — 정책 결정 필요(자동 판정 불가),BOT,MAGAZINE,false,2320,1997,0,0,0,0,0,0,,,,false,2026-07-01,경력단절여성-취업-지원-50대-재취업-성공한-사람들의-공통점,"경력단절, 다시 시작하는 법",cmr1m6za50002vg2yq67uu7p1
REVIEW,non-USER(BOT)·실반응 0·실조회 0 — 정책 결정 필요(자동 판정 불가),BOT,MAGAZINE,false,2312,1168,0,0,0,0,0,0,,,,false,2026-07-03,퇴직-후-건강보험-지역가입자-얼마나-나오나-계산법과-절감-방법,"퇴직 후 건강보험료, 얼마 나올까요",cmr4h47690002ob2y4jeyg3jr
REVIEW,non-USER(BOT)·실반응 0·실조회 0 — 정책 결정 필요(자동 판정 불가),BOT,MAGAZINE,false,2310,1270,0,0,0,0,0,0,,,,false,2026-05-19,잡초도-고동도-다-괜찮아요,"잡초도 고동도, 다 괜찮아요",cmpc1sny500079s2yv8spf0gs
REVIEW,non-USER(BOT)·실반응 0·실조회 0 — 정책 결정 필요(자동 판정 불가),BOT,MAGAZINE,false,2270,1055,0,0,0,0,0,2,,,,false,2026-04-02,,"먹고 싶은데 참으라고요? — 만성질환 식단, 현실적으로 타협하는 법",cmnh6r5800004yh38badal9nm
REVIEW,non-USER(SHEET)·실반응 0·실조회 0 — 정책 결정 필요(자동 판정 불가),SHEET,HUMOR,false,2258,507,0,0,0,0,0,0,,,,false,2026-05-17,50대-연예인들의-피부-관리-비결,50대 연예인들의 피부 관리 비결,cmpaevker0005ic4etjddzomw
REVIEW,non-USER(BOT)·실반응 0·실조회 0 — 정책 결정 필요(자동 판정 불가),BOT,MAGAZINE,false,2255,1492,0,0,0,0,0,0,,,,false,2026-06-22,돈-없이-집-분위기-바꾸는-법,돈 없이 집 분위기 바꾸는 법,cmqomv3vy0002782ygpp6x62p
REVIEW,non-USER(BOT)·실반응 0·실조회 0 — 정책 결정 필요(자동 판정 불가),BOT,MAGAZINE,false,2229,1077,0,0,0,0,0,0,,,,false,2026-04-01,,"갱년기, 우리가 직접 쓴 사용 설명서 — 두려움 대신 이야기로",cmnfyv7b20003yr38m9hwub1w
REVIEW,non-USER(BOT)·실반응 0·실조회 0 — 정책 결정 필요(자동 판정 불가),BOT,MAGAZINE,false,2222,614,0,0,0,0,0,2,,,,false,2026-04-01,,"아프다고 다 같은 통증이 아니에요 — 50대 다발성 통증, 이렇게 읽어보세요",cmnfrm4ue0001yv38ug5gfg7u
REVIEW,non-USER(BOT)·실반응 0·실조회 0 — 정책 결정 필요(자동 판정 불가),BOT,MAGAZINE,false,2132,475,0,0,0,0,0,3,,,,false,2026-05-04,새벽-4시-왜-나만-깨있나요,"새벽 4시, 왜 나만 깨있나요",cmorqlr210002j42urg46rdja
REVIEW,non-USER(BOT)·실반응 0·실조회 0 — 정책 결정 필요(자동 판정 불가),BOT,MAGAZINE,false,2123,1969,0,0,0,0,0,0,,,,false,2026-06-28,50대-친구-만들기-외로움-푸는-5가지-방법,"50대 친구 만들기, 어렵지 않아요",cmqxbvj2v00026h2y99svn9ha
REVIEW,non-USER(BOT)·실반응 0·실조회 0 — 정책 결정 필요(자동 판정 불가),BOT,MAGAZINE,false,2110,1370,0,0,0,0,0,2,,,,false,2026-05-31,퇴직-후-1년-다시-쓸모를-찾다,"퇴직 후 1년, 다시 쓸모를 찾다",cmpt71sx40002ay2yv9svv746
REVIEW,non-USER(BOT)·실반응 0·실조회 0 — 정책 결정 필요(자동 판정 불가),BOT,MAGAZINE,false,2101,785,0,0,0,0,0,2,,,,false,2026-05-04,50대-일한다는-것의-의미,"50대, 일한다는 것의 의미",cmorqrg1s0005j42u74jujm7r
REVIEW,non-USER(BOT)·실반응 0·실조회 0 — 정책 결정 필요(자동 판정 불가),BOT,MAGAZINE,false,2088,1189,0,0,0,0,0,0,,,,false,2026-06-21,갱년기-증상별-대처법,갱년기 증상별 대처법,cmqn7hkvo0002yo2yatla2bcw
REVIEW,non-USER(BOT)·실반응 0·실조회 0 — 정책 결정 필요(자동 판정 불가),BOT,MAGAZINE,false,2084,2152,0,0,0,0,0,0,,,,false,2026-06-14,은퇴-D30-정리-순서-정답,"은퇴 D+30, 정리 순서 정답",cmqd7eh1o0002w22yi77jxlsf
REVIEW,non-USER(BOT)·실반응 0·실조회 0 — 정책 결정 필요(자동 판정 불가),BOT,MAGAZINE,false,2062,3626,0,0,0,0,0,0,,,,false,2026-06-06,환율증시-흔들릴-때-50대-돈-지키기,환율·증시 흔들릴 때 50대 돈 지키기,cmq220pvr0002d52ygx7it4lf
REVIEW,non-USER(BOT)·실반응 0·실조회 0 — 정책 결정 필요(자동 판정 불가),BOT,MAGAZINE,false,2040,592,0,0,0,0,0,0,,,,false,2026-05-10,내-몸이-보내는-갱년기-신호,내 몸이 보내는 갱년기 신호,cmozpv5dy0002lu2y4x1lvuyr
REVIEW,non-USER(BOT)·실반응 0·실조회 0 — 정책 결정 필요(자동 판정 불가),BOT,MAGAZINE,false,2039,1223,0,0,0,0,0,0,,,,false,2026-07-12,국민연금-추납수령액-완전정리,국민연금 추납·수령액 완전정리,cmrh843640008q52yqbwegv8t
REVIEW,non-USER(BOT)·실반응 0·실조회 0 — 정책 결정 필요(자동 판정 불가),BOT,MAGAZINE,false,2034,2201,0,0,0,0,0,0,,,,false,2026-07-26,갱년기-극복-오늘부터-이렇게,"갱년기 극복, 오늘부터 이렇게",cms1c5u840003rh2y6kd53ptn
REVIEW,non-USER(BOT)·실반응 0·실조회 0 — 정책 결정 필요(자동 판정 불가),BOT,MAGAZINE,false,2013,873,0,0,0,0,0,0,,,,false,2026-05-11,나만-뒤처진-느낌-정상이에요,"나만 뒤처진 느낌, 정상이에요",cmp1ufx4l0005f22yfyzb8y21
REVIEW,본문 금지 표현(노인) — SEO 노출면은 아니다. 문구 정정 후보,BOT,MAGAZINE,false,2013,1559,0,0,0,0,0,0,,노인,,false,2026-07-19,부모님-요양원-죄책감-없이,"부모님 요양원, 죄책감 없이",cmrr83fgp000b462ypjeo23cm
REVIEW,non-USER(BOT)·실반응 0·실조회 0 — 정책 결정 필요(자동 판정 불가),BOT,MAGAZINE,false,1988,958,0,0,0,0,0,0,,,,false,2026-07-12,60대-근육-걷기론-부족해요,"60대 근육, 걷기론 부족해요",cmrh7wlge0005q52y04lh5k60
REVIEW,non-USER(BOT)·실반응 0·실조회 0 — 정책 결정 필요(자동 판정 불가),BOT,MAGAZINE,false,1987,1565,0,0,0,0,0,0,,,,false,2026-07-26,부부-나이-차이-중년의-온도차,"부부 나이 차이, 중년의 온도차",cms17uims0004a32y4ssluuzf
REVIEW,non-USER(BOT)·실반응 0·실조회 0 — 정책 결정 필요(자동 판정 불가),BOT,MAGAZINE,false,1980,1529,0,0,0,0,0,0,,,,false,2026-06-21,연금-있는데-왜-빠듯할까,연금 있는데 왜 빠듯할까,cmqn7vy8b0007yo2yg1breqx7
REVIEW,non-USER(BOT)·실반응 0·실조회 0 — 정책 결정 필요(자동 판정 불가),BOT,MAGAZINE,false,1964,657,0,0,0,0,0,2,,,,false,2026-05-04,금융소득-2천만-원의-함정,금융소득 2천만 원의 함정,cmorqx77n0007j42u1sajigqg
REVIEW,non-USER(BOT)·실반응 0·실조회 0 — 정책 결정 필요(자동 판정 불가),BOT,MAGAZINE,false,1950,874,0,0,0,0,0,2,,,,false,2026-05-11,내-몸이-왜-이러지,내 몸이 왜 이러지?,cmp1u9dkq0002f22y3o93hg4u
REVIEW,본문 금지 표현(어르신) — SEO 노출면은 아니다. 문구 정정 후보,BOT,MAGAZINE,false,1942,1334,0,0,0,0,0,3,,어르신,,false,2026-05-11,바다로-간-사람들의-솔직-후기,바다로 간 사람들의 솔직 후기,cmp1uo31f0008f22yfpof679u
REVIEW,non-USER(BOT)·실반응 0·실조회 0 — 정책 결정 필요(자동 판정 불가),BOT,MAGAZINE,false,1934,2322,0,0,0,0,0,0,,,,false,2026-06-14,혼자-시간이-왜-이렇게-힘들까,혼자 시간이 왜 이렇게 힘들까,cmqd7lc9q0004w22yw8dku8fs
REVIEW,non-USER(BOT)·실반응 0·실조회 0 — 정책 결정 필요(자동 판정 불가),BOT,MAGAZINE,false,1919,1583,0,0,0,0,0,2,,,,false,2026-05-31,은퇴-후-첫-1년-돈-흐름-설계,은퇴 후 첫 1년 돈 흐름 설계,cmptbc4on00056d2yxj7v7kry
REVIEW,non-USER(BOT)·실반응 0·실조회 0 — 정책 결정 필요(자동 판정 불가),BOT,MAGAZINE,false,1898,2335,0,0,0,0,0,0,,,,false,2026-08-02,베란다-정원-이렇게-시작해요,"베란다 정원, 이렇게 시작해요",cmsb7ws2e0004cn2yf1xuczu9
REVIEW,non-USER(BOT)·실반응 0·실조회 0 — 정책 결정 필요(자동 판정 불가),BOT,MAGAZINE,false,1892,1868,0,0,0,0,0,0,,,,false,2026-08-09,50대-수면-습관-10가지,50대 수면 습관 10가지,cmsl7zz6a0004g52yg5t9kqmm
REVIEW,non-USER(BOT)·실반응 0·실조회 0 — 정책 결정 필요(자동 판정 불가),BOT,MAGAZINE,false,1887,1868,0,0,0,0,0,2,,,,false,2026-04-24,갱년기-몸-신호-이렇게-답하세요,"갱년기 몸 신호, 이렇게 답하세요",cmocoqsms0005gi3fifpaq844
REVIEW,non-USER(BOT)·실반응 0·실조회 0 — 정책 결정 필요(자동 판정 불가),BOT,MAGAZINE,false,1873,1171,0,0,0,0,0,2,,,,false,2026-05-24,마음이-먼저-은퇴할-때,마음이 먼저 은퇴할 때,cmpjb93rm00044w2ybklm7mzp
REVIEW,non-USER(BOT)·실반응 0·실조회 0 — 정책 결정 필요(자동 판정 불가),BOT,MAGAZINE,false,1873,1145,0,0,0,0,0,2,,,,false,2026-05-24,ETF로-만드는-노후-월급,ETF로 만드는 노후 월급,cmpjb7svw00024w2y8dehifmz
REVIEW,non-USER(BOT)·실반응 0·실조회 0 — 정책 결정 필요(자동 판정 불가),BOT,MAGAZINE,false,1854,699,0,0,0,0,0,0,,,,false,2026-05-10,주부도-할-수-있어요-첫-투자,"주부도 할 수 있어요, 첫 투자",cmozq3vkt0005lu2y5w5jb4x6
REVIEW,non-USER(BOT)·실반응 0·실조회 0 — 정책 결정 필요(자동 판정 불가),BOT,MAGAZINE,false,1828,4476,0,0,0,0,0,0,,,,false,2026-06-06,50대-취미-주책-아닌-나다움,"50대 취미, 주책 아닌 나다움",cmq225h0t0004d52y3i97i1ey
REVIEW,non-USER(BOT)·실반응 0·실조회 0 — 정책 결정 필요(자동 판정 불가),BOT,MAGAZINE,false,1816,865,0,0,0,0,0,0,,,,false,2026-05-10,혼자라도-괜찮아,혼자라도 괜찮아,cmozqadee0007lu2y710bplnn
REVIEW,non-USER(BOT)·실반응 0·실조회 0 — 정책 결정 필요(자동 판정 불가),BOT,MAGAZINE,false,1789,1524,0,0,0,0,0,2,,,,false,2026-05-24,혼자도-잘-노는-50대,혼자도 잘 노는 50대,cmpjbab8o00074w2yyz711015
REVIEW,non-USER(BOT)·실반응 0·실조회 0 — 정책 결정 필요(자동 판정 불가),BOT,MAGAZINE,false,1781,1278,0,0,0,0,0,0,,,,false,2026-07-05,갱년기-다이어트-식단-5가지-원칙과-실천법,"갱년기 다이어트 식단, 이렇게",cmr7bxd5w0002m22yanpxwh6z
REVIEW,non-USER(BOT)·실반응 0·실조회 0 — 정책 결정 필요(자동 판정 불가),BOT,MAGAZINE,false,1780,1259,0,0,0,0,0,0,,,,false,2026-07-19,폭락장-흔들리는-마음-다스리기,"폭락장, 흔들리는 마음 다스리기",cmrr7wqkv0008462y8ifw5kjt
REVIEW,본문 금지 표현(시니어) — SEO 노출면은 아니다. 문구 정정 후보,BOT,MAGAZINE,false,1747,1052,0,0,0,0,0,0,,시니어,,false,2026-07-19,무릎-아파도-편한-국내-여행지,무릎 아파도 편한 국내 여행지,cmrr7qlr20004462yypuu9821
REVIEW,본문 금지 표현(실버) — SEO 노출면은 아니다. 문구 정정 후보,BOT,MAGAZINE,false,1742,1193,0,0,0,0,0,0,,실버,,false,2026-07-05,흰머리-염색-안-하기-자연스럽게-전환하는-5가지-방법,"흰머리 염색 안 하기, 괜찮아요",cmr77meqw0002rf2ylqznq01e
REVIEW,non-USER(BOT)·실반응 0·실조회 0 — 정책 결정 필요(자동 판정 불가),BOT,MAGAZINE,false,1740,1304,0,0,0,0,0,2,,,,false,2026-04-28,퇴직-후-외로움-정상이에요,"퇴직 후 외로움, 정상이에요",cmoif2uob0002oo2uhyphxbom
REVIEW,non-USER(BOT)·실반응 0·실조회 0 — 정책 결정 필요(자동 판정 불가),BOT,MAGAZINE,false,1734,927,0,0,0,0,0,0,,,,false,2026-07-12,흰머리-자연스럽게-가리는-법,흰머리 자연스럽게 가리는 법,cmrh7pq570003q52yuupojp3j
REVIEW,non-USER(BOT)·실반응 0·실조회 0 — 정책 결정 필요(자동 판정 불가),BOT,MAGAZINE,false,1732,1795,0,0,0,0,0,0,,,,false,2026-06-28,남자-갱년기-나이-언제부터-증상과-대처법,"남자도 갱년기, 50대부터",cmqx7k4bu0002882ynad17y5p
REVIEW,본문 금지 표현(노인) — SEO 노출면은 아니다. 문구 정정 후보,BOT,MAGAZINE,false,1731,1684,0,0,0,0,0,2,,노인,,false,2026-05-31,내가-나를-돌보는-50대,내가 나를 돌보는 50대,cmptbasgn00026d2yp18dfggc
REVIEW,본문 금지 표현(시니어) — SEO 노출면은 아니다. 문구 정정 후보,BOT,MAGAZINE,false,1729,822,0,0,0,0,0,0,,시니어,,false,2026-05-04,나이-무관-채용-어디서-찾나요,"나이 무관 채용, 어디서 찾나요",cmora4eo90004hx2uhisodlry
REVIEW,non-USER(BOT)·실반응 0·실조회 0 — 정책 결정 필요(자동 판정 불가),BOT,MAGAZINE,false,1714,1304,0,0,0,0,0,2,,,,false,2026-04-24,무릎아-조금만-기다려,"무릎아, 조금만 기다려",cmocopdk00002gi3fjhdeh470
REVIEW,non-USER(BOT)·실반응 0·실조회 0 — 정책 결정 필요(자동 판정 불가),BOT,MAGAZINE,false,1668,859,0,0,0,0,0,2,,,,false,2026-04-21,감정-폭풍-혼자-삼키지-마세요,"감정 폭풍, 혼자 삼키지 마세요",cmo8e2so30004i63foacwa12y
REVIEW,non-USER(BOT)·실반응 0·실조회 0 — 정책 결정 필요(자동 판정 불가),BOT,MAGAZINE,false,1652,1096,0,0,0,0,0,2,,,,false,2026-05-24,갱년기-이렇게-다스려요,"갱년기, 이렇게 다스려요",cmpj6ytko0002412y3ebj98g8
REVIEW,non-USER(BOT)·실반응 0·실조회 0 — 정책 결정 필요(자동 판정 불가),BOT,MAGAZINE,false,1640,658,0,0,0,0,0,0,,,,false,2026-05-04,퇴직-후-6개월-이제-진짜-시작이에요,"퇴직 후 6개월, 이제 진짜 시작이에요",cmor9yfx80002hx2uls9hmccs
REVIEW,non-USER(BOT)·실반응 0·실조회 0 — 정책 결정 필요(자동 판정 불가),BOT,MAGAZINE,false,1620,1946,0,0,0,0,0,2,,,,false,2026-05-31,관계도-미니멀하게-정리할-용기,"관계도 미니멀하게, 정리할 용기",cmptbdamo00076d2ycszdreni
REVIEW,non-USER(BOT)·실반응 0·실조회 0 — 정책 결정 필요(자동 판정 불가),BOT,MAGAZINE,false,1618,3839,0,0,0,0,0,0,,,,false,2026-06-07,당뇨-전단계-지금이-골든타임,"당뇨 전단계, 지금이 골든타임",cmq379ptl0002yy2yq3upe2g0
REVIEW,본문 금지 표현(노인) — SEO 노출면은 아니다. 문구 정정 후보,BOT,MAGAZINE,false,1617,1356,0,0,0,0,0,0,,노인,,false,2026-06-21,진짜-친구-가려내는-법,진짜 친구 가려내는 법,cmqn7p4zt0005yo2ykznwq9w5
REVIEW,non-USER(BOT)·실반응 0·실조회 0 — 정책 결정 필요(자동 판정 불가),BOT,MAGAZINE,false,1587,1211,0,0,0,0,0,2,,,,false,2026-04-22,잠-못-드는-밤-혼자가-아니에요,"잠 못 드는 밤, 혼자가 아니에요",cmo9td40v0004g93frz8b32xh
REVIEW,non-USER(BOT)·실반응 0·실조회 0 — 정책 결정 필요(자동 판정 불가),BOT,MAGAZINE,false,1586,876,0,0,0,0,0,2,,,,false,2026-04-21,갱년기-내-몸에-무슨-일이,"갱년기, 내 몸에 무슨 일이",cmo8e1ali0001i63fim2f5n02
REVIEW,non-USER(BOT)·실반응 0·실조회 0 — 정책 결정 필요(자동 판정 불가),BOT,MAGAZINE,false,1530,787,0,0,0,0,0,0,,,,false,2026-05-17,동료에서-다시-연인으로,동료에서 다시 연인으로,cmp96ucth00025u2yfje9pgd1
REVIEW,non-USER(BOT)·실반응 0·실조회 0 — 정책 결정 필요(자동 판정 불가),BOT,MAGAZINE,false,1525,611,0,0,0,0,0,0,,,,false,2026-05-04,대장내시경-50대-필수예요,"대장내시경, 50대 필수예요",cmoraa1jz0006hx2u38zo8ym6
REVIEW,non-USER(BOT)·실반응 0·실조회 0 — 정책 결정 필요(자동 판정 불가),BOT,MAGAZINE,false,1495,1040,0,0,0,0,0,0,,,,false,2026-03-28,,"오십견부터 백내장까지 — 50·60대 몸의 변화, 당황하지 말고 이렇게 대처해요",cmna0q7q00000wn38itg3xstt
REVIEW,non-USER(BOT)·실반응 0·실조회 0 — 정책 결정 필요(자동 판정 불가),BOT,MAGAZINE,false,1490,807,0,0,0,0,0,0,,,,false,2026-03-27,,"내 몸이 보내는 신호, 갱년기 — 당황하지 말고 똑똑하게 넘어가요",cmn8k8kzt0001yp38f165o2ib
REVIEW,non-USER(BOT)·실반응 0·실조회 0 — 정책 결정 필요(자동 판정 불가),BOT,MAGAZINE,false,1469,1046,0,0,0,0,0,0,,,,false,2026-05-17,부부-다시-연인이-되는-법,"부부, 다시 연인이 되는 법",cmp9b4mua0002jy2yt0f9er3e
REVIEW,non-USER(BOT)·실반응 0·실조회 0 — 정책 결정 필요(자동 판정 불가),BOT,MAGAZINE,false,1369,541,0,0,0,0,0,1,,,,false,2026-05-09,어버이날-기대-내려놓기,"어버이날, 기대 내려놓기",cmoy06cou0005n42y3aaa5mf6
REVIEW,non-USER(BOT)·실반응 0·실조회 0 — 정책 결정 필요(자동 판정 불가),BOT,MAGAZINE,false,1367,1008,0,0,0,0,0,2,,,,false,2026-04-22,갱년기-불면증-잠-못-드는-밤,"갱년기 불면증, 잠 못 드는 밤",cmo9tbpxl0001g93fa6edfrnn
REVIEW,non-USER(BOT)·실반응 0·실조회 0 — 정책 결정 필요(자동 판정 불가),BOT,MAGAZINE,false,1354,1655,0,0,0,0,0,2,,,,false,2026-04-12,참으면-병-돼요-진짜로-q4wwel,"참으면 병 돼요, 진짜로",cmnvnraok0001i90j7tn9ebqg
REVIEW,non-USER(BOT)·실반응 0·실조회 0 — 정책 결정 필요(자동 판정 불가),BOT,MAGAZINE,false,1346,1701,0,0,0,0,0,2,,,,false,2026-04-12,퇴직-후-사람이-그리워질-때-28x728,"퇴직 후, 사람이 그리워질 때",cmnvh2ipx0004i30jhuwr6gki
REVIEW,non-USER(BOT)·실반응 0·실조회 0 — 정책 결정 필요(자동 판정 불가),BOT,MAGAZINE,false,1341,540,0,0,0,0,0,3,,,,false,2026-04-11,갱년기-끝이-아닌-새-출발-ct0xnx,"갱년기, 끝이 아닌 새 출발",cmnts3tww0003ht0jaelvqm4l
REVIEW,non-USER(BOT)·실반응 0·실조회 0 — 정책 결정 필요(자동 판정 불가),BOT,MAGAZINE,false,1339,787,0,0,0,0,0,2,,,,false,2026-04-19,갱년기-호르몬부터-알면-덜-무섭다-mz8ubu,"갱년기, 호르몬부터 알면 덜 무섭다",cmo5hgh0k0001g73fakby31y2
REVIEW,non-USER(BOT)·실반응 0·실조회 0 — 정책 결정 필요(자동 판정 불가),BOT,MAGAZINE,false,1320,694,0,0,0,0,0,1,,,,false,2026-05-09,갱년기-참지-말고-알고-대처해요-2,"갱년기, 참지 말고 알고 대처해요",cmoy05oy900021r2yg5v818hs
REVIEW,non-USER(BOT)·실반응 0·실조회 0 — 정책 결정 필요(자동 판정 불가),BOT,MAGAZINE,false,1315,1071,0,0,0,0,0,0,,,,false,2026-03-28,,"부모님이 쓰러지던 날 — 간병하는 우리, 우리 마음도 괜찮아야 해요",cmna0qz3e0002wn389x1a9ac2
REVIEW,non-USER(BOT)·실반응 0·실조회 0 — 정책 결정 필요(자동 판정 불가),BOT,MAGAZINE,false,1313,545,0,0,0,0,0,0,,,,false,2026-05-09,베란다-상추-한-줌의-위로,베란다 상추 한 줌의 위로,cmoy077lc0008n42yr6x7vukc
REVIEW,non-USER(BOT)·실반응 0·실조회 0 — 정책 결정 필요(자동 판정 불가),BOT,MAGAZINE,false,1307,1495,0,0,0,0,0,2,,,,false,2026-04-12,이-감정-나만-그런-게-아니에요-bdcn2j,"이 감정, 나만 그런 게 아니에요",cmnvh1d5t0001i30j8xv74hmv
REVIEW,본문 금지 표현(노인) — SEO 노출면은 아니다. 문구 정정 후보,BOT,MAGAZINE,false,1297,594,0,0,0,0,0,1,,노인,,false,2026-05-09,어버이날-기대를-내려놓는-법,"어버이날, 기대를 내려놓는 법",cmoy0f2jm00051r2yzhghrnng
REVIEW,non-USER(BOT)·실반응 0·실조회 0 — 정책 결정 필요(자동 판정 불가),BOT,MAGAZINE,false,1284,549,0,0,0,0,0,2,,,,false,2026-04-08,명함-없어도-나는-여기-있어요-wgbok3,"명함 없어도, 나는 여기 있어요",cmnpyvhh10001iizf8098c0gu
REVIEW,non-USER(BOT)·실반응 0·실조회 0 — 정책 결정 필요(자동 판정 불가),BOT,MAGAZINE,false,1283,542,0,0,0,0,0,3,,,,false,2026-04-12,거울-속-낯선-나-괜찮아요-3m2wmi,"거울 속 낯선 나, 괜찮아요",cmnv8g35c0001j20je31hq6cx
REVIEW,non-USER(BOT)·실반응 0·실조회 0 — 정책 결정 필요(자동 판정 불가),BOT,MAGAZINE,false,1282,703,0,0,0,0,0,2,,,,false,2026-04-06,,"매달 따박따박, 커버드콜 ETF",cmnmnn0d40003igzfmdmh5s28
REVIEW,non-USER(BOT)·실반응 0·실조회 0 — 정책 결정 필요(자동 판정 불가),BOT,MAGAZINE,false,1270,556,0,0,0,0,0,2,,,,false,2026-04-05,,월급 없어도 현금은 나와요,cmnlnjpt00004iczf5j3iyu5l
REVIEW,non-USER(BOT)·실반응 0·실조회 0 — 정책 결정 필요(자동 판정 불가),BOT,MAGAZINE,false,1266,493,0,0,0,0,0,2,,,,false,2026-04-05,,"잠 못 드는 밤, 함께 이겨내요",cmnlnib9j0001iczfe3q44s1i
REVIEW,non-USER(BOT)·실반응 0·실조회 0 — 정책 결정 필요(자동 판정 불가),BOT,MAGAZINE,false,1247,523,0,0,0,0,0,2,,,,false,2026-04-11,피부탈모-내-몸이-달라졌어요-eo5jwd,"피부·탈모, 내 몸이 달라졌어요",cmnu86i7k0001hw0j9e8plphm
REVIEW,non-USER(BOT)·실반응 0·실조회 0 — 정책 결정 필요(자동 판정 불가),BOT,MAGAZINE,false,1231,457,0,0,0,0,0,2,,,,false,2026-04-06,,"이 증상, 갱년기일까 다른 병일까",cmnmx3hnu0001iezf4eu7ekt3
REVIEW,non-USER(BOT)·실반응 0·실조회 0 — 정책 결정 필요(자동 판정 불가),BOT,MAGAZINE,false,1231,515,0,0,0,0,0,1,,,,false,2026-05-09,베란다-상추-한-잎의-위로,베란다 상추 한 잎의 위로,cmoy0n9s100071r2y3p2xb0xm
REVIEW,non-USER(BOT)·실반응 0·실조회 0 — 정책 결정 필요(자동 판정 불가),BOT,MAGAZINE,false,1208,853,0,0,0,0,0,2,,,,false,2026-04-19,저녁이-유독-힘든-당신에게-9h9zhg,저녁이 유독 힘든 당신에게,cmo5hhp3y0004g73fr4jqoew7
REVIEW,non-USER(BOT)·실반응 0·실조회 0 — 정책 결정 필요(자동 판정 불가),BOT,MAGAZINE,false,1208,2124,0,0,0,0,0,0,,,,false,2026-04-12,은퇴-후-내-사람-만드는-법-u7xoyr,"은퇴 후, 내 사람 만드는 법",cmnvns4hw0004i90j1z5orhy2
REVIEW,non-USER(BOT)·실반응 0·실조회 0 — 정책 결정 필요(자동 판정 불가),BOT,MAGAZINE,false,1167,487,0,0,0,0,0,2,,,,false,2026-04-09,월-250만-원-나에게-맞는-금액일까요-pl3tff,"월 250만 원, 나에게 맞는 금액일까요?",cmnrecbpq0001hjzfwvvg0o1h
REVIEW,non-USER(BOT)·실반응 0·실조회 0 — 정책 결정 필요(자동 판정 불가),BOT,MAGAZINE,false,1158,738,0,0,0,0,0,2,,,,false,2026-04-12,집이-마음이다-d28ayh,집이 마음이다,cmnv8h4xk0004j20jaasyzkff
REVIEW,non-USER(BOT)·실반응 0·실조회 0 — 정책 결정 필요(자동 판정 불가),BOT,MAGAZINE,false,1148,592,0,0,0,0,0,2,,,,false,2026-04-10,몸이-보내는-신호-외면-말아요-mvg72e,"몸이 보내는 신호, 외면 말아요",cmnst9yc20001hx0j8sj7bfi9
REVIEW,non-USER(BOT)·실반응 0·실조회 0 — 정책 결정 필요(자동 판정 불가),BOT,MAGAZINE,false,1144,1046,0,0,0,0,0,2,,,,false,2026-04-07,26살의-나-55살의-나를-살리다-kg0hvn,"26살의 나, 55살의 나를 살리다",cmnojfsyk0004iozfkvvqjffw
REVIEW,non-USER(BOT)·실반응 0·실조회 0 — 정책 결정 필요(자동 판정 불가),BOT,MAGAZINE,false,1142,496,0,0,0,0,0,2,,,,false,2026-04-08,마르지-않는-돈-우물-만들기-t3m9nx,마르지 않는 돈 우물 만들기,cmnpi9o4v0003iyzfzmy7411o
REVIEW,non-USER(BOT)·실반응 0·실조회 0 — 정책 결정 필요(자동 판정 불가),BOT,MAGAZINE,false,1135,801,0,0,0,0,0,3,,,,false,2026-04-07,,"내 연금, 언제 받는 게 이득일까",cmno2qts20004k9zfnspmb5bj
REVIEW,non-USER(BOT)·실반응 0·실조회 0 — 정책 결정 필요(자동 판정 불가),BOT,MAGAZINE,false,1127,598,0,0,0,0,0,0,,,,false,2026-04-11,나를-챙기는-일-이제-내-차례예요-h4cud9,"나를 챙기는 일, 이제 내 차례예요",cmnu87i890004hw0jjovaoi1f
REVIEW,non-USER(BOT)·실반응 0·실조회 0 — 정책 결정 필요(자동 판정 불가),BOT,MAGAZINE,false,1109,963,0,0,0,0,0,0,,,,false,2026-04-06,,"미레나·호르몬 치료, 어떻게 선택할까",cmnn3wk3s0004gvzf5medsuwz
REVIEW,non-USER(BOT)·실반응 0·실조회 0 — 정책 결정 필요(자동 판정 불가),BOT,MAGAZINE,false,1095,573,0,0,0,0,0,3,,,,false,2026-04-10,폐경-후-내-몸과-친해지기-t1r77l,"폐경 후, 내 몸과 친해지기",cmnsdg24t0001i60j6p0wxgu9
REVIEW,non-USER(BOT)·실반응 0·실조회 0 — 정책 결정 필요(자동 판정 불가),BOT,MAGAZINE,false,1094,506,0,0,0,0,0,2,,,,false,2026-04-10,일을-놓는-날-나는-어디-있을까-nopixj,"일을 놓는 날, 나는 어디 있을까",cmnsdh5df0004i60jrkx8a70q
REVIEW,non-USER(BOT)·실반응 0·실조회 0 — 정책 결정 필요(자동 판정 불가),BOT,MAGAZINE,false,1089,601,0,0,0,0,0,2,,,,false,2026-04-08,명함-없는-나-다시-세우기-f70b14,"명함 없는 나, 다시 세우기",cmnpi8rl90001iyzfmibf4hqu
REVIEW,non-USER(BOT)·실반응 0·실조회 0 — 정책 결정 필요(자동 판정 불가),BOT,MAGAZINE,false,1088,674,0,0,0,0,0,3,,,,false,2026-04-09,명함-대신-나로-사는-법-yz6gqn,명함 대신 나로 사는 법,cmnqxi73q0001ji0ja02r5ew3
REVIEW,non-USER(BOT)·실반응 0·실조회 0 — 정책 결정 필요(자동 판정 불가),BOT,MAGAZINE,false,1081,530,0,0,0,0,0,2,,,,false,2026-04-08,나는-여전히-충분해요-h9fu8a,나는 여전히 충분해요,cmnprlshe0001iuzfimbffjsi
REVIEW,non-USER(BOT)·실반응 0·실조회 0 — 정책 결정 필요(자동 판정 불가),BOT,MAGAZINE,false,1075,766,0,0,0,0,0,2,,,,false,2026-04-08,곶감-말고-우물-지금-바꿔요-u7a3xz,"곶감 말고 우물, 지금 바꿔요",cmnpywsfx0003iizfpjlsblge
REVIEW,non-USER(BOT)·실반응 0·실조회 0 — 정책 결정 필요(자동 판정 불가),BOT,MAGAZINE,false,1062,703,0,0,0,0,0,2,,,,false,2026-04-06,,"내 몸의 신호, 갱년기 체크리스트",cmnn3vj3c0001gvzfnrvbkez3
REVIEW,non-USER(BOT)·실반응 0·실조회 0 — 정책 결정 필요(자동 판정 불가),BOT,MAGAZINE,false,1054,950,0,0,0,0,0,2,,,,false,2026-04-17,갱년기-감정에-설명서가-생겼어요-s8up9z,"갱년기, 감정에 설명서가 생겼어요",cmo2ncech00041h3ffej0330d
REVIEW,non-USER(BOT)·실반응 0·실조회 0 — 정책 결정 필요(자동 판정 불가),BOT,MAGAZINE,false,1044,634,0,0,0,0,0,2,,,,false,2026-04-10,퇴사-후-내-삶을-다시-짜는-법-bvjfz5,"퇴사 후, 내 삶을 다시 짜는 법",cmnsmsgt50001hz0jhybfcson
REVIEW,non-USER(BOT)·실반응 0·실조회 0 — 정책 결정 필요(자동 판정 불가),BOT,MAGAZINE,false,1044,548,0,0,0,0,0,2,,,,false,2026-04-08,내-자산-우물처럼-흘러야-해요-yoxv44,"내 자산, 우물처럼 흘러야 해요",cmnprms0m0003iuzf1fizfja5
REVIEW,non-USER(BOT)·실반응 0·실조회 0 — 정책 결정 필요(자동 판정 불가),BOT,MAGAZINE,false,1036,651,0,0,0,0,0,2,,,,false,2026-04-07,밤마다-깨는-이유-이제-알아요-gihgmt,"밤마다 깨는 이유, 이제 알아요",cmnojemem0001iozfeqqoh8zf
REVIEW,non-USER(BOT)·실반응 0·실조회 0 — 정책 결정 필요(자동 판정 불가),BOT,MAGAZINE,false,1034,585,0,0,0,0,0,2,,,,false,2026-04-10,퇴사-후-세-가지만-붙잡아요-idipta,"퇴사 후, 세 가지만 붙잡아요",cmnstaxyh0004hx0jybrhyvyc
REVIEW,non-USER(BOT)·실반응 0·실조회 0 — 정책 결정 필요(자동 판정 불가),BOT,MAGAZINE,false,1014,695,0,0,0,0,0,2,,,,false,2026-04-17,약-제대로-알고-드시나요-9embls,"약, 제대로 알고 드시나요?",cmo2nbhac00011h3ffwj2885p
REVIEW,non-USER(BOT)·실반응 0·실조회 0 — 정책 결정 필요(자동 판정 불가),BOT,MAGAZINE,false,1008,449,0,0,0,0,0,2,,,,false,2026-04-06,,"시술 전, 꼭 알아야 할 것들",cmnmx4epu0004iezfh9t08wrr
REVIEW,non-USER(BOT)·실반응 0·실조회 0 — 정책 결정 필요(자동 판정 불가),BOT,MAGAZINE,false,1008,636,0,0,0,0,0,3,,,,false,2026-04-11,퇴사-후-나만의-길-찾기-n52kyb,"퇴사 후, 나만의 길 찾기",cmnts2ova0001ht0jcltdi44e
REVIEW,non-USER(BOT)·실반응 0·실조회 0 — 정책 결정 필요(자동 판정 불가),BOT,MAGAZINE,false,997,466,0,0,0,0,0,3,,,,false,2026-04-09,내-돈-샘솟게-만드는-법-fpahk3,"내 돈, 샘솟게 만드는 법",cmnqxje5p0003ji0jrvmzdbyn
REVIEW,non-USER(BOT)·실반응 0·실조회 0 — 정책 결정 필요(자동 판정 불가),BOT,MAGAZINE,false,988,810,0,0,0,0,0,3,,,,false,2026-04-07,,"갱년기, 싸우지 말고 함께 걸어요",cmno2puh00001k9zfrli9ge4g
REVIEW,non-USER(BOT)·실반응 0·실조회 0 — 정책 결정 필요(자동 판정 불가),BOT,MAGAZINE,false,980,755,0,0,0,0,0,2,,,,false,2026-04-18,우리-남편의-AI-친구들-6k9j3e,우리 남편의 AI 친구들,cmo41tcsp0004by3f0s2wdgjy
REVIEW,non-USER(BOT)·실반응 0·실조회 0 — 정책 결정 필요(자동 판정 불가),BOT,MAGAZINE,false,976,997,0,0,0,0,0,0,,,,false,2026-03-27,,"자녀가 떠난 그 자리, 이제는 내 차례예요 — 빈 둥지 이후 나를 다시 찾는 법",cmn8k992u0003yp38txqdhtfr
REVIEW,non-USER(BOT)·실반응 0·실조회 0 — 정책 결정 필요(자동 판정 불가),BOT,MAGAZINE,false,966,664,0,0,0,0,0,2,,,,false,2026-04-09,갱년기-감정도-흔들려요-vn34xr,"갱년기, 감정도 흔들려요",cmnred9w80003hjzf92qw36dk
REVIEW,non-USER(BOT)·실반응 0·실조회 0 — 정책 결정 필요(자동 판정 불가),BOT,MAGAZINE,false,940,437,0,0,0,0,0,2,,,,false,2026-04-11,내-머리카락-포기하지-마세요-xqt0bx,"내 머리카락, 포기하지 마세요",cmnu12dw10001ie0jwfr6vedu
REVIEW,본문 금지 표현(어르신) — SEO 노출면은 아니다. 문구 정정 후보,ADMIN,STORY,false,931,58,0,0,0,0,0,0,,어르신,,false,2026-09-10,당근-무료나눔-보냈다가-강제-노역-당하고-왔네요-미쳐-진짜,당근 무료나눔 보냈다가 강제 노역 당하고 왔네요 ㅋㅋㅋ 미쳐 진짜,cmtv0ad7s000004l5glmurdw3
REVIEW,non-USER(BOT)·실반응 0·실조회 0 — 정책 결정 필요(자동 판정 불가),BOT,MAGAZINE,false,929,611,0,0,0,0,0,2,,,,false,2026-04-18,폐경-후-몸-솔직하게-말해요-1zny01,"폐경 후 몸, 솔직하게 말해요",cmo41s5sk0001by3fzaj2gwf7
REVIEW,non-USER(BOT)·실반응 0·실조회 0 — 정책 결정 필요(자동 판정 불가),BOT,MAGAZINE,false,923,546,0,0,0,0,0,2,,,,false,2026-04-11,나만-억울한-건-아니었어요-18aid0,나만 억울한 건 아니었어요,cmnu136w10004ie0jxyzpg9xr
REVIEW,non-USER(BOT)·실반응 0·실조회 0 — 정책 결정 필요(자동 판정 불가),BOT,MAGAZINE,false,917,502,0,0,0,0,0,2,,,,false,2026-04-06,,오늘 밤부터 달라지는 숙면 루틴,cmnmnlwtd0001igzfoo2plsdi
REVIEW,non-USER(SHEET)·실반응 0·실조회 0 — 정책 결정 필요(자동 판정 불가),SHEET,HUMOR,false,673,1119,0,0,0,0,0,4,,,,false,2026-06-06,무술-시범-보이던-중국-로봇-돌연-유치원생-가격,무술 시범 보이던 중국 로봇… 돌연 유치원생 가격,cmq1t1rvo00050z283u93iq7v
REVIEW,non-USER(SHEET)·실반응 0·실조회 0 — 정책 결정 필요(자동 판정 불가),SHEET,STORY,false,433,944,0,0,0,1,0,7,,,,false,2026-07-04,오십대-주부님들-취미모임-많으세요,오십대 주부님들 취미모임 많으세요,cmr5zbtt3000ng43ga0e4nlqd
REVIEW,non-USER(BOT)·실반응 0·실조회 0 — 정책 결정 필요(자동 판정 불가),BOT,STORY,false,391,591,0,0,0,1,0,0,,,,false,2026-05-01,국민연금-추납하고-연기하니까-노후가-확-달라졌어요,국민연금 추납하고 연기하니까 노후가 확 달라졌어요!!,cmomvibfd0005113fxu58h8h6
REVIEW,non-USER(ADMIN)·실반응 0·실조회 0 — 정책 결정 필요(자동 판정 불가),ADMIN,STORY,false,382,66,0,0,0,0,0,10,,,,false,2026-07-15,,⭐️ 초복에 꼭 먹고 싶은 음식은?,cmrkfu7yv000004l5eapg5k25
REVIEW,non-USER(SHEET)·실반응 0·실조회 0 — 정책 결정 필요(자동 판정 불가),SHEET,HUMOR,false,366,388,0,0,0,0,0,0,,,,false,2026-05-13,딩크족-이혼율,딩크족 이혼율ㄷㄷㄷㄷㄷㄷㄷㄷㄷ,cmp3lv7mf000xlb3ft5bv1zdz
REVIEW,non-USER(BOT)·실반응 0·실조회 0 — 정책 결정 필요(자동 판정 불가),BOT,STORY,false,365,364,0,0,0,0,0,3,,,,false,2026-05-01,국민연금-추납하고-연기하는-게-맞나요-노후-준비-고민,국민연금 추납하고 연기하는 게 맞나요~ 노후 준비 고민,cmonkavnn0005qu2u4clplzu3
REVIEW,non-USER(BOT)·실반응 0·실조회 0 — 정책 결정 필요(자동 판정 불가),BOT,JOB,false,360,10,0,0,0,0,0,0,,,,false,2026-08-07,,[경기 수원시] 유해피 심리상담센터 상담실장,cmsiof3m60004jb4sya7fhq27
REVIEW,non-USER(BOT)·실반응 0·실조회 0 — 정책 결정 필요(자동 판정 불가),BOT,JOB,false,357,7,0,0,0,0,0,0,,,,false,2026-08-16,,[경기 수원시] 자동포장기 설치 및 유지보수,cmsvq7yen0004hb6hhfe4pov9
REVIEW,non-USER(BOT)·실반응 0·실조회 0 — 정책 결정 필요(자동 판정 불가),BOT,JOB,false,356,157,0,0,0,0,0,3,,,,false,2026-04-25,,[광주 남구] 대학교 연구소 조교,cmodvmzdd0000h03fhkhkhogt
REVIEW,non-USER(BOT)·실반응 0·실조회 0 — 정책 결정 필요(자동 판정 불가),BOT,JOB,false,355,4631,0,0,0,0,0,0,,,,false,2026-03-30,,[경기 하남시] 학교 홍보 TM 상담원,cmnd4t4fp0000gg381j1jacgq
REVIEW,non-USER(BOT)·실반응 0·실조회 0 — 정책 결정 필요(자동 판정 불가),BOT,JOB,false,355,73,0,0,0,0,0,0,,,,false,2026-05-13,,[경기 부천시] 조리원 구합니다. ...,cmp3o6fup0000l83frk0m167t
REVIEW,non-USER(BOT)·실반응 0·실조회 0 — 정책 결정 필요(자동 판정 불가),BOT,JOB,false,355,23,0,0,0,0,0,0,,,,false,2026-06-06,,[인천 남동구] 식품공장 생산·관리 차장,cmq25lqju0000dt287czt9a92
REVIEW,실제 SEO 노출면(title/description) 금지 표현(시니어) — 삭제가 아니라 문구 정정 대상,BOT,JOB,false,355,6,0,0,0,0,0,0,시니어,시니어,,false,2026-06-11,,[경기 성남시] 화학·위생용품 생산직,cmq9mcd3d0000ki0i6rxeameq
REVIEW,non-USER(BOT)·실반응 0·실조회 0 — 정책 결정 필요(자동 판정 불가),BOT,STORY,false,353,2150,0,0,0,1,0,4,,,,false,2026-05-16,갱년기-증상들-정말-힘드네요-빈뇨열감건조두통,갱년기 증상들 정말 힘드네요~ 빈뇨·열감·건조·두통,cmp8b26x2000a0w4e1q2nyyz4
REVIEW,non-USER(BOT)·실반응 0·실조회 0 — 정책 결정 필요(자동 판정 불가),BOT,JOB,false,353,8,0,0,0,0,0,0,,,,false,2026-07-17,,[경기 양주시] 물리치료사·작업치료사,cmrowpq1h0004kn1ml8hjbeft
REVIEW,non-USER(BOT)·실반응 0·실조회 0 — 정책 결정 필요(자동 판정 불가),BOT,JOB,false,352,223,0,0,0,0,0,0,,,,false,2026-04-28,,[서울 구로구] 지역아동센터 생활복지사,cmoilkh8r0000d8528lmdjcz8
REVIEW,non-USER(BOT)·실반응 0·실조회 0 — 정책 결정 필요(자동 판정 불가),BOT,JOB,false,351,221,0,0,0,0,0,0,,,,false,2026-04-27,,[인천 중구] 병원 환자 이송 직원,cmoh5zn040000j33fw2s2piad
REVIEW,non-USER(BOT)·실반응 0·실조회 0 — 정책 결정 필요(자동 판정 불가),BOT,JOB,false,351,8,0,0,0,0,0,0,,,,false,2026-06-24,,[경기 평택시] 영어가능 접수원 모집,cmqrq0e3d0000is0j1boowobk
REVIEW,non-USER(BOT)·실반응 0·실조회 0 — 정책 결정 필요(자동 판정 불가),BOT,JOB,false,350,109,0,0,0,0,0,2,,,,false,2026-05-06,,[서울 동작구] 요양보호사교육원 행정실장,cmou172yz0000k33fn4z1bvb1
REVIEW,non-USER(BOT)·실반응 0·실조회 0 — 정책 결정 필요(자동 판정 불가),BOT,JOB,false,350,6,0,0,0,0,0,0,,,,false,2026-06-11,,[서울 노원구] 청소년센터 접수·안내 데스크,cmq98314y0000kp28hzefldx4
REVIEW,실제 SEO 노출면(title/description) 금지 표현(노인·어르신) — 삭제가 아니라 문구 정정 대상,BOT,JOB,false,350,9,0,0,0,0,0,0,노인|어르신,노인|어르신,,false,2026-07-08,,[경기 용인시] 노인주간보호 운전원,cmrboe1kc0000li3gm5g6a95t
REVIEW,실제 SEO 노출면(title/description) 금지 표현(어르신) — 삭제가 아니라 문구 정정 대상,BOT,JOB,false,349,5,0,0,0,0,0,0,어르신,어르신|노인,,false,2026-07-16,,[경기 성남시] 방문요양 돌봄 도우미,cmrni9cru0004oi2cy70hyr6t
REVIEW,non-USER(BOT)·실반응 0·실조회 0 — 정책 결정 필요(자동 판정 불가),BOT,JOB,false,349,7,0,0,0,0,0,0,,,,false,2026-06-22,,[대전 대덕구] 롯데웰푸드 직원식당 조리원,cmqpel6cq0000kz0jxo5ywens
REVIEW,non-USER(BOT)·실반응 0·실조회 0 — 정책 결정 필요(자동 판정 불가),BOT,JOB,false,349,23,0,0,0,0,0,0,,,,false,2026-06-05,,[경기 화성시] 돌봄센터 예비센터장,cmq0ledvw0000dy28imsg40dt
REVIEW,non-USER(BOT)·실반응 0·실조회 0 — 정책 결정 필요(자동 판정 불가),BOT,JOB,false,349,8,0,0,0,0,0,0,,,,false,2026-06-26,,[경기 안성시] 한우식당 카운터 직원,cmqush1cz0000k55ngrd5lyqr
REVIEW,실제 SEO 노출면(title/description) 금지 표현(시니어) — 삭제가 아니라 문구 정정 대상,BOT,JOB,false,349,7,0,0,0,0,0,0,시니어,시니어,,false,2026-07-22,,[충남 논산시] 주간보호센터 사무원,cmrw2tjhw0004js1mbkmygcmn
REVIEW,non-USER(BOT)·실반응 0·실조회 0 — 정책 결정 필요(자동 판정 불가),BOT,JOB,false,348,24,0,0,0,0,0,0,,,,false,2026-06-06,,[부산 강서구] 사회복지사 구인,cmq1ze6ez0000jk28cu7992at
REVIEW,non-USER(BOT)·실반응 0·실조회 0 — 정책 결정 필요(자동 판정 불가),BOT,JOB,false,347,9,0,0,0,0,0,0,,,,false,2026-06-18,,[경기 수원시] 센터장으로 함께 ...,cmqj8awuf0000ng0ij7n9nnd1
REVIEW,non-USER(BOT)·실반응 0·실조회 0 — 정책 결정 필요(자동 판정 불가),BOT,JOB,false,347,6,0,0,0,0,0,0,,,,false,2026-07-13,,[인천 영종구] 항공 기내식 세척·조리,cmrj9fisr0000k32crn87xib1
REVIEW,non-USER(BOT)·실반응 0·실조회 0 — 정책 결정 필요(자동 판정 불가),BOT,JOB,false,346,8,0,0,0,0,0,0,,,,false,2026-07-15,,[서울 구로구] 청소년지도사 채용 공고,cmrlvf4sq0004l92ctjogcqcs
REVIEW,non-USER(BOT)·실반응 0·실조회 0 — 정책 결정 필요(자동 판정 불가),BOT,JOB,false,345,4,0,0,0,0,0,0,,,,false,2026-07-30,,[경기 수원시] 어린이집 조리원,cms7bpeeq0004kk4sv0zqgwdi
REVIEW,non-USER(BOT)·실반응 0·실조회 0 — 정책 결정 필요(자동 판정 불가),BOT,JOB,false,345,4,0,0,0,0,0,0,,,,false,2026-07-17,,[경기 양주시] 사임당재활요양원 사무국장 구,cmroqb2vg0004ig1mdkc0f4w2
REVIEW,실제 SEO 노출면(title/description) 금지 표현(노인) — 삭제가 아니라 문구 정정 대상,BOT,JOB,false,345,6,0,0,0,0,0,0,노인,노인,,false,2026-07-06,,[강원 동해시] 노인요양원 사회복지사,cmr95jzsx0000ez3gv7fdtqsp
REVIEW,non-USER(BOT)·실반응 0·실조회 0 — 정책 결정 필요(자동 판정 불가),BOT,JOB,false,345,11,0,0,0,0,0,0,,,,false,2026-07-09,,[서울 서초구] 병원 시설관리 주임,cmrdkjrz50000jp2ckvzlksdh
REVIEW,non-USER(BOT)·실반응 0·실조회 0 — 정책 결정 필요(자동 판정 불가),BOT,JOB,false,344,108,0,0,0,0,0,1,,,,false,2026-05-16,,[대구 중구] 수술실 스크럽 경력 간호사 ,cmp84a0850000ju4es9ng8c7o
REVIEW,실제 SEO 노출면(title/description) 금지 표현(시니어) — 삭제가 아니라 문구 정정 대상,BOT,JOB,false,344,8,0,0,0,0,0,0,시니어,시니어,,false,2026-06-27,,[강원 춘천시] 방문의료 사회복지사,cmqw60ems0000k05ndof6n02p
REVIEW,non-USER(BOT)·실반응 0·실조회 0 — 정책 결정 필요(자동 판정 불가),BOT,JOB,false,344,7,0,0,0,0,0,0,,,,false,2026-08-18,,[강원 철원군] 요양원 사무원,cmsyl9ylx0004h16humqkskz1
REVIEW,non-USER(BOT)·실반응 0·실조회 0 — 정책 결정 필요(자동 판정 불가),BOT,JOB,false,343,11,0,0,0,0,0,0,,,,false,2026-07-24,,[서울 노원구] 농협 객장안내·배송 직원,cmryxn0dk0004h94st8myh1ll
REVIEW,non-USER(BOT)·실반응 0·실조회 0 — 정책 결정 필요(자동 판정 불가),BOT,JOB,false,343,5,0,0,0,0,0,0,,,,false,2026-07-26,,[서울 서대문구] 병원 직원식당 조리원,cms1rh2520004e24sixm8wnny
REVIEW,non-USER(BOT)·실반응 0·실조회 0 — 정책 결정 필요(자동 판정 불가),BOT,JOB,false,343,6,0,0,0,0,0,0,,,,false,2026-07-09,,[서울 동작구] 병원 구내식당 조리원,cmrdddvsi0000lg3gexjqj9rt
REVIEW,실제 SEO 노출면(title/description) 금지 표현(시니어·어르신) — 삭제가 아니라 문구 정정 대상,BOT,JOB,false,343,23,0,0,0,0,0,0,시니어|어르신,시니어|어르신,,false,2026-06-08,,[경기 화성시] 방문요양 돌봄 도우미,cmq5bzvcb0000lc28xm9mvjan
REVIEW,non-USER(BOT)·실반응 0·실조회 0 — 정책 결정 필요(자동 판정 불가),BOT,JOB,false,342,6,0,0,0,0,0,0,,,,false,2026-08-12,,[대전 중구] 안경렌즈 전화상담 및 주문처리,cmsq1bqa50004d34stx3el8b4
REVIEW,non-USER(BOT)·실반응 0·실조회 0 — 정책 결정 필요(자동 판정 불가),BOT,JOB,false,342,23,0,0,0,0,0,0,,,,false,2026-06-07,,[부산 강서구] 유니버셜리프트앤히타치코리아 ,cmq3g4hl10000jg28njx9z5kf
REVIEW,실제 SEO 노출면(title/description) 금지 표현(시니어) — 삭제가 아니라 문구 정정 대상,BOT,JOB,false,342,4,0,0,0,0,0,0,시니어,시니어,,false,2026-06-23,,[서울 동작구] 주거복지 상담사,cmqqp98sq0000jv0jk9wlmwtd
REVIEW,동일 제목 중복 — 정본 1건 선택 필요,BOT,JOB,false,341,5,0,0,0,0,0,0,,,,true,2026-07-14,,[인천 서구] 요양보호사,cmrk82oy80000md2cnnbb64rb
REVIEW,non-USER(BOT)·실반응 0·실조회 0 — 정책 결정 필요(자동 판정 불가),BOT,JOB,false,341,8,0,0,0,0,0,0,,,,false,2026-06-24,,[경기 남양주시] 시설장 모집 - 간호사경력 ,cmqs40sxj0000k30jc9dru3ia
REVIEW,non-USER(BOT)·실반응 0·실조회 0 — 정책 결정 필요(자동 판정 불가),BOT,JOB,false,341,10,0,0,0,0,0,0,,,,false,2026-06-21,,[인천 남동구] 식품공장 생산직,cmqni9was0000kk0jeexq7hyb
REVIEW,non-USER(BOT)·실반응 0·실조회 0 — 정책 결정 필요(자동 판정 불가),BOT,JOB,false,341,6,0,0,0,0,0,0,,,,false,2026-07-26,,[부산 강서구] 유치원 아침 돌봄 교사,cms1envi40004hr4s2v4dfbw0
REVIEW,실제 SEO 노출면(title/description) 금지 표현(실버) — 삭제가 아니라 문구 정정 대상,BOT,JOB,false,341,7,0,0,0,0,0,0,실버,실버,,false,2026-07-01,,[인천 검단구] 요양보호사,cmr1qxmyv0000l05ndephrei3
REVIEW,실제 SEO 노출면(title/description) 금지 표현(실버) — 삭제가 아니라 문구 정정 대상,BOT,JOB,false,341,8,0,0,0,0,0,0,실버,실버,,false,2026-06-25,,[서울 구로구] 요양원 간호사,cmqtcqzs80000k00jgh56vqt1
REVIEW,non-USER(BOT)·실반응 0·실조회 0 — 정책 결정 필요(자동 판정 불가),BOT,JOB,false,340,9,0,0,0,0,0,0,,,,false,2026-06-27,,[경기 화성시] 아워홈 직원식당 조리보조,cmqvzluu50000k75nx8skcl4y
REVIEW,non-USER(BOT)·실반응 0·실조회 0 — 정책 결정 필요(자동 판정 불가),BOT,JOB,false,340,6,0,0,0,0,0,0,,,,false,2026-07-29,,[서울 동작구] 어린이집 보조교사,cms63nzsc0004iy4snf6jaui6
REVIEW,실제 SEO 노출면(title/description) 금지 표현(시니어) — 삭제가 아니라 문구 정정 대상,BOT,JOB,false,339,5,0,0,0,0,0,0,시니어,시니어,,false,2026-07-31,,[경기 고양시] 고양시 한양파인컨트리클럽골프,cms8yi0dg0004j24swxdth61m
REVIEW,non-USER(BOT)·실반응 0·실조회 0 — 정책 결정 필요(자동 판정 불가),BOT,JOB,false,339,6,0,0,0,0,0,0,,,,false,2026-07-20,,[경기 이천시] 청강문화산업대학교 직원,cmrt91da20004gu1mvfgscv12
REVIEW,non-USER(BOT)·실반응 0·실조회 0 — 정책 결정 필요(자동 판정 불가),BOT,JOB,false,339,9,0,0,0,0,0,0,,,,false,2026-08-19,,[울산 북구] 현대자동차 구내식당 조리보조,cmszk9aag0004kr6h77a05hew
REVIEW,non-USER(BOT)·실반응 0·실조회 0 — 정책 결정 필요(자동 판정 불가),BOT,JOB,false,339,7,0,0,0,0,0,0,,,,false,2026-06-21,,[경기 오산시] 화학소재 생산직,cmqntbosz0000e50j7rrr3gnl
REVIEW,non-USER(BOT)·실반응 0·실조회 0 — 정책 결정 필요(자동 판정 불가),BOT,JOB,false,339,6,0,0,0,0,0,0,,,,false,2026-08-18,,[인천 연수구] 구내식당 조리보조,cmsy4s9ql0004kl6hawjrwb6z
REVIEW,실제 SEO 노출면(title/description) 금지 표현(어르신·실버) — 삭제가 아니라 문구 정정 대상,BOT,JOB,false,339,6,0,0,0,0,0,0,어르신|실버,어르신|실버,,true,2026-07-19,,[경기 김포시] 요양보호사,cmrrl04ll0004il1m6a8ityeo
REVIEW,non-USER(BOT)·실반응 0·실조회 0 — 정책 결정 필요(자동 판정 불가),BOT,JOB,false,339,7,0,0,0,0,0,0,,,,false,2026-07-25,,[경기 시흥시] 고객지원팀 드롱기 소형가전 ,cmrzybnzb0004j04sms1r3dpp
REVIEW,동일 제목 중복 — 정본 1건 선택 필요,BOT,JOB,false,339,138,0,0,0,0,0,2,,,,true,2026-05-04,,[인천 서구] 요양보호사,cmoqzn9ao0000j23fbcnytx0g
REVIEW,non-USER(BOT)·실반응 0·실조회 0 — 정책 결정 필요(자동 판정 불가),BOT,JOB,false,339,8,0,0,0,0,0,0,,,,false,2026-06-21,,[경기 오산시] 종합건축 및 실내건축 관리자,cmqnnvp920000jv0jhvjzehno
REVIEW,실제 SEO 노출면(title/description) 금지 표현(시니어·어르신·노인) — 삭제가 아니라 문구 정정 대상,BOT,JOB,false,339,21,0,0,0,0,0,0,시니어|어르신|노인,시니어|어르신|노인,,false,2026-06-10,,[서울 강남구] 재가 요양보호사,cmq7qksbb0000hx0i509osh0t
REVIEW,non-USER(BOT)·실반응 0·실조회 0 — 정책 결정 필요(자동 판정 불가),BOT,JOB,false,338,26,0,0,0,0,0,0,,,,false,2026-06-06,,[경북 성주군] 사무원,cmq2bi9bq0000ju281qub9g50
REVIEW,non-USER(BOT)·실반응 0·실조회 0 — 정책 결정 필요(자동 판정 불가),BOT,JOB,false,338,8,0,0,0,0,0,0,,,,false,2026-07-09,,[경기 안양시] 아파트 청소 관리원,cmrd5iubn0000f03glqwddoi3
REVIEW,non-USER(BOT)·실반응 0·실조회 0 — 정책 결정 필요(자동 판정 불가),BOT,JOB,false,338,4,0,0,0,0,0,0,,,,false,2026-06-28,,[대구 수성구] 직원 채용,cmqxg94wu0000m45nrnwu8ig9
REVIEW,non-USER(BOT)·실반응 0·실조회 0 — 정책 결정 필요(자동 판정 불가),BOT,JOB,false,338,23,0,0,0,0,0,0,,,,false,2026-06-04,,[경기 용인 수지구] 학교 미화원,cmpzkp7380000l728kav3u7gv
REVIEW,실제 SEO 노출면(title/description) 금지 표현(시니어·어르신) — 삭제가 아니라 문구 정정 대상,BOT,JOB,false,338,6,0,0,0,0,0,0,시니어|어르신,시니어|어르신,,true,2026-07-29,,[서울 영등포구] 재가요양보호사,cms5wko1z0004je4see0xjaoj
REVIEW,실제 SEO 노출면(title/description) 금지 표현(노인·시니어) — 삭제가 아니라 문구 정정 대상,BOT,JOB,false,337,8,0,0,0,0,0,0,노인|시니어,노인|시니어,,false,2026-08-08,,[서울 중랑구] 노인요양 돌봄 직원,cmskazag60004la4sqmbyi71r
REVIEW,non-USER(BOT)·실반응 0·실조회 0 — 정책 결정 필요(자동 판정 불가),BOT,JOB,false,337,7,0,0,0,0,0,0,,,,false,2026-06-14,,[대구 수성구] 방문 요양보호사,cmqdnc9hw0000jf0iftvxm66u
REVIEW,non-USER(BOT)·실반응 0·실조회 0 — 정책 결정 필요(자동 판정 불가),BOT,JOB,false,337,6,0,0,0,0,0,0,,,,false,2026-07-01,,[서울 동작구] 데이케어센터 야간 운전원,cmr1yejzn0000le5n5stygh7t
REVIEW,본문 금지 표현(실버) — SEO 노출면은 아니다. 문구 정정 후보,BOT,JOB,false,337,177,0,0,0,0,0,3,,실버,,false,2026-04-19,,[전남 순천시] 간호조무사,cmo5bz9ew0000ga3fqjfe3bzr
REVIEW,non-USER(BOT)·실반응 0·실조회 0 — 정책 결정 필요(자동 판정 불가),BOT,JOB,false,337,6,0,0,0,0,0,0,,,,false,2026-07-28,,[서울 서대문구] 조리 외래 강사,cms4h269f0004jb4sr1x7t0em
REVIEW,실제 SEO 노출면(title/description) 금지 표현(어르신·노인) — 삭제가 아니라 문구 정정 대상,BOT,JOB,false,336,432,0,0,0,0,0,2,어르신|노인,어르신|노인,,false,2026-04-24,,[인천 연수구] 요양보호사,cmocutg680000ij3fwtp7qgab
REVIEW,non-USER(BOT)·실반응 0·실조회 0 — 정책 결정 필요(자동 판정 불가),BOT,JOB,false,336,10,0,0,0,0,0,0,,,,false,2026-06-16,,[강원 원주시] 병원 직원식당 조리원,cmqgeoxd30000mx0ic4rmkjte
REVIEW,실제 SEO 노출면(title/description) 금지 표현(노인·시니어·어르신) — 삭제가 아니라 문구 정정 대상,BOT,JOB,false,336,22,0,0,0,0,0,0,노인|시니어|어르신,노인|시니어|어르신,,false,2026-06-10,,[서울 동작구] 노인돌봄 생활지원사,cmq861cel0000kb28riz2us0q
REVIEW,non-USER(BOT)·실반응 0·실조회 0 — 정책 결정 필요(자동 판정 불가),BOT,JOB,false,336,7,0,0,0,0,0,0,,,,false,2026-06-18,,[서울 동작구] 요양보호사,cmqjla1f70000k10j0c9ftuob
REVIEW,실제 SEO 노출면(title/description) 금지 표현(시니어) — 삭제가 아니라 문구 정정 대상,BOT,JOB,false,336,6,0,0,0,0,0,0,시니어,시니어,,false,2026-07-11,,[서울 성동구] 아파트 청소 미화원,cmrfy2tf20000dt2cjfnd21sz
REVIEW,non-USER(BOT)·실반응 0·실조회 0 — 정책 결정 필요(자동 판정 불가),BOT,JOB,false,336,9,0,0,0,0,0,0,,,,false,2026-06-13,,[경북 성주군] 지게차 운전원,cmqcd2lek0000i50iosns7zx6
REVIEW,non-USER(BOT)·실반응 0·실조회 0 — 정책 결정 필요(자동 판정 불가),BOT,JOB,false,336,8,0,0,0,0,0,0,,,,false,2026-08-10,,[경기 양주시] 간호조무사 선생님을 모십니다,cmsn6go0f0004iw4sgip7zqyk
REVIEW,실제 SEO 노출면(title/description) 금지 표현(어르신) — 삭제가 아니라 문구 정정 대상,BOT,JOB,false,336,212,0,0,0,0,0,1,어르신,어르신,,false,2026-04-19,,[부산 사하구] 4등급 79세 여자어르신 주,cmo5h7twx0000hr3f5aztf5m4
REVIEW,non-USER(BOT)·실반응 0·실조회 0 — 정책 결정 필요(자동 판정 불가),BOT,JOB,false,336,5,0,0,0,0,0,0,,,,false,2026-08-21,,[서울 강서구] 공동생활가정 사회복지사,cmt2vmicq0004gvyyiymx8ms0
REVIEW,non-USER(BOT)·실반응 0·실조회 0 — 정책 결정 필요(자동 판정 불가),BOT,JOB,false,335,109,0,0,0,0,0,2,,,,false,2026-05-07,,[경기 수원시] 병원 급식실 배식·세척,cmov2lyov0000k33fvsj64tq4
REVIEW,non-USER(BOT)·실반응 0·실조회 0 — 정책 결정 필요(자동 판정 불가),BOT,JOB,false,335,7,0,0,0,0,0,0,,,,false,2026-07-23,,[경기 수원시] 아파트 외곽 청소원,cmrxbg0rf0004j34sbw8j9tcm
REVIEW,실제 SEO 노출면(title/description) 금지 표현(어르신·노인) — 삭제가 아니라 문구 정정 대상,BOT,JOB,false,335,7,0,0,0,0,0,0,어르신|노인,어르신|노인,,false,2026-06-16,,[울산 남구] 재가요양보호사,cmqgm48ux0000op0i0exhpa6c
REVIEW,non-USER(BOT)·실반응 0·실조회 0 — 정책 결정 필요(자동 판정 불가),BOT,JOB,false,335,227,0,0,0,0,0,3,,,,false,2026-04-21,,[경기 평택시] 요양원 사회복지사,cmo86som40000h03fhqug7mro
REVIEW,실제 SEO 노출면(title/description) 금지 표현(어르신) — 삭제가 아니라 문구 정정 대상,BOT,JOB,false,335,6,0,0,0,0,0,0,어르신,어르신,,false,2026-07-08,,[서울 양천구] 병원동행 매니저,cmrbvub300000k12cltcfyevl
REVIEW,non-USER(BOT)·실반응 0·실조회 0 — 정책 결정 필요(자동 판정 불가),BOT,JOB,false,335,375,0,0,0,0,0,3,,,,false,2026-04-22,,[경기 연천군] 간호조무사,cmo9sdl620000in3fw3ehndsq
REVIEW,실제 SEO 노출면(title/description) 금지 표현(시니어) — 삭제가 아니라 문구 정정 대상,BOT,JOB,false,335,6,0,0,0,0,0,0,시니어,시니어,,false,2026-06-29,,[인천 서구] LG마그나 사내 미화원,cmqyyd6gf0000lr5n176rnldy
REVIEW,non-USER(BOT)·실반응 0·실조회 0 — 정책 결정 필요(자동 판정 불가),BOT,JOB,false,335,22,0,0,0,0,0,0,,,,false,2026-06-05,,[전남 무안군] 전남여성가족재단 구내식당 조,cmq0zwoai0000jf282rqeafzi
REVIEW,실제 SEO 노출면(title/description) 금지 표현(어르신·노인) — 삭제가 아니라 문구 정정 대상,BOT,JOB,false,335,7,0,0,0,0,0,0,어르신|노인,어르신|노인,,false,2026-06-15,,[경기 오산시] 요양보호사,cmqffbhyr0000ny0iw0fach54
REVIEW,non-USER(BOT)·실반응 0·실조회 0 — 정책 결정 필요(자동 판정 불가),BOT,JOB,false,335,9,0,0,0,0,0,0,,,,false,2026-07-11,,[서울 영등포구] 조리사 긴급 채용 공...,cmrg4vfuz0000kk2c3v5aba4h
REVIEW,non-USER(BOT)·실반응 0·실조회 0 — 정책 결정 필요(자동 판정 불가),BOT,JOB,false,335,8,0,0,0,0,0,0,,,,false,2026-06-20,,[전북 순창] 아파트 경리 사무직,cmqm0oedj0000k60jfaai1by7
REVIEW,동일 제목 중복 — 정본 1건 선택 필요,BOT,JOB,false,334,131,0,0,0,0,0,1,,,,true,2026-05-16,,[경기 남양주시] 요양보호사,cmp7y353r0000j04e10hqvx42
REVIEW,실제 SEO 노출면(title/description) 금지 표현(어르신) — 삭제가 아니라 문구 정정 대상,BOT,JOB,false,334,8,0,0,0,0,0,0,어르신,어르신,,false,2026-07-27,,[서울 은평구] 요양보호사,cms33xdi30004j84s2ubou15o
REVIEW,non-USER(BOT)·실반응 0·실조회 0 — 정책 결정 필요(자동 판정 불가),BOT,JOB,false,334,137,0,0,0,0,0,0,,,,false,2026-05-05,,[경북 문경시] 요양병원 조리사,cmoskssoi0000k53fdeiepbvb
REVIEW,non-USER(BOT)·실반응 0·실조회 0 — 정책 결정 필요(자동 판정 불가),BOT,JOB,false,334,23,0,0,0,0,0,0,,,,false,2026-06-07,,[부산 강서구] 금속부품 납품 배송직,cmq3mg92g0000lc282t96jl9g
REVIEW,non-USER(BOT)·실반응 0·실조회 0 — 정책 결정 필요(자동 판정 불가),BOT,JOB,false,334,347,0,0,0,0,0,2,,,,false,2026-04-15,,[경기 안산시] 식품회사 사무직,cmnzlscff0000jd0jwj3ozlzb
REVIEW,동일 제목 중복 — 정본 1건 선택 필요,BOT,JOB,false,334,67,0,0,0,0,0,0,,,,true,2026-05-12,,[경기 남양주시] 요양보호사,cmp27zqgi0000hh3frfev2z73
REVIEW,non-USER(BOT)·실반응 0·실조회 0 — 정책 결정 필요(자동 판정 불가),BOT,JOB,false,334,64,0,0,0,0,0,2,,,,false,2026-05-08,,[경기 용인시] 방문요양 요양보호사,cmownd6yj0000jk3f836kk56i
REVIEW,실제 SEO 노출면(title/description) 금지 표현(어르신) — 삭제가 아니라 문구 정정 대상,BOT,JOB,false,334,11,0,0,0,0,0,0,어르신,어르신,,true,2026-08-08,,[서울 영등포구] 재가요양보호사,cmsk31cma0004j54s36t1cecq
REVIEW,non-USER(BOT)·실반응 0·실조회 0 — 정책 결정 필요(자동 판정 불가),BOT,JOB,false,334,7,0,0,0,0,0,0,,,,false,2026-08-18,,[경기 수원시] 같이 근무할 조리사 구합니다,cmsyd7wdw0004bj6h4krvy5qg
REVIEW,non-USER(BOT)·실반응 0·실조회 0 — 정책 결정 필요(자동 판정 불가),BOT,JOB,false,333,413,0,0,0,0,0,1,,,,false,2026-04-22,,[서울 동작구] 호텔 객실 청소원,cmoa03xid0000ka2u9xxc4666
REVIEW,non-USER(BOT)·실반응 0·실조회 0 — 정책 결정 필요(자동 판정 불가),BOT,JOB,false,333,148,0,0,0,0,0,3,,,,false,2026-05-04,,[서울 송파구] 재활병원 미화원,cmoqsdd9p0000kf3fnte34335
REVIEW,non-USER(BOT)·실반응 0·실조회 0 — 정책 결정 필요(자동 판정 불가),BOT,JOB,false,333,9,0,0,0,0,0,0,,,,false,2026-07-02,,[경기도 화성시] 화성시 건설현장 사무보조 모,cmr35b7860000ld5njzqmpvsh
REVIEW,non-USER(BOT)·실반응 0·실조회 0 — 정책 결정 필요(자동 판정 불가),BOT,JOB,false,333,5,0,0,0,0,0,0,,,,false,2026-07-28,,[경기 고양시] 요양보호사,cms4927k60004j04sd8sy783e
REVIEW,non-USER(BOT)·실반응 0·실조회 0 — 정책 결정 필요(자동 판정 불가),BOT,JOB,false,333,28,0,0,0,0,0,0,,,,false,2026-06-04,,[서울 서초구] 사무실 미화원,cmpzdduen0000ka2898by6rws
REVIEW,실제 SEO 노출면(title/description) 금지 표현(시니어) — 삭제가 아니라 문구 정정 대상,BOT,JOB,false,333,446,0,0,0,0,0,2,시니어,시니어,,false,2026-04-15,,[경기 용인시] 미화 채용-골프장 -오전 오,cmnzs78ku0000h10jrlbom611
REVIEW,non-USER(BOT)·실반응 0·실조회 0 — 정책 결정 필요(자동 판정 불가),BOT,JOB,false,333,6,0,0,0,0,0,0,,,,false,2026-07-03,,[경기 성남시] 분당제일여성병원성남점 직원식,cmr4rxsy10000kt3g5w4hy7y2
REVIEW,실제 SEO 노출면(title/description) 금지 표현(어르신·노인) — 삭제가 아니라 문구 정정 대상,BOT,JOB,false,333,6,0,0,0,0,0,0,어르신|노인,어르신|노인,,false,2026-07-25,,[서울 관악구] 재가 요양보호사,cms05ha5s0004et4swhuvlnmf
REVIEW,실제 SEO 노출면(title/description) 금지 표현(어르신) — 삭제가 아니라 문구 정정 대상,BOT,JOB,false,332,6,0,0,0,0,0,0,어르신,어르신,,false,2026-07-21,,[서울 강남구] 삼성동/2등급/남자어르신/1,cmrunazii0004jl1ml0bxl3xa
REVIEW,non-USER(BOT)·실반응 0·실조회 0 — 정책 결정 필요(자동 판정 불가),BOT,JOB,false,332,117,0,0,0,0,0,2,,,,false,2026-05-14,,[서울 동작구] 어린이집 위생원,cmp5gn8vi0000jb3fblnp6p8o
REVIEW,non-USER(BOT)·실반응 0·실조회 0 — 정책 결정 필요(자동 판정 불가),BOT,JOB,false,332,55,0,0,0,0,0,0,,,,false,2026-05-11,,[경기 김포시] 간호조무사,cmp195kbz0000mi3fuz4evrzu
REVIEW,non-USER(BOT)·실반응 0·실조회 0 — 정책 결정 필요(자동 판정 불가),BOT,JOB,false,332,6,0,0,0,0,0,0,,,,false,2026-06-17,,[경기 화성시] 공원 미화원,cmqi64cdw0000n70ixmjxfe7z
REVIEW,실제 SEO 노출면(title/description) 금지 표현(시니어) — 삭제가 아니라 문구 정정 대상,BOT,JOB,false,332,311,0,0,0,0,0,2,시니어,시니어,,false,2026-04-26,,[서울 영등포구] 강남성심병원 주차관리원모집 ,cmofbzhhb0000ha3fvm2ui8dq
REVIEW,non-USER(BOT)·실반응 0·실조회 0 — 정책 결정 필요(자동 판정 불가),BOT,JOB,false,332,7,0,0,0,0,0,0,,,,false,2026-08-17,,[서울 중구] 호텔 프론트·객실점검 담당,cmswphseq0004hf6hmz86exws
REVIEW,non-USER(BOT)·실반응 0·실조회 0 — 정책 결정 필요(자동 판정 불가),BOT,JOB,false,332,5,0,0,0,0,0,0,,,,false,2026-07-12,,[경기도 화성시] 4등급 ...,cmrhectuq0000kc2c5g004f6q
REVIEW,동일 제목 중복 — 정본 1건 선택 필요,BOT,JOB,false,332,7,0,0,0,0,0,0,,,,true,2026-07-12,,[경기 김포시] 요양보호사,cmrhr2c6b0000ih2c5sarxc6i
REVIEW,non-USER(BOT)·실반응 0·실조회 0 — 정책 결정 필요(자동 판정 불가),BOT,JOB,false,331,60,0,0,0,0,0,0,,,,false,2026-05-09,,[대구 북구] 북구 후임영양사님 구인합니다,cmoy306wc0000jy3f1xx68x9q
REVIEW,실제 SEO 노출면(title/description) 금지 표현(어르신) — 삭제가 아니라 문구 정정 대상,BOT,JOB,false,331,8,0,0,0,0,0,0,어르신,어르신,,false,2026-07-20,,[서울 중랑구] 4등급 오전/ 주6일 - .,cmrsucp0d0004jk1mv5s8cs0x
REVIEW,non-USER(BOT)·실반응 0·실조회 0 — 정책 결정 필요(자동 판정 불가),BOT,JOB,false,331,5,0,0,0,0,0,0,,,,false,2026-07-23,,[경기 평택시] 운송회사 전산·고객응대,cmrxicojz0004en1mbziwn5tb
REVIEW,실제 SEO 노출면(title/description) 금지 표현(어르신) — 삭제가 아니라 문구 정정 대상,BOT,JOB,false,331,6,0,0,0,0,0,0,어르신,어르신,,false,2026-08-14,,[서울 강서구] 요양보호사,cmsshaxui0004mj4s1qoh0krn
REVIEW,실제 SEO 노출면(title/description) 금지 표현(어르신) — 삭제가 아니라 문구 정정 대상,BOT,JOB,false,331,6,0,0,0,0,0,0,어르신,어르신,,false,2026-06-18,,[서울 영등포구] 신풍역 4등급 여자 어르신 ,cmqjf339w0000l10ip4ugxql6
REVIEW,non-USER(BOT)·실반응 0·실조회 0 — 정책 결정 필요(자동 판정 불가),BOT,JOB,false,330,6,0,0,0,0,0,0,,,,false,2026-06-20,,[강원 동해시] 시설관리원,cmqm7apbo0000kt0jf7e66qv5
REVIEW,실제 SEO 노출면(title/description) 금지 표현(시니어) — 삭제가 아니라 문구 정정 대상,BOT,JOB,false,330,9,0,0,0,0,0,0,시니어,시니어,,false,2026-06-28,,[경기 이천시] 아파트 경비원,cmqxrcb8z0000dy5nadk3yfza
REVIEW,non-USER(BOT)·실반응 0·실조회 0 — 정책 결정 필요(자동 판정 불가),BOT,JOB,false,330,5,0,0,0,0,0,0,,,,false,2026-06-11,,[서울 강남구] 근로지원인 수어통역사,cmq9fp59h0000i728gjgjrz0s
REVIEW,non-USER(BOT)·실반응 0·실조회 0 — 정책 결정 필요(자동 판정 불가),BOT,JOB,false,330,8,0,0,0,0,0,0,,,,false,2026-07-06,,[서울 성동구] 무신사 직원식당 조리원 모집,cmr8w7o850000ky3gr8ftn4wj
REVIEW,non-USER(BOT)·실반응 0·실조회 0 — 정책 결정 필요(자동 판정 불가),BOT,JOB,false,330,258,0,0,0,0,0,1,,,,false,2026-04-17,,[경기 시흥시] 계약직원 채용 공고,cmo2n1ury0000i00jpcxcl15r
REVIEW,non-USER(BOT)·실반응 0·실조회 0 — 정책 결정 필요(자동 판정 불가),BOT,JOB,false,330,6,0,0,0,0,0,0,,,,false,2026-06-30,,[서울 동작구] 재가복지 사회복지사,cmr0iiuj00000mm5nzoxrs83i
REVIEW,실제 SEO 노출면(title/description) 금지 표현(노인) — 삭제가 아니라 문구 정정 대상,BOT,JOB,false,330,5,0,0,0,0,0,0,노인,노인,,false,2026-08-11,,[서울 송파구] 헬리오시티 4등급 여자 어르,cmsolt8fw0004j54shbtg97bn
REVIEW,non-USER(BOT)·실반응 0·실조회 0 — 정책 결정 필요(자동 판정 불가),BOT,JOB,false,330,8,0,0,0,0,0,0,,,,false,2026-08-05,,[서울 강동구] 평생학습관 미화원,cmsfwlyyl0004ek4s94buhsls
REVIEW,non-USER(BOT)·실반응 0·실조회 0 — 정책 결정 필요(자동 판정 불가),BOT,JOB,false,330,7,0,0,0,0,0,0,,,,false,2026-06-17,,[서울 강동구] 병원 급식 조리원,cmqi0ord80000mu0i548yjbvu
REVIEW,non-USER(BOT)·실반응 0·실조회 0 — 정책 결정 필요(자동 판정 불가),BOT,JOB,false,329,9,0,0,0,0,0,0,,,,false,2026-06-19,,[서울 중구] 사회복지 돌봄 직원,cmqkv0daq0000lr0jbeg4lm5o
REVIEW,non-USER(BOT)·실반응 0·실조회 0 — 정책 결정 필요(자동 판정 불가),BOT,JOB,false,329,136,0,0,0,0,0,2,,,,false,2026-05-15,,[경기 안양시] 국민취업지원제도 상담사 채용,cmp6qp0op0000kb3fb110ohgs
REVIEW,non-USER(BOT)·실반응 0·실조회 0 — 정책 결정 필요(자동 판정 불가),BOT,JOB,false,329,2473,0,0,0,0,0,0,,,,false,2026-03-30,,[경기 수원시] 재가 요양보호사 모집,cmncr1vfy0000is38jxd0jc2q
REVIEW,non-USER(BOT)·실반응 0·실조회 0 — 정책 결정 필요(자동 판정 불가),BOT,JOB,false,329,7,0,0,0,0,0,0,,,,false,2026-08-06,,[서울 영등포구] 담임교사 채용 안내,cmshj29g40004ix4sr3za7nbi
REVIEW,non-USER(BOT)·실반응 0·실조회 0 — 정책 결정 필요(자동 판정 불가),BOT,JOB,false,329,7,0,0,0,0,0,0,,,,false,2026-06-27,,[경남 함양군] 요양보호사,cmqwbsgr40000kx5nuqphvbrr
REVIEW,non-USER(BOT)·실반응 0·실조회 0 — 정책 결정 필요(자동 판정 불가),BOT,JOB,false,329,8,0,0,0,0,0,0,,,,false,2026-07-27,,[경기 수원시] 상가 미화 관리원,cms2uy6vr0004kz4srhywvbqp
REVIEW,non-USER(BOT)·실반응 0·실조회 0 — 정책 결정 필요(자동 판정 불가),BOT,JOB,false,329,7,0,0,0,0,0,0,,,,false,2026-06-14,,[전남 무안군] 사회복지사,cmqdsq16y0000kq0izv8gpkgv
REVIEW,non-USER(BOT)·실반응 0·실조회 0 — 정책 결정 필요(자동 판정 불가),BOT,JOB,false,329,8,0,0,0,0,0,0,,,,false,2026-07-07,,[서울 동대문구] 단체급식 배식·세척원,cmraaot840000lg3gzlvnqvgr
REVIEW,non-USER(BOT)·실반응 0·실조회 0 — 정책 결정 필요(자동 판정 불가),BOT,JOB,false,329,9,0,0,0,0,0,0,,,,false,2026-08-07,,[경기 김포시] 아파트 실내 미화원,cmsiw2e8l0004m14slz9r06s8
REVIEW,실제 SEO 노출면(title/description) 금지 표현(노인) — 삭제가 아니라 문구 정정 대상,BOT,JOB,false,328,8,0,0,0,0,0,0,노인,노인,,false,2026-06-26,,[경기 의정부시] 의정부동 신도3차. 3등급 ,cmquyln900000kf5nixuxeau3
REVIEW,non-USER(BOT)·실반응 0·실조회 0 — 정책 결정 필요(자동 판정 불가),BOT,JOB,false,328,7,0,0,0,0,0,0,,,,false,2026-06-19,,[경기 의정부시] 방문요양 사회복지사 채용,cmql0oxjo0000kg0jm5839hht
REVIEW,non-USER(BOT)·실반응 0·실조회 0 — 정책 결정 필요(자동 판정 불가),BOT,JOB,false,328,6,0,0,0,0,0,0,,,,false,2026-06-20,,[강원 동해시] 장애인 생활재활교사,cmqmd7ku20000k10jopopimv7
REVIEW,실제 SEO 노출면(title/description) 금지 표현(노인) — 삭제가 아니라 문구 정정 대상,BOT,JOB,false,328,6,0,0,0,0,0,0,노인,노인,,false,2026-07-16,,[경기 수원시] 재가요양보호사 선생님을 모십,cmrn3act90004kp2c4esfod1w
REVIEW,non-USER(BOT)·실반응 0·실조회 0 — 정책 결정 필요(자동 판정 불가),BOT,JOB,false,328,7,0,0,0,0,0,0,,,,false,2026-07-05,,[경기 성남시] 현대백화점 판교점 매점 평일,cmr7s6pkj0000i83gzae663tv
REVIEW,non-USER(BOT)·실반응 0·실조회 0 — 정책 결정 필요(자동 판정 불가),BOT,JOB,false,328,6,0,0,0,0,0,0,,,,false,2026-08-20,,[경기 부천시] 조리원 모집,cmt1884dd0004kr6hfjg6ggyg
REVIEW,non-USER(BOT)·실반응 0·실조회 0 — 정책 결정 필요(자동 판정 불가),BOT,JOB,false,327,5,0,0,0,0,0,0,,,,false,2026-07-19,,[광주 북구] 미화 청소원,cmrre9bjq0004k31mtoe3flge
REVIEW,non-USER(BOT)·실반응 0·실조회 0 — 정책 결정 필요(자동 판정 불가),BOT,JOB,false,327,6,0,0,0,0,0,0,,,,false,2026-07-01,,[인천 남동구] 초등 늘봄과정 교육지원업무 ,cmr24iynl00002n5nfswqvxcw
REVIEW,실제 SEO 노출면(title/description) 금지 표현(노인) — 삭제가 아니라 문구 정정 대상,BOT,JOB,false,327,8,0,0,0,0,0,0,노인,노인,,false,2026-07-24,,[경기 수원시] <영통3동>새빛 방문요양 요,cmryqser50004cx4s2gxy8tz2
REVIEW,실제 SEO 노출면(title/description) 금지 표현(시니어) — 삭제가 아니라 문구 정정 대상,BOT,JOB,false,327,430,0,0,0,0,0,2,시니어,시니어,,false,2026-04-15,,[서울 종로구] 청소원 채용,cmnzm1u6z0000ij0jhj1dptj2
REVIEW,non-USER(BOT)·실반응 0·실조회 0 — 정책 결정 필요(자동 판정 불가),BOT,JOB,false,327,5,0,0,0,0,0,0,,,,false,2026-07-04,,[서울 금천구] 데이케어센터 운전기사,cmr5zer9p0000lv3gw4ztz4p5
REVIEW,non-USER(BOT)·실반응 0·실조회 0 — 정책 결정 필요(자동 판정 불가),BOT,JOB,false,327,7,0,0,0,0,0,0,,,,false,2026-07-27,,[서울 양천구] 어린이집 6시간 연장반 보육,cms3a4tev0004h14skhzcyd5r
REVIEW,non-USER(BOT)·실반응 0·실조회 0 — 정책 결정 필요(자동 판정 불가),BOT,JOB,false,327,8,0,0,0,0,0,0,,,,false,2026-08-03,,[서울 성동구] 건물 미화원 (주간),cmscustzy0004ih4soqrmm91c
REVIEW,non-USER(BOT)·실반응 0·실조회 0 — 정책 결정 필요(자동 판정 불가),BOT,JOB,false,326,5,0,0,0,0,0,0,,,,false,2026-06-17,,[서울 종로구] 문화재단 예술 행정 지원,cmqhthmla0000mu0iwqqd47tj
REVIEW,실제 SEO 노출면(title/description) 금지 표현(노인) — 삭제가 아니라 문구 정정 대상,BOT,JOB,false,326,6,0,0,0,0,0,0,노인,노인,,false,2026-06-19,,[경기 성남시] 4등급 할머니 케어할 요양보,cmqkoiheh0000fw0jy37zalsz
REVIEW,non-USER(BOT)·실반응 0·실조회 0 — 정책 결정 필요(자동 판정 불가),BOT,JOB,false,326,6,0,0,0,0,0,0,,,,false,2026-07-14,,[서울 은평구] 주야간 보호센터 요양보호사 ,cmrkmhard0000ij2clk990eaf
REVIEW,실제 SEO 노출면(title/description) 금지 표현(노인) — 삭제가 아니라 문구 정정 대상,BOT,JOB,false,326,9,0,0,0,0,0,0,노인,노인,,false,2026-06-12,,[대구 동구] 효목동 태왕매트로시티 요양보,cmqb0evym0000ke0i44xbupgs
REVIEW,non-USER(BOT)·실반응 0·실조회 0 — 정책 결정 필요(자동 판정 불가),BOT,JOB,false,325,5,0,0,0,0,0,0,,,,false,2026-08-12,,[인천 남동구] 지역아동센터 생활복지사 채용,cmspu8u0n0004gv6hr2n5600s
REVIEW,실제 SEO 노출면(title/description) 금지 표현(노인) — 삭제가 아니라 문구 정정 대상,BOT,JOB,false,325,7,0,0,0,0,0,0,노인,노인,,false,2026-06-13,,[대구 북구] 재가요양보호사,cmqc70zr70000k40ixouc2d56
REVIEW,non-USER(BOT)·실반응 0·실조회 0 — 정책 결정 필요(자동 판정 불가),BOT,JOB,false,325,395,0,0,0,0,0,1,,,,false,2026-04-26,,"[경기 이천시] 제조회사 전기, 영선담당 직",cmofp0rio0000hg3fawdj81hi
REVIEW,실제 SEO 노출면(title/description) 금지 표현(시니어) — 삭제가 아니라 문구 정정 대상,BOT,JOB,false,325,438,0,0,0,0,0,0,시니어,시니어,,false,2026-03-26,,[경기 부천시] 브로드밴드TS 아웃바운드 상,cmn7ewd9e0000ir38npqae9yf
REVIEW,실제 SEO 노출면(title/description) 금지 표현(시니어) — 삭제가 아니라 문구 정정 대상,BOT,JOB,false,325,386,0,0,0,0,0,0,시니어,시니어,,false,2026-03-28,,[경기 양주시] 사회복지사 모집 공고,cmn9uzmyj0000gg38sdhu2m1t
REVIEW,실제 SEO 노출면(title/description) 금지 표현(시니어) — 삭제가 아니라 문구 정정 대상,BOT,JOB,false,325,8,0,0,0,0,0,0,시니어,시니어,,false,2026-07-02,,[서울 양천구] 요양원 조리원,cmr3iqtex0000la3gppcbdsch
REVIEW,non-USER(BOT)·실반응 0·실조회 0 — 정책 결정 필요(자동 판정 불가),BOT,JOB,false,325,6,0,0,0,0,0,0,,,,false,2026-08-01,,[부산 사상구] 요양보호사,cmsa5us4s0004j24ssutj60sm
REVIEW,non-USER(BOT)·실반응 0·실조회 0 — 정책 결정 필요(자동 판정 불가),BOT,JOB,false,325,19,0,0,0,0,0,0,,,,false,2026-06-09,,[경기 평택시] 요양보호사,cmq6p495u0000is28azremru8
REVIEW,non-USER(BOT)·실반응 0·실조회 0 — 정책 결정 필요(자동 판정 불가),BOT,JOB,false,324,88,0,0,0,0,0,3,,,,false,2026-05-08,,[인천 서구] 요양원 사회복지사,cmowgzkg30000j33fscow2vd5
REVIEW,non-USER(BOT)·실반응 0·실조회 0 — 정책 결정 필요(자동 판정 불가),BOT,JOB,false,324,6,0,0,0,0,0,0,,,,false,2026-07-21,,[경기 수원시] 시설관리 함께 하실분 찾습니,cmrugo66m0004ks1mfzg8fjmd
REVIEW,non-USER(BOT)·실반응 0·실조회 0 — 정책 결정 필요(자동 판정 불가),BOT,JOB,false,324,59,0,0,0,0,0,0,,,,false,2026-05-10,,[부산 강서구] 식품 생산직 작업원,cmozpilix0000jy3fs5nz5krb
REVIEW,non-USER(BOT)·실반응 0·실조회 0 — 정책 결정 필요(자동 판정 불가),BOT,JOB,false,324,360,0,0,0,0,0,3,,,,false,2026-04-26,,[경기 이천시] 요양원 사회복지사,cmofhvp3a0000id3f8fjr3abm
REVIEW,실제 SEO 노출면(title/description) 금지 표현(어르신) — 삭제가 아니라 문구 정정 대상,BOT,JOB,false,324,6,0,0,0,0,0,0,어르신,어르신,,false,2026-06-22,,[대구 서구] 평리동 여어르신 재가 방문 ,cmqp09t790000k10j6bpl4t6l
REVIEW,non-USER(BOT)·실반응 0·실조회 0 — 정책 결정 필요(자동 판정 불가),BOT,JOB,false,324,6,0,0,0,0,0,0,,,,false,2026-07-15,,[서울 강남구] 실내 미화 청소원,cmrm2knft0004o22c8kaxrsa2
REVIEW,실제 SEO 노출면(title/description) 금지 표현(노인) — 삭제가 아니라 문구 정정 대상,BOT,JOB,false,324,111,0,0,0,0,0,1,노인,노인,,false,2026-05-15,,[서울 동작구] 방문사회복지사 구함,cmp6xjmyd0000jl3fciugooa8
REVIEW,non-USER(BOT)·실반응 0·실조회 0 — 정책 결정 필요(자동 판정 불가),BOT,JOB,false,324,5,0,0,0,0,0,0,,,,false,2026-07-29,,[경기 군포시] 요양보호사,cms5onav70004is4sggc8gs98
REVIEW,non-USER(BOT)·실반응 0·실조회 0 — 정책 결정 필요(자동 판정 불가),BOT,JOB,false,323,298,0,0,0,0,0,1,,,,false,2026-05-16,,[전북 전주시] 보육교사채용,cmp8au2j90000gt4eby0s72an
REVIEW,실제 SEO 노출면(title/description) 금지 표현(실버) — 삭제가 아니라 문구 정정 대상,BOT,JOB,false,323,23,0,0,0,0,0,1,실버,실버,,false,2026-06-04,,[경기 파주시] 조리읍 간호조무사 채용,cmpz7hfb30000k3283swps6ei
REVIEW,실제 SEO 노출면(title/description) 금지 표현(노인·시니어) — 삭제가 아니라 문구 정정 대상,BOT,JOB,false,323,6,0,0,0,0,0,0,노인|시니어,노인|시니어,,false,2026-07-18,,[충북 청주시] 노인주간보호센터 사회복지사 ,cmrq4xvva0004gz1mh3jed3xe
REVIEW,non-USER(BOT)·실반응 0·실조회 0 — 정책 결정 필요(자동 판정 불가),BOT,JOB,false,323,9,0,0,0,0,0,0,,,,false,2026-07-03,,[서울 광진구] 구의동래미안파크스위트아파트 ,cmr4y8qpu0000l73gjacmecb8
REVIEW,non-USER(BOT)·실반응 0·실조회 0 — 정책 결정 필요(자동 판정 불가),BOT,STORY,false,322,405,0,0,0,1,0,6,,,,false,2026-05-10,요즘-남편이-핸드폰-요금을-자꾸-물어봐서-비교해봤어요,요즘 남편이 핸드폰 요금을 자꾸 물어봐서 비교해봤어요,cmozbycoh000bze3f1ahyuuqb
REVIEW,non-USER(BOT)·실반응 0·실조회 0 — 정책 결정 필요(자동 판정 불가),BOT,JOB,false,322,188,0,0,0,0,0,1,,,,false,2026-04-18,,[전북 진안군] 제조보조 및 판매원 구인,cmo41ibf60000in3f6y0na0i0
REVIEW,실제 SEO 노출면(title/description) 금지 표현(노인) — 삭제가 아니라 문구 정정 대상,BOT,JOB,false,321,106,0,0,0,0,0,4,노인,노인,,false,2026-05-07,,[서울 동작구] 상도동 SH아파트 4등급할머,cmovgpby00000hx3f5lm13pqw
REVIEW,non-USER(BOT)·실반응 0·실조회 0 — 정책 결정 필요(자동 판정 불가),BOT,JOB,false,320,6,0,0,0,0,0,0,,,,false,2026-06-16,,[인천 남동구] 기술영업 직원 모집,cmqgu0srv0000ly0imlkfef33
REVIEW,실제 SEO 노출면(title/description) 금지 표현(어르신) — 삭제가 아니라 문구 정정 대상,BOT,JOB,false,320,20,0,0,0,0,0,0,어르신,어르신,,false,2026-06-09,,[대구 동구] 3등급 남성어르신께 방문요양,cmq6ie4r40000l628jdw6f15n
REVIEW,non-USER(BOT)·실반응 0·실조회 0 — 정책 결정 필요(자동 판정 불가),BOT,JOB,false,320,5,0,0,0,0,0,0,,,,false,2026-08-20,,[인천 미추홀구] 두손컴퍼니 _세명한방병원 미,cmt1g7kvx0004j66hygc4f4py
REVIEW,non-USER(BOT)·실반응 0·실조회 0 — 정책 결정 필요(자동 판정 불가),BOT,JOB,false,318,199,0,0,0,0,0,2,,,,false,2026-04-28,,[서울 노원구] 아파트 미화원,cmoif4aw10000gr3fa5qandsc
REVIEW,non-USER(BOT)·실반응 0·실조회 0 — 정책 결정 필요(자동 판정 불가),BOT,JOB,false,318,8,0,0,0,0,0,0,,,,false,2026-06-12,,[인천 중구] 롯데마트 영종도점 미화원 모,cmqan0zg70000k10itf4582if
REVIEW,실제 SEO 노출면(title/description) 금지 표현(시니어) — 삭제가 아니라 문구 정정 대상,BOT,JOB,false,317,477,0,0,0,0,0,0,시니어,시니어,,false,2026-03-28,,[경기 수원시] 에서 사회복지사 및 사무..,cmna8zmi00000ib38gsz1y5ip
REVIEW,non-USER(BOT)·실반응 0·실조회 0 — 정책 결정 필요(자동 판정 불가),BOT,JOB,false,313,179,0,0,0,0,0,3,,,,false,2026-05-02,,[경기 안성시] 경리 및 사무 보조원,cmonwkb2k0000j43f0sddbb1y
REVIEW,non-USER(BOT)·실반응 0·실조회 0 — 정책 결정 필요(자동 판정 불가),BOT,JOB,false,313,5,0,0,0,0,0,0,,,,false,2026-06-29,,[대구 북구] 대구 북구 칠성동2가 대구오,cmqz6ckw70000ky5nkcknmf2d
REVIEW,non-USER(BOT)·실반응 0·실조회 0 — 정책 결정 필요(자동 판정 불가),BOT,JOB,false,312,6,0,0,0,0,0,0,,,,false,2026-07-30,,[서울 용산구] 군마트 주차관리원 모집,cms73kk130004iu4s83819a68
REVIEW,non-USER(BOT)·실반응 0·실조회 0 — 정책 결정 필요(자동 판정 불가),BOT,JOB,false,308,67,0,0,0,0,0,0,,,,false,2026-05-13,,[서울 관악구] 통합돌봄 지원 보조,cmp3vk56r0000hz3fm0ss8kkk
REVIEW,실제 SEO 노출면(title/description) 금지 표현(시니어) — 삭제가 아니라 문구 정정 대상,BOT,JOB,false,307,462,0,0,0,0,0,0,시니어,시니어,,false,2026-03-26,,[경기] 금촌로터리 요양원 사무원 모,cmn76ez7s0000l521wiycg8w2
REVIEW,non-USER(SHEET)·실반응 0·실조회 0 — 정책 결정 필요(자동 판정 불가),SHEET,LIFE2,false,305,519,0,0,0,2,0,4,,,,false,2026-07-10,나이들수록-남편이-노후대비에-절대적-요소같아요,나이들수록 남편이 노후대비에 절대적 요소같아요,cmredq6vj00123m2cvu1d5688
REVIEW,실제 SEO 노출면(title/description) 금지 표현(시니어) — 삭제가 아니라 문구 정정 대상,BOT,JOB,false,305,410,0,0,0,0,0,0,시니어,시니어,,false,2026-03-25,,[서울] 빌딩미화원 실내 미화/(..,cmn5qnxn70000eb21cf6uyufw
REVIEW,non-USER(SHEET)·실반응 0·실조회 0 — 정책 결정 필요(자동 판정 불가),SHEET,STORY,false,298,518,0,0,0,1,0,2,,,,false,2026-07-05,50넘어-남편에게-겨우-물어봤어요,50넘어 남편에게 겨우 물어봤어요,cmr7jrcqu000k433gahlmp2xc
REVIEW,실제 SEO 노출면(title/description) 금지 표현(시니어) — 삭제가 아니라 문구 정정 대상,BOT,JOB,false,298,384,0,0,0,0,0,0,시니어,시니어,,false,2026-03-25,,[서울] 은행 미화원 채용 / 일2시,cmn5kq5q80000f3214amxabh0
REVIEW,non-USER(SHEET)·실반응 0·실조회 0 — 정책 결정 필요(자동 판정 불가),SHEET,STORY,false,296,548,0,0,0,1,0,7,,,,false,2026-07-30,나이-먹은-남편-취미-때문에-아주-울화통이-터지네요,나이 먹은 남편 취미 때문에 아주 울화통이 터지네요.,cms7cr3sk000h264s0wzaxzvp
REVIEW,실제 SEO 노출면(title/description) 금지 표현(시니어) — 삭제가 아니라 문구 정정 대상,BOT,JOB,false,291,392,0,0,0,0,0,0,시니어,시니어,,false,2026-03-25,,[전남] 영일 성가롤로병원 영양팀 조,cmn5z5cmx0000ea38nw9lyujh
REVIEW,non-USER(SHEET)·실반응 0·실조회 0 — 정책 결정 필요(자동 판정 불가),SHEET,HUMOR,false,258,1563,0,0,0,2,0,7,,,,false,2026-07-01,나영석이-연예인-데리고-여행다니고-놀면서-돈버는거-너무-짜증나네요,나영석이 연예인 데리고 여행다니고 놀면서 돈버는거 너무 짜증나네요,cmr1vtmc5001hy25npn5vlh1s
REVIEW,non-USER(SHEET)·실반응 0·실조회 0 — 정책 결정 필요(자동 판정 불가),SHEET,HUMOR,false,248,5475,0,0,0,1,0,7,,,,false,2026-07-14,충청도-사람이-진짜-극대노-했을-때-하는-말,충청도 사람이 진짜 극대노 했을 때 하는 말,cmrjzjlzo000txb2ydjwefpqt
REVIEW,non-USER(SHEET)·실반응 0·실조회 0 — 정책 결정 필요(자동 판정 불가),SHEET,HUMOR,false,245,1508,0,0,0,0,0,4,,,,false,2026-06-07,핀란드-순대jpg,핀란드 순대.jpg,cmq3ekxqm0009c42ydau3dnc3
REVIEW,non-USER(SHEET)·실반응 0·실조회 0 — 정책 결정 필요(자동 판정 불가),SHEET,STORY,false,241,485,0,0,0,1,0,7,,,,false,2026-08-03,50대에-동네-동친-사귀는-법이-있을까요,50대에 동네 동친 사귀는 법이 있을까요?,cmscy1rd5000e2n4svrba0l8s
REVIEW,non-USER(ADMIN)·실반응 0·실조회 0 — 정책 결정 필요(자동 판정 불가),ADMIN,STORY,false,232,16,0,0,0,0,0,1,,,,false,2026-07-22,,우나어를 더 편하게 쓰려면 어떤 점이 좋아져야 할까요?,cmrvp3e6t000104jlpmx9lrsd
REVIEW,non-USER(BOT)·실반응 0·실조회 0 — 정책 결정 필요(자동 판정 불가),BOT,HUMOR,false,229,773,0,0,0,1,0,3,,,,false,2026-05-16,오늘-댓글-창을-훑어보니-웃긴데요,오늘 댓글 창을 훑어보니 웃긴데요,cmp83u2350006zx4ebhts99r7
REVIEW,non-USER(SHEET)·실반응 0·실조회 0 — 정책 결정 필요(자동 판정 불가),SHEET,STORY,false,224,773,0,0,0,0,0,4,,,,false,2026-06-14,병원-보호자로-온-딸들,병원 보호자로 온 딸들,cmqefqlhn00013d0ig4s9gydr
REVIEW,non-USER(SHEET)·실반응 0·실조회 0 — 정책 결정 필요(자동 판정 불가),SHEET,HUMOR,false,220,728,0,0,0,0,0,2,,,,false,2026-06-29,차-있는-사람이-차-사길-잘-했다고-생각하게-될-때-비-오는-날-출근,"차 있는 사람이 차 사길 잘 했다고 생각하게 될 때, 비 오는 날 출근",cmqyu9yq300092z2yxs55f4p6
REVIEW,non-USER(SHEET)·실반응 0·실조회 0 — 정책 결정 필요(자동 판정 불가),SHEET,LIFE2,false,218,585,0,0,0,1,0,4,,,,false,2026-07-13,나이-50에-주5일-월-200-이상-받을만한곳-있을까요,나이 50에 주5일 월 200 이상 받을만한곳 있을까요,cmrimt9sq000r3s2chh8qwkie
REVIEW,non-USER(SHEET)·실반응 0·실조회 0 — 정책 결정 필요(자동 판정 불가),SHEET,HUMOR,false,206,1053,0,0,0,0,0,4,,,,false,2026-06-21,아파트-단지에-요즘-은근히-많이-오는-푸드트럭-괜찮은-거,아파트 단지에 요즘 은근히 많이 오는 푸드트럭 괜찮은 거,cmqn4e8hp000dyj2ydv8rog5l
REVIEW,non-USER(SHEET)·실반응 0·실조회 0 — 정책 결정 필요(자동 판정 불가),SHEET,STORY,false,205,461,0,0,0,0,0,2,,,,false,2026-05-13,야-출퇴근-미친짓-아니냐-재택근무가-왜-보편화-안되는걸까,야 출퇴근 미친짓 아니냐 재택근무가 왜 보편화 안되는걸까?,cmp3lsjx10001lb3f8szr7sz2
REVIEW,non-USER(BOT)·실반응 0·실조회 0 — 정책 결정 필요(자동 판정 불가),BOT,STORY,false,202,396,0,0,0,0,0,6,,,,false,2026-07-13,,[오늘의 투표] 우리 집 남편은 어느 쪽인가요? 잔소리형 vs 무뚝뚝형,cmritt0za0000d32yq540lrch
REVIEW,non-USER(SHEET)·실반응 0·실조회 0 — 정책 결정 필요(자동 판정 불가),SHEET,STORY,false,187,867,0,0,0,1,0,7,,,,false,2026-07-01,갱년기는-열이-뻗쳐서-힘들다는데-저는-왜-안-더울까요,갱년기는 열이 뻗쳐서 힘들다는데 저는 왜 안 더울까요,cmr1vs2dz000jy25n3qvyo3v8
REVIEW,non-USER(SHEET)·실반응 0·실조회 0 — 정책 결정 필요(자동 판정 불가),SHEET,STORY,false,186,724,0,0,0,1,0,4,,,,false,2026-06-25,세입자가-돌아가셨는데요-보증금-어쩌나요,세입자가 돌아가셨는데요 보증금 어쩌나요,cmqsylewq000p3p0jlz5gba4i
REVIEW,non-USER(SHEET)·실반응 0·실조회 0 — 정책 결정 필요(자동 판정 불가),SHEET,STORY,false,186,709,0,0,0,1,0,4,,,,false,2026-06-30,52세에-청소부-무기공무직-지원해봅니다,52세에 청소부 무기공무직 지원해봅니다,cmr1aqncw0005xx3g3oop06hw
REVIEW,non-USER(SHEET)·실반응 0·실조회 0 — 정책 결정 필요(자동 판정 불가),SHEET,HUMOR,false,172,701,0,0,0,0,0,7,,,,false,2026-07-06,생-돼지고기를-먹는-의외의-나라-독일jpg,생 돼지고기를 먹는 의외의 나라 독일.jpg,cmr8k0v57000qk62yww8t77xh
REVIEW,non-USER(SHEET)·실반응 0·실조회 0 — 정책 결정 필요(자동 판정 불가),SHEET,HUMOR,false,158,923,0,0,0,0,0,4,,,,false,2026-06-23,타지역-사람들은-접하기-힘든-경상도-소울-푸드-콩잎,타지역 사람들은 접하기 힘든 경상도 소울 푸드 콩잎,cmqq49mpk00062l2ye1b7upmb
REVIEW,non-USER(SHEET)·실반응 0·실조회 0 — 정책 결정 필요(자동 판정 불가),SHEET,HUMOR,false,153,787,0,0,0,0,0,4,,,,false,2026-06-22,막상-해보면-그저-그렇다는-의견도-있는-혼자-여행,막상 해보면 그저 그렇다는 의견도 있는 혼자 여행,cmqoou46g000ex22yfnef68wd
REVIEW,non-USER(SHEET)·실반응 0·실조회 0 — 정책 결정 필요(자동 판정 불가),SHEET,HUMOR,false,149,857,0,0,0,0,0,7,,,,false,2026-07-18,이렇게-신경-쓰이는-메뉴-처음봐,이렇게 신경 쓰이는 메뉴 처음봐,cmrqdwpgc0001ps2y8064ha80
REVIEW,non-USER(SHEET)·실반응 0·실조회 0 — 정책 결정 필요(자동 판정 불가),SHEET,HUMOR,false,147,874,0,0,0,0,0,4,,,,false,2026-06-25,기부단체에-기부하면-안되는-이유,기부단체에 기부하면 안되는 이유,cmqsu5dhh000apw2y7q76a78d
REVIEW,non-USER(SHEET)·실반응 0·실조회 0 — 정책 결정 필요(자동 판정 불가),SHEET,STORY,false,142,440,0,0,0,0,0,4,,,,false,2026-05-21,음식에서-나왔어요,음식에서 나왔어요,cmpfgpe620001ii0bxt34qui3
REVIEW,non-USER(SHEET)·실반응 0·실조회 0 — 정책 결정 필요(자동 판정 불가),SHEET,HUMOR,false,137,4744,0,0,0,0,0,7,,,,false,2026-07-30,사자도-탈모에-걸린다,사자도 ... 탈모에 걸린다?,cms74wxrb0007ru2yxm6vhcw9
REVIEW,non-USER(SHEET)·실반응 0·실조회 0 — 정책 결정 필요(자동 판정 불가),SHEET,HUMOR,false,133,968,0,0,0,0,0,4,,,,false,2026-06-22,고대-그리스의-엄마와-아들-아프로디테가-에로스-혼내는-장면,고대 그리스의 엄마와 아들 - 아프로디테가 에로스 혼내는 장면,cmqou891q000mqm2ynjyxus7l
REVIEW,non-USER(SHEET)·실반응 0·실조회 0 — 정책 결정 필요(자동 판정 불가),SHEET,HUMOR,false,133,375,0,0,0,0,0,4,,,,false,2026-07-07,집근처에-있으면-삶의-질-상승하는-것-시장,집근처에 있으면 삶의 질 상승하는 것 시장,cmra4gc1v000iwi2ybehoq7ql
REVIEW,source=USER 이나 실회원 기준 미충족 — 계정 정체 확인이 선행이다,USER,STORY,false,131,1080,0,0,0,0,0,0,,,,false,2026-03-22,무릎-관절에-좋은-운동-추천해요,무릎 관절에 좋은 운동 추천해요,cmn3617f5000dey2u1ghbq08i
REVIEW,non-USER(SHEET)·실반응 0·실조회 0 — 정책 결정 필요(자동 판정 불가),SHEET,HUMOR,false,131,616,0,0,0,0,0,4,,,,false,2026-06-24,이-사람-되게-과학처럼-생겼다,이 사람 되게 과학처럼 생겼다,cmqs55iak000dk32yo19av8eg
REVIEW,non-USER(SHEET)·실반응 0·실조회 0 — 정책 결정 필요(자동 판정 불가),SHEET,HUMOR,false,130,800,0,0,0,0,0,4,,,,false,2026-06-03,챗짚티-열라-웃김,챗짚티 열라 웃김ㅋㅋㅋㅋㅋ,cmpyb0fku0009zg28covtprx7
REVIEW,source=USER 이나 실회원 기준 미충족 — 계정 정체 확인이 선행이다,USER,STORY,false,129,2145,0,0,0,0,0,0,,,,false,2026-03-20,60대-마라톤-완주한-썰,60대 마라톤 완주한 썰,cmn3617vp000hey2ul9lrxra9
REVIEW,non-USER(SHEET)·실반응 0·실조회 0 — 정책 결정 필요(자동 판정 불가),SHEET,HUMOR,false,127,669,0,0,0,0,0,4,,,,false,2026-06-25,국산-디저트-goat-인절미,국산 디저트 goat 인절미,cmqsu5km0000epw2y4drk3tdh
REVIEW,non-USER(BOT)·실반응 0·실조회 0 — 정책 결정 필요(자동 판정 불가),BOT,STORY,false,123,622,0,0,0,1,0,1,,,,false,2026-04-04,새벽-4시-또-눈이-떠지는-밤이에요,"새벽 4시, 또 눈이 떠지는 밤이에요",cmnkc6bxb0001wozfb8uu0pow
REVIEW,source=USER 이나 실회원 기준 미충족 — 계정 정체 확인이 선행이다,USER,STORY,false,120,921,0,0,0,0,0,0,,,,false,2026-03-19,퇴직-후-텃밭-가꾸기-시작했어요,퇴직 후 텃밭 가꾸기 시작했어요,cmn36183x000jey2uyk2ivccy
REVIEW,non-USER(SHEET)·실반응 0·실조회 0 — 정책 결정 필요(자동 판정 불가),SHEET,HUMOR,false,120,657,0,0,0,0,0,5,,,,false,2026-06-24,과일집-딸이-알려주는-맛있는-과일-고르는-법,과일집 딸이 알려주는 맛있는 과일 고르는 법,cmqrp3i5w000qu22ylkgy21xi
REVIEW,non-USER(SHEET)·실반응 0·실조회 0 — 정책 결정 필요(자동 판정 불가),SHEET,HUMOR,false,119,507,0,0,0,0,0,4,,,,false,2026-06-24,일주일동안-매일-3끼-식사가-이렇게-나온다면,일주일동안 매일 3끼 식사가 이렇게 나온다면,cmqrp4350000yu22y469yp8ra
REVIEW,source=USER 이나 실회원 기준 미충족 — 계정 정체 확인이 선행이다,USER,STORY,false,116,1257,0,0,0,0,0,0,,,,false,2026-03-22,퇴직-후-처음으로-요리를-해봤어요,퇴직 후 처음으로 요리를 해봤어요,cmn3617j9000eey2ulqdkww36
REVIEW,non-USER(SHEET)·실반응 0·실조회 0 — 정책 결정 필요(자동 판정 불가),SHEET,STORY,false,116,582,0,0,0,1,0,4,,,,false,2026-06-25,남편이-리스로-사는-이유가,남편이 리스로 사는 이유가,cmqsyjxyd00013p0jx2burtri
REVIEW,non-USER(SHEET)·실반응 0·실조회 0 — 정책 결정 필요(자동 판정 불가),SHEET,HUMOR,false,110,802,0,0,0,0,0,5,,,,false,2026-07-03,법인카드로-500만원-넘게-쓴-신입사원jpg,법인카드로 500만원 넘게 쓴 신입사원.jpg,cmr4eperr000ux02y7z0b7ce8
REVIEW,non-USER(SHEET)·실반응 0·실조회 0 — 정책 결정 필요(자동 판정 불가),SHEET,HUMOR,false,110,362,0,0,0,0,0,4,,,,false,2026-08-13,유재석-도발하고-결국-유퀴즈-출연한-정일영-교수,유재석 도발하고 결국 유퀴즈 출연한 정일영 교수 ㅋㅋㅋ,cmsr7r32t0001v02ymlug447c
REVIEW,non-USER(SHEET)·실반응 0·실조회 0 — 정책 결정 필요(자동 판정 불가),SHEET,HUMOR,false,105,897,0,0,0,0,0,2,,,,false,2026-06-29,공복-러닝-20분-뛰고-나서야-알았다jpg,공복 러닝 20분 뛰고 나서야 알았다.jpg,cmqyua7y7000d2z2yllfhrnl5
REVIEW,source=USER 이나 실회원 기준 미충족 — 계정 정체 확인이 선행이다,USER,HUMOR,false,104,908,0,0,0,0,0,0,,,,false,2026-03-21,병원에서-생긴-웃긴-일,병원에서 생긴 웃긴 일 ㅋㅋ,cmn3618kh000ney2uabukvzf8
REVIEW,non-USER(SHEET)·실반응 0·실조회 0 — 정책 결정 필요(자동 판정 불가),SHEET,HUMOR,false,104,1329,0,0,0,0,0,4,,,,false,2026-06-06,쇼핑백-중에-이거보다-튼튼한-거-없었음jpg,쇼핑백 중에 이거보다 튼튼한 거 없었음.jpg,cmq2f7j3q00057u2yyhhm0x9m
REVIEW,source=USER 이나 실회원 기준 미충족 — 계정 정체 확인이 선행이다,USER,WEEKLY,false,103,613,0,0,0,0,0,0,,,,false,2026-03-22,,은퇴 후 부부 여행 다녀온 후기 (제주도 3박4일),cmn3618sv000pey2ug1c5q4cy
REVIEW,non-USER(SHEET)·실반응 0·실조회 0 — 정책 결정 필요(자동 판정 불가),SHEET,HUMOR,false,103,5675,0,0,0,0,0,7,,,,false,2026-07-15,경상도-사람만-맞출-수-있다는-문제,경상도 사람만 맞출 수 있다는 문제,cmrlez9lj000u872yvb3xkahz
REVIEW,non-USER(SHEET)·실반응 0·실조회 0 — 정책 결정 필요(자동 판정 불가),SHEET,HUMOR,false,103,946,0,0,0,0,0,4,,,,false,2026-06-05,식당에서-은근히-많이-겪는-일,식당에서 은근히 많이 겪는 일,cmq0zrxmv000aqy2ysj9jtcqq
REVIEW,non-USER(SHEET)·실반응 0·실조회 0 — 정책 결정 필요(자동 판정 불가),SHEET,STORY,false,102,767,0,0,0,1,0,6,,,,false,2026-07-11,애들-대학생인-전업주부,애들 대학생인 전업주부,cmrge83zk00051o2cth5hylsu
REVIEW,non-USER(SHEET)·실반응 0·실조회 0 — 정책 결정 필요(자동 판정 불가),SHEET,HUMOR,false,102,515,0,0,0,0,0,5,,,,false,2026-07-08,오른쪽-손을-확인해-보세요,오른쪽 손을 확인해 보세요 ✋,cmrbjwat7000nld2ye21y7imv
REVIEW,non-USER(SHEET)·실반응 0·실조회 0 — 정책 결정 필요(자동 판정 불가),SHEET,HUMOR,false,102,731,0,0,0,0,0,4,,,,false,2026-06-05,반지하-살면-생기는-일jpg,반지하 살면 생기는 일.jpg,cmq0edzwp0016622yubjh2llk
REVIEW,non-USER(SHEET)·실반응 0·실조회 0 — 정책 결정 필요(자동 판정 불가),SHEET,HUMOR,false,102,1245,0,0,0,0,0,4,,,,false,2026-06-05,다이어트는-동물도-힘든가-봄,다이어트는 동물도 힘든가 봄ㅠ,cmq0edsed0012622ymnmgbxft
REVIEW,non-USER(SHEET)·실반응 0·실조회 0 — 정책 결정 필요(자동 판정 불가),SHEET,HUMOR,false,102,410,0,0,0,0,0,4,,,,false,2026-08-08,평양냉면-먹을줄-모르는-사람의-맛-표현,평양냉면 먹을줄 모르는 사람의 맛 표현 ㅋㅋㅋ,cmsjpijsr0001rk2ywfvhsmty
REVIEW,non-USER(SHEET)·실반응 0·실조회 0 — 정책 결정 필요(자동 판정 불가),SHEET,HUMOR,false,99,1228,0,0,0,0,0,4,,,,false,2026-06-07,강아지랑-다퉜는데-침대-분위기-어색하다,강아지랑 다퉜는데 침대 분위기 어색하다,cmq3ekjiw0001c42yufnwt1dp
REVIEW,source=USER 이나 실회원 기준 미충족 — 계정 정체 확인이 선행이다,USER,HUMOR,false,99,1803,0,0,0,0,0,0,,,,false,2026-03-23,아들이-보낸-카톡-현웃-터졌어요,아들이 보낸 카톡 ㅋㅋㅋ 현웃 터졌어요,cmn361883000key2ure8fg8p1
REVIEW,non-USER(SHEET)·실반응 0·실조회 0 — 정책 결정 필요(자동 판정 불가),SHEET,HUMOR,false,98,2808,0,0,0,0,0,7,,,,false,2026-08-03,외국인들이-실헝하는-한국의-인테리어-스타일,외국인들이 실헝하는 한국의 인테리어 스타일,cmsckbczv0007ho2y04wnl1tm
REVIEW,non-USER(SHEET)·실반응 0·실조회 0 — 정책 결정 필요(자동 판정 불가),SHEET,HUMOR,false,98,1380,0,0,0,0,0,7,,,,false,2026-08-01,시끄러운-중국인-관광객을-조용하게-맞는-가이드의-지혜,시끄러운 중국인 관광객을 조용하게 맞는 가이드의 지혜,cms9pfvzx000e2m2yy0zucelb
REVIEW,non-USER(SHEET)·실반응 0·실조회 0 — 정책 결정 필요(자동 판정 불가),SHEET,HUMOR,false,98,2554,0,0,0,0,0,6,,,,false,2026-07-14,널부러진-울냥이,널부러진 울냥이 😂,cmrjzkk84000zxb2yi3zmlhp8
REVIEW,non-USER(SHEET)·실반응 0·실조회 0 — 정책 결정 필요(자동 판정 불가),SHEET,HUMOR,false,98,438,0,0,0,0,0,4,,,,false,2026-06-24,순금-140억-원어치-실물jpg,순금 140억 원어치 실물.jpg,cmqrp3qel000uu22ygp3bj42a
REVIEW,non-USER(SHEET)·실반응 0·실조회 0 — 정책 결정 필요(자동 판정 불가),SHEET,HUMOR,false,97,1399,0,0,0,0,0,7,,,,false,2026-08-04,노숙자-아지트-된-인천공항,노숙자 아지트 된 인천공항,cmse4r7tz0001x22y13wlhaez
REVIEW,non-USER(SHEET)·실반응 0·실조회 0 — 정책 결정 필요(자동 판정 불가),SHEET,HUMOR,false,97,453,0,0,0,0,0,4,,,,false,2026-07-03,세계가-어떻게-변하고-있는지jpg,세계가 어떻게 변하고 있는지.jpg,cmr505z5r0014mn2yp3io8gde
REVIEW,non-USER(SHEET)·실반응 0·실조회 0 — 정책 결정 필요(자동 판정 불가),SHEET,HUMOR,false,97,598,0,0,0,0,0,4,,,,false,2026-06-23,태어난-지-얼마-안-된-아기소의-치명적인-귀여움jpg,태어난 지 얼마 안 된 아기소의 치명적인 귀여움.jpg,cmqpzajfg000hyx2yd4m14vi9
REVIEW,non-USER(SHEET)·실반응 0·실조회 0 — 정책 결정 필요(자동 판정 불가),SHEET,HUMOR,false,96,769,0,0,0,0,0,5,,,,false,2026-07-01,홍콩에서-프렌치-토스트-시켰는데,홍콩에서 프렌치 토스트 시켰는데,cmr259tvu0014zv2ykskyc1iy
REVIEW,non-USER(SHEET)·실반응 0·실조회 0 — 정책 결정 필요(자동 판정 불가),SHEET,HUMOR,false,96,1140,0,0,0,0,0,4,,,,false,2026-06-16,진짜-호불호-갈리는-국수콩국수jpg,진짜 호불호 갈리는 국수...콩국수.jpg,cmqgpn82h000mov2y54ksaygg
REVIEW,non-USER(SHEET)·실반응 0·실조회 0 — 정책 결정 필요(자동 판정 불가),SHEET,HUMOR,false,95,1357,0,0,0,0,0,4,,,,false,2026-06-09,생수-배송업체-소름돋는-배송-속도,생수 배송업체 소름돋는 배송 속도,cmq5z5sy2000pnl2ygcfrdbs7
REVIEW,non-USER(SHEET)·실반응 0·실조회 0 — 정책 결정 필요(자동 판정 불가),SHEET,STORY,false,95,388,0,0,0,0,0,4,,,,false,2026-05-31,남편티에-묻은게-멀로-보이시나요,남편티에 묻은게 멀로 보이시나요??,cmpufb2x3000d0t28u02b1me4
REVIEW,source=USER 이나 실회원 기준 미충족 — 계정 정체 확인이 선행이다,USER,STORY,false,95,1695,0,0,0,0,0,0,,,,false,2026-03-20,손주가-처음-할머니-불렀어요,"손주가 처음 ""할머니"" 불렀어요",cmn3617zs000iey2utnd8ma5o
REVIEW,source=USER 이나 실회원 기준 미충족 — 계정 정체 확인이 선행이다,USER,MAGAZINE,false,94,1193,0,0,0,0,0,0,어르신|시니어,어르신|시니어,,false,2026-03-16,,"스마트폰 사기 피하는 법, 어르신 필독",cmn36199c000tey2udfrw03vo
REVIEW,non-USER(SHEET)·실반응 0·실조회 0 — 정책 결정 필요(자동 판정 불가),SHEET,HUMOR,false,93,511,0,0,0,0,0,4,,,,false,2026-07-07,손가락-길이로-식성을-알-수-있음jpg,손가락 길이로 식성을 알 수 있음.jpg,cmra9tqg9000nye2y6gja2z2i
REVIEW,non-USER(SHEET)·실반응 0·실조회 0 — 정책 결정 필요(자동 판정 불가),SHEET,LIFE2,false,93,362,0,0,0,1,0,0,,,,false,2026-07-21,국민연금-추납-이천만원-하면-30만원-더-나온다는데-어떻게-하면-좋을까요,국민연금 추납 이천만원 하면 30만원 더 나온다는데 어떻게 하면 좋을까요?,cmruhw2nv000g3r1mo3b1q36a
REVIEW,non-USER(SHEET)·실반응 0·실조회 0 — 정책 결정 필요(자동 판정 불가),SHEET,HUMOR,false,93,387,0,0,0,0,0,4,,,,false,2026-07-06,둘중에-절대-포기-못하는-것은-콜라-vs-커피,둘중에 절대 포기 못하는 것은? 콜라 vs 커피,cmr8ozuig0009f72ym760rtkv
REVIEW,non-USER(SHEET)·실반응 0·실조회 0 — 정책 결정 필요(자동 판정 불가),SHEET,HUMOR,false,89,630,0,0,0,0,0,4,,,,false,2026-07-05,한국에서-다시는-느끼기-힘들다는-분위기,한국에서 다시는 느끼기 힘들다는 분위기,cmr7ex75o000ffk2yu2pwlm71
REVIEW,source=USER 이나 실회원 기준 미충족 — 계정 정체 확인이 선행이다,USER,MAGAZINE,false,87,1554,0,0,0,0,0,0,,,,false,2026-03-22,,"60대 건강검진, 꼭 챙겨야 할 5가지",cmn3618x2000qey2uz547i9ag
REVIEW,non-USER(ADMIN)·실반응 0·실조회 0 — 정책 결정 필요(자동 판정 불가),ADMIN,STORY,false,87,716,0,0,0,1,0,8,,,,false,2026-07-14,,"갱년기, 더 힘든 건 어느 쪽인가요?",cmrjzvek8000104ji53jqczzj
REVIEW,non-USER(SHEET)·실반응 0·실조회 0 — 정책 결정 필요(자동 판정 불가),SHEET,HUMOR,false,83,1226,0,0,0,0,0,7,,,,false,2026-07-13,의외로-갈린다는-것,의외로 갈린다는 것,cmrip32ks000e0j2ynokvid4b
REVIEW,non-USER(SHEET)·실반응 0·실조회 0 — 정책 결정 필요(자동 판정 불가),SHEET,HUMOR,false,83,669,0,0,0,0,0,4,,,,false,2026-06-05,그-시절-우리들이-환장했던-통닭,그 시절 우리들이 환장했던 통닭,cmq0edhv9000y622yqivmytyf
REVIEW,non-USER(SHEET)·실반응 0·실조회 0 — 정책 결정 필요(자동 판정 불가),SHEET,HUMOR,false,80,678,0,0,0,0,0,7,,,,false,2026-07-07,꽃말이-틀림없이-행복해집니다인-꽃,꽃말이 '틀림없이 행복해집니다'인 꽃,cmraixmg4000ww42ygl5w70ps
REVIEW,source=USER 이나 실회원 기준 미충족 — 계정 정체 확인이 선행이다,USER,STORY,false,79,820,0,0,0,0,0,0,,,,false,2026-03-21,자녀에게-용돈-얼마까지-주시나요,자녀에게 용돈 얼마까지 주시나요?,cmn3617ne000fey2uqhgsdexo
REVIEW,source=USER 이나 실회원 기준 미충족 — 계정 정체 확인이 선행이다,USER,HUMOR,false,78,937,0,0,0,0,0,0,,,,false,2026-03-21,요즘-웃긴-동영상-하나-공유할게요,요즘 웃긴 동영상 하나 공유할게요,cmn3618gf000mey2u2jmz43cr
REVIEW,source=USER 이나 실회원 기준 미충족 — 계정 정체 확인이 선행이다,USER,WEEKLY,false,78,1072,0,0,0,0,0,0,,,,false,2026-03-23,,요즘 젊은 사람들 예의 어떻게 생각하세요?,cmn3618on000oey2umia522pm
REVIEW,non-USER(SHEET)·실반응 0·실조회 0 — 정책 결정 필요(자동 판정 불가),SHEET,HUMOR,false,76,959,0,0,0,0,0,7,,,,false,2026-07-08,전-세계-나라들의-대표-샐러드salad,전 세계 나라들의 대표 샐러드.salad,cmrbp9chp000rnp2yhxgzoctv
REVIEW,non-USER(SHEET)·실반응 0·실조회 0 — 정책 결정 필요(자동 판정 불가),SHEET,HUMOR,false,76,894,0,0,0,0,0,4,,,,false,2026-08-08,무던한-사람들의-특징,무던한 사람들의 특징,cmsk2k94a0009jr2ybn71ydnh
REVIEW,non-USER(SHEET)·실반응 0·실조회 0 — 정책 결정 필요(자동 판정 불가),SHEET,HUMOR,false,75,962,0,0,0,0,0,6,,,,false,2026-08-03,가난이-대물림-되는-이유,가난이 대물림 되는 이유,cmscuog9r0007zz2yyq1pumm9
REVIEW,non-USER(SHEET)·실반응 0·실조회 0 — 정책 결정 필요(자동 판정 불가),SHEET,HUMOR,false,74,629,0,0,0,0,0,1,,,,false,2026-08-09,이거-만든-놈-나와-빨리-사라져야할-것,이거 만든 놈 나와! 빨리 사라져야할 것,cmsltljtq0001be2yywmotaah
REVIEW,non-USER(SHEET)·실반응 0·실조회 0 — 정책 결정 필요(자동 판정 불가),SHEET,HUMOR,false,73,500,0,0,0,0,0,2,,,,false,2026-06-29,고래를-보면-꼭-사진-찍어둬야-하는-이유,고래를 보면 꼭 사진 찍어둬야 하는 이유,cmqyu962h00012z2yyo34d2fz
REVIEW,non-USER(SHEET)·실반응 0·실조회 0 — 정책 결정 필요(자동 판정 불가),SHEET,HUMOR,false,71,1198,0,0,0,1,0,3,,,,false,2026-06-22,테니스장-불륜-레전드-불륜이-있을-수-없다는-동호회,"테니스장 불륜 레전드, 불륜이 있을 수 없다는 동호회",cmqpa90dp0001002yrrwblac5
REVIEW,non-USER(SHEET)·실반응 0·실조회 0 — 정책 결정 필요(자동 판정 불가),SHEET,HUMOR,false,71,530,0,0,0,1,0,3,,,,false,2026-07-06,요즘-드라마가-너무-폭력적,요즘 드라마가 너무 폭력적...,cmr8w4nmu000d3o3gafiixe0s
REVIEW,non-USER(SHEET)·실반응 0·실조회 0 — 정책 결정 필요(자동 판정 불가),SHEET,HUMOR,false,71,983,0,0,0,0,0,4,,,,false,2026-06-16,에어프라이어-처음-산-독일인jpg,에어프라이어 처음 산 독일인.jpg,cmqgpmwza000iov2ympaf68ox
REVIEW,non-USER(SHEET)·실반응 0·실조회 0 — 정책 결정 필요(자동 판정 불가),SHEET,HUMOR,false,71,1533,0,0,0,0,0,4,,,,false,2026-06-16,신지-결혼식-김종민-축사jpg,신지 결혼식 김종민 축사.jpg,cmqgpnlu2000qov2yzad08f8e
REVIEW,non-USER(SHEET)·실반응 0·실조회 0 — 정책 결정 필요(자동 판정 불가),SHEET,HUMOR,false,69,981,0,0,0,0,0,4,,,,false,2026-06-06,젊은-세대에게는-인기-없다는-안주,젊은 세대에게는 인기 없다는 안주,cmq1ory9b0006ej2yv8515sl4
REVIEW,non-USER(SHEET)·실반응 0·실조회 0 — 정책 결정 필요(자동 판정 불가),SHEET,STORY,false,69,377,0,0,0,0,0,1,,,,false,2026-05-11,환갑-넘어서-도전했는데-대박난-신인모델,환갑 넘어서 도전했는데 대박난 신인모델...,cmp16u2b90001ks2yndcaiz3a
REVIEW,non-USER(SHEET)·실반응 0·실조회 0 — 정책 결정 필요(자동 판정 불가),SHEET,HUMOR,false,65,1029,0,0,0,0,0,4,,,,false,2026-06-11,고양이랑-놀아주기,고양이랑 놀아주기,cmq9kh64n000mk72ymxf739ox
REVIEW,non-USER(SHEET)·실반응 0·실조회 0 — 정책 결정 필요(자동 판정 불가),SHEET,HUMOR,false,64,981,0,0,0,0,0,6,,,,false,2026-07-16,잘못된-상식jpg,잘못된 상식.jpg,cmrndv96q000b7h2yndeg8zg2
REVIEW,non-USER(SHEET)·실반응 0·실조회 0 — 정책 결정 필요(자동 판정 불가),SHEET,HUMOR,false,64,848,0,0,0,0,0,6,,,,false,2026-07-06,90년대-대한민국-스트릿-패션-모음,90년대 대한민국 스트릿 패션 모음,cmr9aildu001yhm2yb8s63bpq
REVIEW,non-USER(SHEET)·실반응 0·실조회 0 — 정책 결정 필요(자동 판정 불가),SHEET,HUMOR,false,60,3461,0,0,0,0,0,7,,,,false,2026-08-01,지방직이-알려주는-중앙-정부-사업-꼬이는-과정,지방직이 알려주는 중앙 정부 사업 꼬이는 과정,cms9pfow600082m2y3clnvix3
REVIEW,non-USER(SHEET)·실반응 0·실조회 0 — 정책 결정 필요(자동 판정 불가),SHEET,HUMOR,false,58,988,0,0,0,0,0,6,,,,false,2026-07-07,정일영-교수의-공황장애-치료법jpg,정일영 교수의 공황장애 치료법.jpg,cmra4i0qz001ewi2y0y8xltma
REVIEW,non-USER(SHEET)·실반응 0·실조회 0 — 정책 결정 필요(자동 판정 불가),SHEET,HUMOR,false,56,1368,0,0,0,1,0,4,,,,false,2026-06-12,유전적-문제로-라면을-먹어야하는-여자,유전적 문제로 라면을 먹어야하는 여자,cmqaerotx00014d0iyeqixm2y
REVIEW,non-USER(SHEET)·실반응 0·실조회 0 — 정책 결정 필요(자동 판정 불가),SHEET,STORY,false,55,339,0,0,0,0,0,5,,,,false,2026-05-26,한국의-흔한-난초,한국의 흔한 난초,cmpmg5t7i000dm90b5sk5y03j
REVIEW,non-USER(SHEET)·실반응 0·실조회 0 — 정책 결정 필요(자동 판정 불가),SHEET,HUMOR,false,55,555,0,0,0,0,0,4,,,,false,2026-06-20,일본에서-시킨-김치볶음밥,일본에서 시킨 김치볶음밥,cmqmfek7o000hn52yc8f8c9i1
REVIEW,non-USER(SHEET)·실반응 0·실조회 0 — 정책 결정 필요(자동 판정 불가),SHEET,HUMOR,false,55,549,0,0,0,0,0,4,,,,false,2026-06-22,에어컨-설치-이거-맞냐,에어컨 설치 이거 맞냐,cmqou7zxa000iqm2ydiweiu1p
REVIEW,non-USER(SHEET)·실반응 0·실조회 0 — 정책 결정 필요(자동 판정 불가),SHEET,HUMOR,false,49,982,0,0,0,0,0,2,,,,false,2026-07-31,스레드에서-논란이-된-투표-주제,스레드에서 논란이 된 투표 주제,cms8ezuej00071q2yz070jln8
REVIEW,non-USER(SHEET)·실반응 0·실조회 0 — 정책 결정 필요(자동 판정 불가),SHEET,HUMOR,false,46,483,0,0,0,0,0,2,,,,false,2026-07-11,금이-녹슬지-않는-원자학적-원인을-과학자들이-발견,금이 녹슬지 않는 원자학적 원인을 과학자들이 발견,cmrg8o676000ldl2yifap0ngc
REVIEW,non-USER(SHEET)·실반응 0·실조회 0 — 정책 결정 필요(자동 판정 불가),SHEET,STORY,false,46,584,0,0,0,0,0,15,,,,false,2026-05-17,야식을-왜-먹는지-알-것만-같아,야식을 왜 먹는지 알 것만 같아,cmpaewkid000dic4e4ezrqwba
REVIEW,실제 SEO 노출면(title/description) 금지 표현(노인) — 삭제가 아니라 문구 정정 대상,SHEET,STORY,false,45,1037,0,0,0,0,0,3,노인,노인,,false,2026-06-05,인생이-힘든데요,인생이 힘든데요,cmq11o3a80001z4282dbgy2ag
REVIEW,non-USER(SHEET)·실반응 0·실조회 0 — 정책 결정 필요(자동 판정 불가),SHEET,STORY,false,45,317,0,0,0,0,0,2,,,,false,2026-07-05,스타일러-추천하십니까,스타일러 추천하십니까?,cmr78nzse00064b3gr4e8w4vu
REVIEW,non-USER(SHEET)·실반응 0·실조회 0 — 정책 결정 필요(자동 판정 불가),SHEET,STORY,false,44,585,0,0,0,0,0,2,,,,false,2026-07-08,육체적-정신적으로-건강하신-8090-부모님들,육체적 정신적으로 건강하신 8090 부모님들,cmrc5n60s0005023g62ieyfx0
REVIEW,non-USER(SHEET)·실반응 0·실조회 0 — 정책 결정 필요(자동 판정 불가),SHEET,STORY,false,44,239,0,0,0,0,0,2,,,,false,2026-07-22,상견례-예정인데요,상견례 예정인데요,cmrwpw6pg00092f1mcn7hu3sv
REVIEW,non-USER(SHEET)·실반응 0·실조회 0 — 정책 결정 필요(자동 판정 불가),SHEET,STORY,false,43,401,0,0,0,0,0,2,,,,false,2026-07-17,50살인데-결혼했어요-미스에요-이런-소리-들음-동안,50살인데 결혼했어요? 미스에요? 이런 소리 들음 동안?,cmroc7ssi000y3n1m9bq2jnx0
REVIEW,non-USER(SHEET)·실반응 0·실조회 0 — 정책 결정 필요(자동 판정 불가),SHEET,HUMOR,false,43,906,0,0,0,0,0,2,,,,false,2026-08-03,유부녀킬러-보는데-공효진-연기를-너무-못하는-것-같아요,유부녀킬러 보는데 공효진 연기를 너무 못하는: 것 같아요,cmscr76p3000h0t4s9z5frbnv
REVIEW,non-USER(SHEET)·실반응 0·실조회 0 — 정책 결정 필요(자동 판정 불가),SHEET,STORY,false,43,279,0,0,0,0,0,2,,,,false,2026-08-12,자식-분들-재수시키는-분들-있어요,자식 분들 재수시키는 분들 있어요?,cmspg40kq000f0j6hp8q8mzgc
REVIEW,non-USER(SHEET)·실반응 0·실조회 0 — 정책 결정 필요(자동 판정 불가),SHEET,STORY,false,42,375,0,0,0,0,0,2,,,,false,2026-08-18,우리-아들-직업-걱정이-되네요-한의사-vs-변호사,우리 아들 직업 걱정이 되네요. 한의사 vs 변호사,cmsy4kk3b0005ya6hzgniyvm0
REVIEW,non-USER(SHEET)·실반응 0·실조회 0 — 정책 결정 필요(자동 판정 불가),SHEET,STORY,false,42,612,0,0,0,0,0,2,,,,false,2026-07-18,마트-냉동피자-추천해주세요,마트 냉동피자 추천해주세요~,cmrqe6q75000f3v1ml20qhd4z
REVIEW,non-USER(SHEET)·실반응 0·실조회 0 — 정책 결정 필요(자동 판정 불가),SHEET,STORY,false,42,343,0,0,0,0,0,2,,,,false,2026-07-16,북해도여행페키지,북해도여행페키지,cmrmwn3i600013j2cggj7exu2
REVIEW,non-USER(SHEET)·실반응 0·실조회 0 — 정책 결정 필요(자동 판정 불가),SHEET,STORY,false,41,294,0,0,0,0,0,2,,,,false,2026-07-26,오늘-일요일인데-택배가-오네요,오늘 일요일인데 택배가 오네요?,cms1ehfpl0005294swcq0ry2t
REVIEW,non-USER(SHEET)·실반응 0·실조회 0 — 정책 결정 필요(자동 판정 불가),SHEET,STORY,false,41,296,0,0,0,0,0,2,,,,false,2026-07-24,스님들-보니-돈이-행복의-우선순위가-아닌듯,스님들 보니 돈이 행복의 우선순위가 아닌듯,cmryj14wc0005181m1d7b9lvh
REVIEW,non-USER(SHEET)·실반응 0·실조회 0 — 정책 결정 필요(자동 판정 불가),SHEET,STORY,false,40,315,0,0,0,0,0,2,,,,false,2026-07-07,운전할-때-짜증-한-번-안-내는-남편-두신-분,운전할 때 짜증 한 번 안 내는 남편 두신 분,cmraga1ll0010423g1286w04m
REVIEW,non-USER(SHEET)·실반응 0·실조회 0 — 정책 결정 필요(자동 판정 불가),SHEET,STORY,false,40,89,0,0,0,0,0,2,,,,false,2026-07-16,장가계-패키지-추천해주세요,장가계 패키지 추천해주세요,cmrmwnci600063j2ciawgczpr
REVIEW,non-USER(SHEET)·실반응 0·실조회 0 — 정책 결정 필요(자동 판정 불가),SHEET,STORY,false,40,470,0,0,0,0,0,2,,,,false,2026-07-06,자취하는-대학생-브리타-정수기-관리-힘들겠죠,자취하는 대학생 브리타 정수기 관리 힘들겠죠,cmr8oczcx000a3i3gt69bjiht
REVIEW,non-USER(SHEET)·실반응 0·실조회 0 — 정책 결정 필요(자동 판정 불가),SHEET,STORY,false,40,286,0,0,0,0,0,2,,,,false,2026-07-15,창문형에어컨-위험하지-않나요,창문형에어컨 위험하지 않나요?,cmrmps7qp00013m1m5dpi3ivm
REVIEW,non-USER(SHEET)·실반응 0·실조회 0 — 정책 결정 필요(자동 판정 불가),SHEET,HUMOR,false,39,363,0,0,0,0,0,6,,,,false,2026-05-26,집-가는-길에-항상-나를-꼬시는-애,집 가는 길에 항상 나를 꼬시는 애,cmpm3dauy0009ia0bext2vmc2
REVIEW,non-USER(SHEET)·실반응 0·실조회 0 — 정책 결정 필요(자동 판정 불가),SHEET,STORY,false,38,654,0,0,0,0,0,2,,,,false,2026-07-29,딸을-기필코-부자에게-시집-보내려는-제-친구의-심리가-궁금하네요,딸을 기필코 부자에게 시집 보내려는 제 친구의 심리가 궁금하네요.,cms65z1zh0009454sfsga2niy
REVIEW,non-USER(SHEET)·실반응 0·실조회 0 — 정책 결정 필요(자동 판정 불가),SHEET,STORY,false,37,307,0,0,0,0,0,2,,,,false,2026-08-11,딱-5년만-산다면-어떤것을-하시겠어요,딱 5년만 산다면 어떤것을 하시겠어요?,cmso378yn000d2d4skim0wuzh
REVIEW,non-USER(SHEET)·실반응 0·실조회 0 — 정책 결정 필요(자동 판정 불가),SHEET,STORY,false,37,144,0,0,0,0,0,2,,,,false,2026-08-06,난-정말-엄마-사랑-많이-받고-자랐다,난 정말 엄마 사랑 많이 받고 자랐다,cmsgwt4c600010c4s18a6kgt5
REVIEW,non-USER(SHEET)·실반응 0·실조회 0 — 정책 결정 필요(자동 판정 불가),SHEET,STORY,false,37,189,0,0,0,0,0,2,,,,false,2026-07-17,수국-어떤-색이-예쁜가요,수국 어떤 색이 예쁜가요?,cmroc6jql00053n1mxap06zmj
REVIEW,non-USER(SHEET)·실반응 0·실조회 0 — 정책 결정 필요(자동 판정 불가),SHEET,STORY,false,37,226,0,0,0,0,0,2,,,,false,2026-07-30,폐경되면-기미-없어진다더니,폐경되면 기미 없어진다더니,cms6wdk9h00090q11lp9ecbuf
REVIEW,non-USER(SHEET)·실반응 0·실조회 0 — 정책 결정 필요(자동 판정 불가),SHEET,STORY,false,37,414,0,0,0,0,0,4,,,,false,2026-06-01,방에서-누어있으먄-달이-보이는데,방에서 누어있으먄 달이 보이는데,cmpvhwq1c00050z28w4boag39
REVIEW,source=USER 이나 실회원 기준 미충족 — 계정 정체 확인이 선행이다,USER,JOB,false,37,406,0,0,0,0,0,0,,,,false,2026-03-20,,카페 주방 보조,cmn3619u2000yey2uwsd4adtl
REVIEW,non-USER(SHEET)·실반응 0·실조회 0 — 정책 결정 필요(자동 판정 불가),SHEET,STORY,false,36,307,0,0,0,0,0,2,,,,false,2026-08-07,조카가-지-부모-모르게-내용-펑,조카가 지 부모 모르게 내용 펑,cmsicekwd000n5k4seablyskm
REVIEW,non-USER(SHEET)·실반응 0·실조회 0 — 정책 결정 필요(자동 판정 불가),SHEET,STORY,false,36,621,0,0,0,0,0,2,,,,false,2026-07-25,50넘어-이쁘려면,50넘어 이쁘려면,cmrzy8qq6000f2m4s2y09gj9x
REVIEW,non-USER(SHEET)·실반응 0·실조회 0 — 정책 결정 필요(자동 판정 불가),SHEET,STORY,false,36,249,0,0,0,0,0,1,,,,false,2026-07-04,청소기-매일-돌리세요-일주일에-한번은,청소기 매일 돌리세요? 일주일에 한번은,cmr63p9it00013k3go6ba8fv6
REVIEW,non-USER(SHEET)·실반응 0·실조회 0 — 정책 결정 필요(자동 판정 불가),SHEET,STORY,false,36,189,0,0,0,0,0,2,,,,false,2026-07-19,50-넘어-다이어트-안힘드나요,50 넘어 다이어트 안힘드나요?,cmrr79ifh00050b1m2tjbe84p
REVIEW,non-USER(SHEET)·실반응 0·실조회 0 — 정책 결정 필요(자동 판정 불가),SHEET,STORY,false,35,523,0,0,0,0,0,2,,,,false,2026-07-11,나트랑-자유여행-난이도-상중하,나트랑 자유여행 난이도 상중하,cmrge8atd000c1o2cikc23x53
REVIEW,source=USER 이나 실회원 기준 미충족 — 계정 정체 확인이 선행이다,USER,JOB,false,34,562,0,0,0,0,0,0,,,,false,2026-03-23,,도서관 사서 보조,cmn3619dk000uey2u7wkw773v
REVIEW,non-USER(SHEET)·실반응 0·실조회 0 — 정책 결정 필요(자동 판정 불가),SHEET,STORY,false,34,319,0,0,0,0,0,2,,,,false,2026-07-17,요즘-매일-팥빙수-먹어요,요즘 매일 팥빙수 먹어요.,cmroc70t5000i3n1matzqp6tm
REVIEW,non-USER(SHEET)·실반응 0·실조회 0 — 정책 결정 필요(자동 판정 불가),SHEET,STORY,false,32,353,0,0,0,0,0,2,,,,false,2026-07-30,여름에-꼭-듣는-좋아하는-노래-있으세요,여름에 꼭 듣는 좋아하는 노래 있으세요?,cms70gubn000h0o4sdjk3dty9
REVIEW,non-USER(SHEET)·실반응 0·실조회 0 — 정책 결정 필요(자동 판정 불가),SHEET,HUMOR,false,31,628,0,0,0,0,0,2,,,,false,2026-08-07,요즘-오디세이-영화-재밌다던데-꼭-아이맥스에서-봐야하는-건가요,요즘 오디세이 영화 재밌다던데 꼭 아이맥스에서 봐야하는 건가요?,cmsicebdv000i5k4sxayqwviv
REVIEW,source=USER 이나 실회원 기준 미충족 — 계정 정체 확인이 선행이다,USER,JOB,false,30,510,0,0,0,0,0,0,,,,false,2026-03-21,,아파트 경비원,cmn3619lv000wey2ujce99f1i
REVIEW,non-USER(SHEET)·실반응 0·실조회 0 — 정책 결정 필요(자동 판정 불가),SHEET,STORY,false,30,173,0,0,0,0,0,2,,,,false,2026-08-04,떡볶이-밀키트-추천해주세요,떡볶이 밀키트 추천해주세요,cmse5zld700012g4sh3qdx2ki
REVIEW,non-USER(SHEET)·실반응 0·실조회 0 — 정책 결정 필요(자동 판정 불가),SHEET,STORY,false,30,229,0,0,0,0,0,2,,,,false,2026-07-06,핸드폰-몇-년마다-새-핸드폰으로-바꾸세요,핸드폰 몇 년마다 새 핸드폰으로 바꾸세요?,cmr91yq830005483go7x91pgq
REVIEW,non-USER(SHEET)·실반응 0·실조회 0 — 정책 결정 필요(자동 판정 불가),SHEET,STORY,false,30,313,0,0,0,0,0,4,,,,false,2026-05-21,배부분이-누런-굴비,배부분이 누런 굴비?,cmpfgppc90005ii0b9uk5gl2j
REVIEW,non-USER(SHEET)·실반응 0·실조회 0 — 정책 결정 필요(자동 판정 불가),SHEET,LIFE2,false,30,455,0,0,0,0,0,2,,,,false,2026-08-10,상류층의-기준이-뭔가요,상류층의 기준이 뭔가요?,cmsmky4sp000i274s9lhc769j
REVIEW,non-USER(SHEET)·실반응 0·실조회 0 — 정책 결정 필요(자동 판정 불가),SHEET,LIFE2,false,30,427,0,0,0,0,0,2,,,,false,2026-07-01,동탄도-이제-규제지역이네요,동탄도 이제 규제지역이네요,cmr1vttbg001ny25nhkqgk8ip
REVIEW,non-USER(SHEET)·실반응 0·실조회 0 — 정책 결정 필요(자동 판정 불가),SHEET,STORY,false,29,645,0,0,0,0,0,2,,,,false,2026-07-04,더운데-가을-잠옷-입고-자는-사람-어떻게-생각하세요,더운데 가을 잠옷 입고 자는 사람 어떻게 생각하세요,cmr701bmx00053p3gj75l90h2
REVIEW,non-USER(SHEET)·실반응 0·실조회 0 — 정책 결정 필요(자동 판정 불가),SHEET,STORY,false,28,189,0,0,0,0,0,2,,,,false,2026-08-03,요즘-카레를-자주-만드는-이유,요즘 카레를 자주 만드는 이유,cmsdveave00015c4stv42xj5b
REVIEW,non-USER(SHEET)·실반응 0·실조회 0 — 정책 결정 필요(자동 판정 불가),SHEET,STORY,false,27,446,0,0,0,0,0,2,,,,false,2026-07-01,이번-달-지역화폐-난리네요,이번 달 지역화폐 난리네요,cmr1vsax0000py25ncqggeiai
REVIEW,non-USER(SHEET)·실반응 0·실조회 0 — 정책 결정 필요(자동 판정 불가),SHEET,STORY,false,27,182,0,0,0,0,0,2,,,,false,2026-08-12,인테리어동의서-받는-거-알바-고용하려고-하는데요,인테리어동의서 받는 거 알바 고용하려고 하는데요,cmspm61i80001244sgldhfki8
REVIEW,non-USER(SHEET)·실반응 0·실조회 0 — 정책 결정 필요(자동 판정 불가),SHEET,STORY,false,27,262,0,0,0,0,0,1,,,,false,2026-07-27,남자는-몇살-전후로-확-늙나요,남자는 몇살 전후로 확 늙나요?,cms2y2yqw0009234sm01ah143
REVIEW,non-USER(SHEET)·실반응 0·실조회 0 — 정책 결정 필요(자동 판정 불가),SHEET,STORY,false,26,267,0,0,0,0,0,2,,,,false,2026-08-04,남편이-의지가-되세요,남편이 의지가 되세요?,cmse60wd9000s2g4sva0vkmbj
REVIEW,source=USER 이나 실회원 기준 미충족 — 계정 정체 확인이 선행이다,USER,JOB,false,26,358,0,0,0,0,0,0,,,,false,2026-03-17,,주차장 관리원,cmn361aam0012ey2u5615cvtm
REVIEW,non-USER(SHEET)·실반응 0·실조회 0 — 정책 결정 필요(자동 판정 불가),SHEET,HUMOR,false,26,463,0,0,0,0,0,4,,,,false,2026-06-01,부모자식-실력-역전-세계,부모자식 실력 역전 세계,cmpvv5qxv0005zk28ktl3xp9c
REVIEW,non-USER(SHEET)·실반응 0·실조회 0 — 정책 결정 필요(자동 판정 불가),SHEET,STORY,false,26,203,0,0,0,0,0,2,,,,false,2026-07-21,50대인데-집이-없으면-한심한가요,50대인데 집이 없으면 한심한가요?,cmru8rdbx00050s1mp6yhzaeg
REVIEW,non-USER(SHEET)·실반응 0·실조회 0 — 정책 결정 필요(자동 판정 불가),SHEET,STORY,false,26,422,0,0,0,0,0,2,,,,false,2026-07-05,올-여름-덜-더우려나요,올 여름 덜 더우려나요?,cmr7fiw4b0001423gj3eu7jk2
REVIEW,non-USER(SHEET)·실반응 0·실조회 0 — 정책 결정 필요(자동 판정 불가),SHEET,STORY,false,24,373,0,0,0,0,0,2,,,,false,2026-07-10,LA갈비-소금구이-가능한가요,LA갈비 소금구이 가능한가요?,cmredoc1r00013m2cac9s4m58
REVIEW,non-USER(SHEET)·실반응 0·실조회 0 — 정책 결정 필요(자동 판정 불가),SHEET,STORY,false,24,361,0,0,0,0,0,2,,,,false,2026-07-05,씽크대-음식물-분쇄기-어떤가요,씽크대 음식물 분쇄기 어떤가요?,cmr7jqy0z0009433gnsmpu154
REVIEW,non-USER(SHEET)·실반응 0·실조회 0 — 정책 결정 필요(자동 판정 불가),SHEET,STORY,false,23,162,0,0,0,0,0,2,,,,false,2026-08-10,아니-당근을-보는데-왜-매미-허물을-왜-파는거에요,아니 당근을 보는데 왜 매미 허물을 왜 파는거에요?,cmsmkxn2e0009274slgx8cocd
REVIEW,non-USER(SHEET)·실반응 0·실조회 0 — 정책 결정 필요(자동 판정 불가),SHEET,STORY,false,22,230,0,0,0,0,0,2,,,,false,2026-07-25,김밥에-참치마요네즈-단무지-계란-당근만-넣어도-맛있을까요,김밥에 참치마요네즈 단무지 계란 당근만 넣어도 맛있을까요?,cmrzy8bqr00052m4sc0xivq02
REVIEW,non-USER(SHEET)·실반응 0·실조회 0 — 정책 결정 필요(자동 판정 불가),SHEET,STORY,false,22,169,0,0,0,0,0,2,,,,false,2026-08-11,수영도-살안빠지네요,수영도 살안빠지네요,cmso07gds0006244sqk1jl3fk
REVIEW,source=USER 이나 실회원 기준 미충족 — 계정 정체 확인이 선행이다,USER,JOB,false,22,406,0,0,0,0,0,0,,,,false,2026-03-18,,학교 급식 보조,cmn361a2d0010ey2uk4y0f1c3
REVIEW,non-USER(SHEET)·실반응 0·실조회 0 — 정책 결정 필요(자동 판정 불가),SHEET,STORY,false,21,484,0,0,0,0,0,2,,,,false,2026-07-22,개사료-고양이-줘도-돼요,개사료 고양이 줘도 돼요?,cmrvldqv30001201mdft2rrs3
REVIEW,non-USER(SHEET)·실반응 0·실조회 0 — 정책 결정 필요(자동 판정 불가),SHEET,STORY,false,20,150,0,0,0,0,0,2,,,,false,2026-08-07,사춘기-아들방-냄새잡는법-알려주세요,사춘기 아들방 냄새잡는법 알려주세요,cmsia00nt0005414suv1r6490
REVIEW,non-USER(SHEET)·실반응 0·실조회 0 — 정책 결정 필요(자동 판정 불가),SHEET,STORY,false,20,207,0,0,0,0,0,2,,,,false,2026-08-11,인천공항이-지금-노숙자들의-천국이-되었다는데-걱정이네요,인천공항이 지금 노숙자들의 천국이 되었다는데 걱정이네요.,cmso5r38t0005584sqfzxh1vd
REVIEW,non-USER(SHEET)·실반응 0·실조회 0 — 정책 결정 필요(자동 판정 불가),SHEET,STORY,false,20,261,0,0,0,0,0,2,,,,false,2026-08-08,세탁-세제-추천-부탁-드려요,세탁 세제 추천 부탁 드려요,cmsjpotwq0009w04so1qf2dze
REVIEW,non-USER(SHEET)·실반응 0·실조회 0 — 정책 결정 필요(자동 판정 불가),SHEET,HUMOR,false,19,420,0,0,0,0,0,2,,,,false,2026-07-04,김부장-점점-더-잔인해지네요,김부장 점점 더 잔인해지네요,cmr701i5u000a3p3gc68tpnjj
REVIEW,non-USER(SHEET)·실반응 0·실조회 0 — 정책 결정 필요(자동 판정 불가),SHEET,STORY,false,18,263,0,0,0,0,0,2,,,,false,2026-08-14,현괸문에-붙이는-노루발-괜찮나요,현괸문에 붙이는 노루발 괜찮나요?,cmssyp7yr0005446hgq3cscjv
REVIEW,non-USER(SHEET)·실반응 0·실조회 0 — 정책 결정 필요(자동 판정 불가),SHEET,STORY,false,18,321,0,0,0,0,0,2,,,,false,2026-07-06,바나나-냉동실에-까서-보관하나요,바나나 냉동실에 까서 보관하나요?,cmr8ocdwd00013i3gr5h6as5v
REVIEW,non-USER(SHEET)·실반응 0·실조회 0 — 정책 결정 필요(자동 판정 불가),SHEET,STORY,false,17,434,0,0,0,0,0,2,,,,false,2026-08-06,가끔-우나어-회원분들-연령대가-궁금,가끔 우나어 회원분들 연령대가 궁금,cmshdd5n7000p3e4s9kvd3j7e
REVIEW,non-USER(SHEET)·실반응 0·실조회 0 — 정책 결정 필요(자동 판정 불가),SHEET,STORY,false,17,186,0,0,0,0,0,2,,,,false,2026-08-13,평영-힘빼야되나요,평영 힘빼야되나요,cmsqvlsna00016l4s17wkn708
REVIEW,non-USER(SHEET)·실반응 0·실조회 0 — 정책 결정 필요(자동 판정 불가),SHEET,STORY,false,16,217,0,0,0,0,0,2,,,,false,2026-08-13,센스있는-집들이-선물-뭐가-좋을까요,센스있는 집들이 선물 뭐가 좋을까요,cmsr1rmd600013j4sgdtvcq2f
REVIEW,non-USER(SHEET)·실반응 0·실조회 0 — 정책 결정 필요(자동 판정 불가),SHEET,HUMOR,false,14,461,0,0,0,0,0,3,,,,false,2026-05-19,당근-알바-시급-차이에-웃음,"당근 알바, 시급 차이에 웃음",cmpc3al3u000bid4ezvis1658
REVIEW,source=USER 이나 실회원 기준 미충족 — 계정 정체 확인이 선행이다,USER,STORY,false,13,952,0,0,0,1,0,11,,,,false,2026-06-20,서희맘78님의-첫인사,서희맘78님의 첫인사,cmqm4nwuf000004ibuh1vhu56
REVIEW,non-USER(SHEET)·실반응 0·실조회 0 — 정책 결정 필요(자동 판정 불가),SHEET,LIFE2,false,12,390,0,0,0,0,0,2,,,,false,2026-07-28,미국-주식도-와르르-내려가고-제-마음도-내려가고,미국 주식도 와르르 내려가고 제 마음도 내려가고,cms41ufkb00113t4s8ekknzjv
REVIEW,non-USER(SHEET)·실반응 0·실조회 0 — 정책 결정 필요(자동 판정 불가),SHEET,STORY,false,10,183,0,0,0,0,0,2,,,,false,2026-08-13,오늘밤-다들-에어컨-켜고-주무시나요,오늘밤 다들 에어컨 켜고 주무시나요?,cmsr6rqln0005yc6h4oue3pzx
REVIEW,non-USER(SHEET)·실반응 0·실조회 0 — 정책 결정 필요(자동 판정 불가),SHEET,HUMOR,false,10,593,0,0,0,0,0,2,,,,false,2026-07-09,파스-제대로-붙이는-법,파스 제대로 붙이는 법,cmrcy5x9c000l1x3gw0anmwki
REVIEW,non-USER(SHEET)·실반응 0·실조회 0 — 정책 결정 필요(자동 판정 불가),SHEET,HUMOR,false,9,965,0,0,0,0,0,15,,,,false,2026-05-17,의사-추천-천연-위고비-사용후기,의사 추천 천연 위고비 사용후기,cmp9vm91o000hio4e0bgv7eb1
REVIEW,non-USER(SHEET)·실반응 0·실조회 0 — 정책 결정 필요(자동 판정 불가),SHEET,HUMOR,false,9,2768,0,0,0,0,0,1,,,,false,2026-05-16,태권도-관장님의-솔직한-조언,태권도 관장님의 솔직한 조언,cmp7y1ma6000xic4e9jdayx9q
REVIEW,non-USER(SHEET)·실반응 0·실조회 0 — 정책 결정 필요(자동 판정 불가),SHEET,HUMOR,false,9,533,0,0,0,0,0,7,,,,false,2026-05-22,MZ한-불교-근황,MZ한 불교 근황,cmpgkfhz30009iq0bwe515lx7
REVIEW,non-USER(SHEET)·실반응 0·실조회 0 — 정책 결정 필요(자동 판정 불가),SHEET,HUMOR,false,9,512,0,0,0,1,0,4,,,,false,2026-05-15,신발끈-묶어준-착한-총각,신발끈 묶어준 착한 총각,cmp7jw2cs0005gb4eq2ku7qqc
REVIEW,non-USER(SHEET)·실반응 0·실조회 0 — 정책 결정 필요(자동 판정 불가),SHEET,HUMOR,false,9,733,0,0,0,0,0,4,,,,false,2026-06-01,밥그릇-크기-변화사,밥그릇 크기 변화사,cmpvv60x60009zk28g2cq3yvg
REVIEW,non-USER(SHEET)·실반응 0·실조회 0 — 정책 결정 필요(자동 판정 불가),SHEET,HUMOR,false,9,1312,0,0,0,0,0,2,,,,false,2026-06-09,대전에만-있는-특이한-카페-문화,대전에만 있는 특이한 카페 문화,cmq63eus00001xw28dgqtiabe
REVIEW,non-USER(SHEET)·실반응 0·실조회 0 — 정책 결정 필요(자동 판정 불가),SHEET,HUMOR,false,9,860,0,0,0,0,0,4,,,,false,2026-06-03,중국-부모가-딸을-구해준-한국-버스기사에게-한-보답jpg,중국 부모가 딸을 구해준 한국 버스기사에게 한 보답.jpg,cmpyb0u7c000dzg28z1dixni5
REVIEW,non-USER(SHEET)·실반응 0·실조회 0 — 정책 결정 필요(자동 판정 불가),SHEET,HUMOR,false,9,450,0,0,0,0,0,3,,,,false,2026-05-12,주인님-속지마세요-그놈은-제가-아니에요,주인님! 속지마세요 그놈은 제가 아니에요!,cmp263ig2000dj53fogaq2x6m
REVIEW,non-USER(SHEET)·실반응 0·실조회 0 — 정책 결정 필요(자동 판정 불가),SHEET,HUMOR,false,9,352,0,0,0,0,0,4,,,,false,2026-05-28,미쿡에-점점-퍼지기-시작한-K견종,미쿡에 점점 퍼지기 시작한 K견종,cmpp59n140005ii0blnq3sizc
REVIEW,non-USER(SHEET)·실반응 0·실조회 0 — 정책 결정 필요(자동 판정 불가),SHEET,HUMOR,false,9,2403,0,0,0,0,0,2,,,,false,2026-05-16,남서울-미술관의-숨은-매력,남서울 미술관의 숨은 매력,cmp7y0gjt0009ic4e6grthj6w
REVIEW,non-USER(SHEET)·실반응 0·실조회 0 — 정책 결정 필요(자동 판정 불가),SHEET,HUMOR,false,9,2639,0,0,0,0,0,3,,,,false,2026-05-15,환불신청했더니-욕까지-써준-헬스장,환불신청했더니 욕까지 써준 헬스장,cmp7jwfw30009gb4ep31pq9h6
REVIEW,non-USER(SHEET)·실반응 0·실조회 0 — 정책 결정 필요(자동 판정 불가),SHEET,HUMOR,false,9,596,0,0,0,0,0,4,,,,false,2026-06-01,전-세계가-주목하고-있는-한국의-섬-근황JPG,전 세계가 주목하고 있는 한국의 섬 근황.JPG,cmpuym0m5000dv5285vay1b2e
REVIEW,non-USER(SHEET)·실반응 0·실조회 0 — 정책 결정 필요(자동 판정 불가),SHEET,HUMOR,false,9,368,0,0,0,0,0,2,,,,false,2026-05-29,뚱뚱해서-따-당한-아기-코끼리래여,뚱뚱해서 따 당한 아기 코끼리래여,cmpqn9gmd000l12287ouyz4j3
REVIEW,non-USER(SHEET)·실반응 0·실조회 0 — 정책 결정 필요(자동 판정 불가),SHEET,HUMOR,false,9,431,0,0,0,0,0,3,,,,false,2026-06-01,전세계-공통-미감-하나도-없는-업종jpg,전세계 공통 미감 하나도 없는 업종.jpg,cmpuymahj000hv528yrz615io
REVIEW,non-USER(SHEET)·실반응 0·실조회 0 — 정책 결정 필요(자동 판정 불가),SHEET,HUMOR,false,9,1138,0,0,0,0,0,2,,,,false,2026-06-09,너무-한국스러운-대구공항,너무 한국스러운 대구공항,cmq63f8qc0006xw28lay7qgbc
REVIEW,non-USER(SHEET)·실반응 0·실조회 0 — 정책 결정 필요(자동 판정 불가),SHEET,HUMOR,false,9,292,0,0,0,0,0,4,,,,false,2026-05-31,가난한-내가-하루를-버티는-꿀팁,가난한 내가 하루를 버티는 꿀팁,cmpufc3n1000p0t28fx1b6ako
REVIEW,non-USER(SHEET)·실반응 0·실조회 0 — 정책 결정 필요(자동 판정 불가),SHEET,HUMOR,false,9,421,0,0,0,0,0,4,,,,false,2026-06-01,어디서-잘못했지jpg,어디서 잘못했지.jpg,cmpv4727n000axu28k6xkudel
REVIEW,non-USER(SHEET)·실반응 0·실조회 0 — 정책 결정 필요(자동 판정 불가),SHEET,HUMOR,false,9,372,0,0,0,0,0,3,,,,false,2026-05-17,폐계-사서-키우기-실제-경험담,"폐계 사서 키우기, 실제 경험담",cmp9vlpt90009io4e5a2cyv29
REVIEW,non-USER(SHEET)·실반응 0·실조회 0 — 정책 결정 필요(자동 판정 불가),SHEET,HUMOR,false,9,1053,0,0,0,0,0,4,,,,false,2026-06-04,김동현이-정형돈에게-깍듯하게-잘하는-이유jpg,김동현이 정형돈에게 깍듯하게 잘하는 이유.jpg,cmpzn5t1o0006zd28ag0ly38y
REVIEW,non-USER(SHEET)·실반응 0·실조회 0 — 정책 결정 필요(자동 판정 불가),SHEET,HUMOR,false,9,471,0,0,0,0,0,3,,,,false,2026-05-19,돈을-펑펑-쓰고-다녔던-고모부,돈을 펑펑 쓰고 다녔던 고모부,cmpc3a5qh0007id4eo2t1go35
REVIEW,non-USER(SHEET)·실반응 0·실조회 0 — 정책 결정 필요(자동 판정 불가),SHEET,HUMOR,false,9,527,0,0,0,0,0,4,,,,false,2026-05-31,5분만에-한라산을-정복한-유튜버,5분만에 한라산을 정복한 유튜버,cmpufbu7g000l0t28s6sx16n4
HIDE,저품질(본문 207자·댓글 0·공감 0·실조회 0) — 삭제가 아닌 비공개로 색인면에서 내린다,SHEET,STORY,false,207,352,0,0,0,0,0,0,,,,false,2026-07-23,여름엔-부엌일이-배로-늘어나는-느낌이예요,여름엔 부엌일이 배로 늘어나는 느낌이예요,cmrx6kgix000e2s1m2wmmx0ie
HIDE,저품질(본문 116자·댓글 0·공감 0·실조회 0) — 삭제가 아닌 비공개로 색인면에서 내린다,SHEET,HUMOR,false,116,977,0,0,0,0,0,0,,,,false,2026-06-16,정답-맞잖아,정답 맞잖아 ㅋㅋㅋ,cmqg4921i000zdg2y0lctyam7
HIDE,저품질(본문 114자·댓글 0·공감 0·실조회 0) — 삭제가 아닌 비공개로 색인면에서 내린다,SHEET,HUMOR,false,114,374,0,0,0,0,0,0,,,,false,2026-06-29,11000원-수육백반-구성,11000원 수육백반 구성,cmqyu9hs300052z2ycrl0k386
HIDE,저품질(본문 108자·댓글 0·공감 0·실조회 0) — 삭제가 아닌 비공개로 색인면에서 내린다,SHEET,HUMOR,false,108,510,0,0,0,0,0,0,,,,false,2026-06-22,다들-콜라-코카콜라파야-펩시파야,다들 콜라 코카콜라파야? 펩시파야?,cmqpa98xv0005002yxc9deoia
HIDE,저품질(본문 86자·댓글 0·공감 0·실조회 0) — 삭제가 아닌 비공개로 색인면에서 내린다,SHEET,HUMOR,false,86,704,0,0,0,0,0,0,,,,false,2026-06-29,시간이-지나도-변하지-않는-단-하나jpg,시간이 지나도 변하지 않는 단 하나.jpg,cmqyuafrd000h2z2y7jmdyrcg
HIDE,저품질(본문 80자·댓글 0·공감 0·실조회 0) — 삭제가 아닌 비공개로 색인면에서 내린다,SHEET,HUMOR,false,80,1143,0,0,0,0,0,0,,,,false,2026-06-17,샤워할-때-비누-쓰세요-바디워시-쓰세요,샤워할 때 비누 쓰세요? 바디워시 쓰세요?,cmqhen3m3000d2e2ygan605tg
HIDE,저품질(본문 79자·댓글 0·공감 0·실조회 0) — 삭제가 아닌 비공개로 색인면에서 내린다,SHEET,HUMOR,false,79,374,0,0,0,0,0,0,,,,false,2026-07-07,스마트폰-생기기전-2007년-모습jpg,스마트폰 생기기전 2007년 모습.jpg,cmracgur60006cc2y0s3vnxnb
HIDE,저품질(본문 77자·댓글 0·공감 0·실조회 0) — 삭제가 아닌 비공개로 색인면에서 내린다,SHEET,HUMOR,false,77,1374,0,0,0,0,0,0,,,,false,2026-06-17,경상도의-아나의-뜻은-뭘까,경상도의 ‘아나’의 뜻은 뭘까?,cmqhenhmf000h2e2yg09621uo
HIDE,저품질(본문 72자·댓글 0·공감 0·실조회 0) — 삭제가 아닌 비공개로 색인면에서 내린다,SHEET,HUMOR,false,72,535,0,0,0,0,0,0,,,,false,2026-08-11,상남자식-카레-만드는법-맛은-있어보임,상남자식 카레 만드는법 ㅋㅋㅋ 맛은 있어보임,cmsocv9vt0001sx2yv9q5nhyb
HIDE,저품질(본문 57자·댓글 0·공감 0·실조회 0) — 삭제가 아닌 비공개로 색인면에서 내린다,SHEET,HUMOR,false,57,534,0,0,0,0,0,0,,,,false,2026-07-05,삼겹살-먹을-때-딱-2개만-골라야-한다면,삼겹살 먹을 때 딱 2개만 골라야 한다면?,cmr7uzf830006ai2y2fmoewm1
HIDE,저품질(본문 47자·댓글 0·공감 0·실조회 0) — 삭제가 아닌 비공개로 색인면에서 내린다,SHEET,STORY,false,47,248,0,0,0,0,0,0,,,,false,2026-07-15,저녁-메뉴-뭐하세요,저녁 메뉴 뭐하세요?,cmrlsdawc000d422c58ht0yv1
HIDE,저품질(본문 41자·댓글 0·공감 0·실조회 0) — 삭제가 아닌 비공개로 색인면에서 내린다,SHEET,STORY,false,41,222,0,0,0,0,0,0,,,,false,2026-07-20,살-빠지는-신호래요,살 빠지는 신호래요,cmrsx86it00053i1mop5g7irq
HIDE,저품질(본문 41자·댓글 0·공감 0·실조회 0) — 삭제가 아닌 비공개로 색인면에서 내린다,SHEET,STORY,false,41,174,0,0,0,0,0,0,,,,false,2026-08-06,당뇨인데-너무-레몬파운드케익-자꾸-생각나요,당뇨인데 너무 레몬파운드케익 자꾸 생각나요,cmshlha52000dwr1uwxdpixib
HIDE,저품질(본문 40자·댓글 0·공감 0·실조회 0) — 삭제가 아닌 비공개로 색인면에서 내린다,SHEET,STORY,false,40,298,0,0,0,0,0,0,,,,false,2026-07-14,요즘-저가브랜드-팥빙수가-유행이던데-어디께-맛있나요,요즘 저가브랜드 팥빙수가 유행이던데 어디께 맛있나요?,cmrkjximq0005272cv36roka4
HIDE,저품질(본문 40자·댓글 0·공감 0·실조회 0) — 삭제가 아닌 비공개로 색인면에서 내린다,SHEET,STORY,false,40,164,0,0,0,0,0,0,,,,false,2026-07-29,주블리아-무좀약,주블리아 무좀약,cms5xulme00013j4sjidhktzb
HIDE,저품질(본문 38자·댓글 0·공감 0·실조회 0) — 삭제가 아닌 비공개로 색인면에서 내린다,SHEET,HUMOR,false,38,586,0,0,0,0,0,0,,,,false,2026-07-13,김부장에서-주상욱-딸-여배우,김부장에서 주상욱 딸 여배우,cmriznri6000e4b2cu4um77nq
HIDE,저품질(본문 37자·댓글 0·공감 0·실조회 0) — 삭제가 아닌 비공개로 색인면에서 내린다,SHEET,STORY,false,37,483,0,0,0,0,0,0,,,,false,2026-07-23,라면-먹고-싶어요,라면 먹고 싶어요,cmrxfiyg0000j2b1mia2skd7c
HIDE,저품질(본문 37자·댓글 0·공감 0·실조회 0) — 삭제가 아닌 비공개로 색인면에서 내린다,SHEET,STORY,false,37,275,0,0,0,0,0,0,,,,false,2026-07-14,요즘-애들은-게임을-안-하나봐요,요즘 애들은 게임을 안 하나봐요?,cmrkjxqn8000a272cf38x8vs8
HIDE,저품질(본문 37자·댓글 0·공감 0·실조회 0) — 삭제가 아닌 비공개로 색인면에서 내린다,SHEET,STORY,false,37,171,0,0,0,0,0,0,,,,false,2026-08-04,이상하게-청정원은-맛이-없어요,이상하게 청정원은 맛이 없어요,cmseiihso000d2g4sx6ch30et
HIDE,저품질(본문 37자·댓글 0·공감 0·실조회 0) — 삭제가 아닌 비공개로 색인면에서 내린다,SHEET,STORY,false,37,253,0,0,0,0,0,0,,,,false,2026-07-08,싱거운-된장찌개는,싱거운 된장찌개는,cmrbwuwlq0001223gvyaash8a
HIDE,저품질(본문 37자·댓글 0·공감 0·실조회 0) — 삭제가 아닌 비공개로 색인면에서 내린다,SHEET,STORY,false,37,339,0,0,0,0,0,0,,,,false,2026-08-14,해외여행이-필요가-없네요,해외여행이 필요가 없네요~,cmssyr015000u446h8xved4fp
HIDE,저품질(본문 36자·댓글 0·공감 0·실조회 0) — 삭제가 아닌 비공개로 색인면에서 내린다,SHEET,LIFE2,false,36,329,0,0,0,0,0,0,,,,false,2026-08-07,자영업자는-지역건강보험료-내나요,자영업자는 지역건강보험료 내나요?,cmsiylg0o000t2u4sk02wbbop
HIDE,저품질(본문 35자·댓글 0·공감 0·실조회 0) — 삭제가 아닌 비공개로 색인면에서 내린다,SHEET,STORY,false,35,339,0,0,0,0,0,0,,,,false,2026-07-07,도쿄는-호텔을-어디에-잡나요-안가봐서-모릅니다,도쿄는 호텔을 어디에 잡나요? 안가봐서 모릅니다.,cmrag96nu000l423gikkxvujc
HIDE,저품질(본문 35자·댓글 0·공감 0·실조회 0) — 삭제가 아닌 비공개로 색인면에서 내린다,SHEET,STORY,false,35,301,0,0,0,0,0,0,,,,false,2026-07-09,효과보신-영양제-추천해주세요,효과보신 영양제 추천해주세요,cmrddwcvl00013j2cy1jc9lz2
HIDE,저품질(본문 35자·댓글 0·공감 0·실조회 0) — 삭제가 아닌 비공개로 색인면에서 내린다,SHEET,STORY,false,35,218,0,0,0,0,0,0,,,,false,2026-07-26,가자미-요리,가자미 요리,cms1mb8tq000d2n4sh5h71hiz
HIDE,저품질(본문 35자·댓글 0·공감 0·실조회 0) — 삭제가 아닌 비공개로 색인면에서 내린다,SHEET,STORY,false,35,136,0,0,0,0,0,0,,,,false,2026-08-03,남편이-저보고-꽃-같대요,남편이 저보고 꽃 같대요,cmscy1dzm00052n4scz9eafse
HIDE,저품질(본문 35자·댓글 0·공감 0·실조회 0) — 삭제가 아닌 비공개로 색인면에서 내린다,SHEET,HUMOR,false,35,349,0,0,0,0,0,0,,,,false,2026-05-11,시어머니를-독살하려고-하는-한국인-며느리,시어머니를 독살하려고 하는 한국인 며느리,cmp16utef000fks2ykkbwvcjj
HIDE,저품질(본문 34자·댓글 0·공감 0·실조회 0) — 삭제가 아닌 비공개로 색인면에서 내린다,SHEET,LIFE2,false,34,320,0,0,0,0,0,0,,,,false,2026-07-09,이버-주식으로-완전-빚더미,이버 주식으로 완전 빚더미,cmrdb6jgr000l402ca21tz0a8
HIDE,저품질(본문 34자·댓글 0·공감 0·실조회 0) — 삭제가 아닌 비공개로 색인면에서 내린다,SHEET,STORY,false,34,344,0,0,0,0,0,0,,,,false,2026-07-13,엊그제-런지해서-엉덩이-많이-아파요,엊그제 런지해서 엉덩이 많이 아파요,cmriznlf200094b2cbtbukk7c
HIDE,저품질(본문 33자·댓글 0·공감 0·실조회 0) — 삭제가 아닌 비공개로 색인면에서 내린다,SHEET,LIFE2,false,33,365,0,0,0,0,0,0,,,,false,2026-08-03,일을-시작했는데-학교-관사에서-혼자-주무실수-있겠어요,일을 시작했는데 학교 관사에서 혼자 주무실수 있겠어요?,cmscups03000r274s4dav8w8b
HIDE,저품질(본문 30자·댓글 0·공감 0·실조회 0) — 삭제가 아닌 비공개로 색인면에서 내린다,SHEET,STORY,false,30,159,0,0,0,0,0,0,,,,false,2026-07-27,참외-왔는데-맛없어요,참외 왔는데 맛없어요ㅜ,cms2y36yu000e234spunw9lvc
HIDE,저품질(본문 24자·댓글 0·공감 0·실조회 0) — 삭제가 아닌 비공개로 색인면에서 내린다,SHEET,HUMOR,false,24,500,0,0,0,0,0,0,,,,false,2026-06-01,새벽에-승무원이-혼자서-울고-있네요,새벽에 승무원이 혼자서 울고 있네요.,cmpup6fcz000lz528asq2vvnz
HIDE,저품질(본문 23자·댓글 0·공감 0·실조회 0) — 삭제가 아닌 비공개로 색인면에서 내린다,SHEET,STORY,false,23,154,0,0,0,0,0,0,,,,false,2026-08-03,이쁜-원피스-많이-파는-보세-사이트좀-가르쳐주세요,이쁜 원피스 많이 파는 보세 사이트좀 가르쳐주세요,cmsdc6ifs00014e4sesh6hu7b
HIDE,저품질(본문 23자·댓글 0·공감 0·실조회 0) — 삭제가 아닌 비공개로 색인면에서 내린다,SHEET,STORY,false,23,276,0,0,0,0,0,0,,,,false,2026-07-05,여름에도-이불-덮고-자야되는,여름에도 이불 덮고 자야되는,cmr78nqes00014b3gkiiaqzcj
HIDE,저품질(본문 23자·댓글 0·공감 0·실조회 0) — 삭제가 아닌 비공개로 색인면에서 내린다,SHEET,STORY,false,23,300,0,0,0,0,0,0,,,,false,2026-07-15,월세-세입자가-방충망교체,월세 세입자가 방충망교체,cmrlqdsrc00012g2caa98fg1a
HIDE,저품질(본문 22자·댓글 0·공감 0·실조회 0) — 삭제가 아닌 비공개로 색인면에서 내린다,SHEET,HUMOR,false,22,439,0,0,0,0,0,0,,,,false,2026-05-12,미국-한인마트-근황,미국 한인마트 근황...,cmp264j8d000pj53f64t7o7ug
HIDE,저품질(본문 22자·댓글 0·공감 0·실조회 0) — 삭제가 아닌 비공개로 색인면에서 내린다,SHEET,STORY,false,22,359,0,0,0,0,0,0,,,,false,2026-07-09,정몽규는-왜-홍명보를-선임했나요,정몽규는 왜 홍명보를 선임했나요?,cmrd85qkm00053v2c5c8q1tck
HIDE,저품질(본문 19자·댓글 0·공감 0·실조회 0) — 삭제가 아닌 비공개로 색인면에서 내린다,SHEET,HUMOR,false,19,355,0,0,0,0,0,0,,,,false,2026-05-11,일본-며느리의-부탁,일본 며느리의 부탁,cmp16uktd000bks2ydmaiy3aq
HIDE,저품질(본문 9자·댓글 0·공감 0·실조회 0) — 삭제가 아닌 비공개로 색인면에서 내린다,SHEET,HUMOR,false,9,556,0,0,0,0,0,0,,,,false,2026-05-13,도박에-자산을-탕진하고-넋이-나가버린자,도박에 자산을 탕진하고 넋이 나가버린자,cmp3gtmk4000pj63f7mxlwf4p
HIDE,저품질(본문 9자·댓글 0·공감 0·실조회 0) — 삭제가 아닌 비공개로 색인면에서 내린다,SHEET,HUMOR,false,9,361,0,0,0,0,0,0,,,,false,2026-05-11,어느-치과-의사의-고백,어느 치과 의사의 고백,cmp16v96v000nks2yb2znib7j
HIDE,저품질(본문 9자·댓글 0·공감 0·실조회 0) — 삭제가 아닌 비공개로 색인면에서 내린다,SHEET,HUMOR,false,9,395,0,0,0,0,0,0,,,,false,2026-05-13,김혜수를-꼬셨던-남자의-입담력,김혜수를 꼬셨던 남자의 입담력,cmp3ltv5g000llb3fd87fjeqv
HIDE,저품질(본문 9자·댓글 0·공감 0·실조회 0) — 삭제가 아닌 비공개로 색인면에서 내린다,SHEET,HUMOR,false,9,974,0,0,0,0,0,0,,,,false,2026-06-04,쇼핑몰-핏과-실제-내가-입었을때-핏,쇼핑몰 핏과 실제 내가 입었을때 핏,cmpzn6450000azd285khyi2ls
HIDE,저품질(본문 9자·댓글 0·공감 0·실조회 0) — 삭제가 아닌 비공개로 색인면에서 내린다,SHEET,HUMOR,false,9,400,0,0,0,0,0,0,,,,false,2026-05-19,82세-할매-강도-때려잡아-응급실로-보내,"82세 할매, 강도 때려잡아 응급실로 보내",cmpcsdcwx000hgj4eyf895tgr
HIDE,저품질(본문 9자·댓글 0·공감 0·실조회 0) — 삭제가 아닌 비공개로 색인면에서 내린다,SHEET,HUMOR,false,9,418,0,0,0,0,0,0,,,,false,2026-06-01,농부가-뒷목잡은-이유,농부가 뒷목잡은 이유,cmpup6otg000pz528nbmrcxnk
HIDE,저품질(본문 9자·댓글 0·공감 0·실조회 0) — 삭제가 아닌 비공개로 색인면에서 내린다,SHEET,HUMOR,false,9,357,0,0,0,0,0,0,,,,false,2026-05-13,어린이랑-당근-한-썰,어린이랑 당근 한 썰,cmp3gsxa7000fj63f6ok8sijg
HIDE,저품질(본문 9자·댓글 0·공감 0·실조회 0) — 삭제가 아닌 비공개로 색인면에서 내린다,SHEET,HUMOR,false,9,362,0,0,0,0,0,0,,,,false,2026-05-13,황당하게-디스크-치료된-경우,황당하게 디스크 치료된 경우,cmp3gsgtx0009j63fd4xeu4jk
HIDE,저품질(본문 9자·댓글 0·공감 0·실조회 0) — 삭제가 아닌 비공개로 색인면에서 내린다,SHEET,HUMOR,false,9,366,0,0,0,0,0,0,,,,false,2026-05-12,창호지문으로-겨울을-버틸-수-있었던-이유,창호지문으로 겨울을 버틸 수 있었던 이유,cmp263swm000hj53fqm3gbm98
HIDE,저품질(본문 9자·댓글 0·공감 0·실조회 0) — 삭제가 아닌 비공개로 색인면에서 내린다,SHEET,HUMOR,false,9,404,0,0,0,0,0,0,,,,false,2026-05-12,상처-입은-개를-집에-데려온-후기,상처 입은 개를 집에 데려온 후기,cmp26464x000lj53fgov5ifg6
HIDE,저품질(본문 9자·댓글 0·공감 0·실조회 0) — 삭제가 아닌 비공개로 색인면에서 내린다,SHEET,HUMOR,false,9,430,0,0,0,0,0,0,,,,false,2026-06-01,급똥으로-버시-탈출한-사람,급똥으로 버시 탈출한 사람,cmpup65lv000hz5284c3s8d8d
HIDE,저품질(본문 9자·댓글 0·공감 0·실조회 0) — 삭제가 아닌 비공개로 색인면에서 내린다,SHEET,HUMOR,false,9,281,0,0,0,0,0,0,,,,false,2026-05-31,귀여운-엉덩이-모음,귀여운 엉덩이 모음 ...,cmpufbf04000h0t28nsxcinmp
HIDE,저품질(본문 9자·댓글 0·공감 0·실조회 0) — 삭제가 아닌 비공개로 색인면에서 내린다,SHEET,HUMOR,false,9,386,0,0,0,0,0,0,,,,false,2026-05-12,의사피셜-건강검진-꿀팁jpg,의사피셜 건강검진 꿀팁.jpg,cmp26390d0009j53fwdltm5fw
HIDE,저품질(본문 9자·댓글 0·공감 0·실조회 0) — 삭제가 아닌 비공개로 색인면에서 내린다,SHEET,HUMOR,false,9,439,0,0,0,0,0,0,,,,false,2026-05-13,음식-배달-실패-사유,음식 배달 실패 사유,cmp3ltj7w000hlb3f35tj7w49
HIDE,저품질(본문 9자·댓글 0·공감 0·실조회 0) — 삭제가 아닌 비공개로 색인면에서 내린다,SHEET,HUMOR,false,9,268,0,0,0,0,0,0,,,,false,2026-05-11,의자-부쉰게-뭔-자랑이라고,의자 부쉰게 뭔 자랑이라고,cmp16ux8o000hks2yzwil5wch
HIDE,저품질(본문 9자·댓글 0·공감 0·실조회 0) — 삭제가 아닌 비공개로 색인면에서 내린다,SHEET,HUMOR,false,9,362,0,0,0,0,0,0,,,,false,2026-05-11,싱크대-고치러-온-기사님이-20분동을-일을-안해요,싱크대 고치러 온 기사님이 20분동을 일을 안해요,cmp16v0wv000jks2ymkji15jf
HIDE,저품질(본문 9자·댓글 0·공감 0·실조회 0) — 삭제가 아닌 비공개로 색인면에서 내린다,SHEET,HUMOR,false,9,332,0,0,0,0,0,0,,,,false,2026-05-11,송은이-아버지가-납골당에-새긴-문구,송은이 아버지가 납골당에 새긴 문구,cmp16upl9000dks2yum53gyhg
HIDE,저품질(본문 8자·댓글 0·공감 0·실조회 0) — 삭제가 아닌 비공개로 색인면에서 내린다,SHEET,HUMOR,false,8,422,0,0,0,0,0,0,,,,false,2026-05-13,주문하신-택배가-도착하였습니다,주문하신 택배가 도착하였습니다,cmp3lu937000plb3f1l3en8zq
HIDE,저품질(본문 8자·댓글 0·공감 0·실조회 0) — 삭제가 아닌 비공개로 색인면에서 내린다,SHEET,HUMOR,false,8,547,0,0,0,0,0,0,,,,false,2026-05-17,자면서-펴는-라운드숄더-교정법,자면서 펴는 라운드숄더 교정법,cmpaew0910009ic4e3g0n7s09
HIDE,저품질(본문 6자·댓글 0·공감 0·실조회 0) — 삭제가 아닌 비공개로 색인면에서 내린다,SHEET,HUMOR,false,6,667,0,0,0,0,0,0,,,,false,2026-06-25,너무-힙해진-불교-근황,너무 힙해진 불교 근황,cmqsvxdou0001v02ywgdn7ybq
HIDE,본문 0자 — 색인 가치 없음. 기본 권고는 비공개이며 hard delete 는 별도 절차다,SHEET,LIFE2,false,0,416,0,0,0,0,0,4,,,,false,2026-05-21,여보-전재산-날린-주식-이름이-뭐라고했지,여보 전재산 날린 주식 이름이 뭐라고했지?.,cmpfdinxh0001id0bko4lnsu9
HIDE,본문 0자 — 색인 가치 없음. 기본 권고는 비공개이며 hard delete 는 별도 절차다,SHEET,STORY,false,0,404,0,0,0,0,0,2,,,,false,2026-05-26,저녁상-혼술-때립니다-너무심심하네요,요즘 저녁상 혼술 때립니다. 너무심심하네요,cmpm3cnz30001ia0bggk37bto
