lane,laneClass,humanTrace,guestLikeCount,guestCommentCount,botCommentCount,currentlyGoogleNoindex,recommendedAction,rationale,source,boardType,hasSlug,bodyLen,jobExpiresAt,bannedSeo,bannedBrandCopy,bannedSourceTitle,duplicateTitle,publishedAt,id
A,WITHDRAWN_REAL_MEMBER,true,1,0,0,true,PRESERVE,익명화된 과거 실회원의 글 — 콘텐츠 출처 판정에서 봇으로 취급하지 않는다,USER,STORY,true,13,,,,,false,2026-06-20,cmqm4nwuf000004ibuh1vhu56
A,SEED_BOT,false,0,0,0,false,MANUAL_REVIEW,시드봇 가상 페르소나 글이 `source=USER` 로 남아 있다 — source 표기 정정 여부는 정책 결정,USER,STORY,true,131,,,,,false,2026-03-22,cmn3617f5000dey2u1ghbq08i
A,SEED_BOT,false,0,0,0,false,MANUAL_REVIEW,시드봇 가상 페르소나 글이 `source=USER` 로 남아 있다 — source 표기 정정 여부는 정책 결정,USER,STORY,true,129,,,,,false,2026-03-20,cmn3617vp000hey2ul9lrxra9
A,SEED_BOT,false,0,0,0,false,MANUAL_REVIEW,시드봇 가상 페르소나 글이 `source=USER` 로 남아 있다 — source 표기 정정 여부는 정책 결정,USER,STORY,true,120,,,,,false,2026-03-19,cmn36183x000jey2uyk2ivccy
A,SEED_BOT,false,0,0,0,false,MANUAL_REVIEW,시드봇 가상 페르소나 글이 `source=USER` 로 남아 있다 — source 표기 정정 여부는 정책 결정,USER,STORY,true,116,,,,,false,2026-03-22,cmn3617j9000eey2ulqdkww36
A,SEED_BOT,false,0,0,0,true,MANUAL_REVIEW,시드봇 가상 페르소나 글이 `source=USER` 로 남아 있다 — source 표기 정정 여부는 정책 결정,USER,HUMOR,true,104,,,,,false,2026-03-21,cmn3618kh000ney2uabukvzf8
A,SEED_BOT,false,0,0,0,false,MANUAL_REVIEW,시드봇 가상 페르소나 글이 `source=USER` 로 남아 있다 — source 표기 정정 여부는 정책 결정,USER,WEEKLY,false,103,,,,,false,2026-03-22,cmn3618sv000pey2ug1c5q4cy
A,SEED_BOT,false,0,0,0,true,MANUAL_REVIEW,시드봇 가상 페르소나 글이 `source=USER` 로 남아 있다 — source 표기 정정 여부는 정책 결정,USER,HUMOR,true,99,,,,,false,2026-03-23,cmn361883000key2ure8fg8p1
A,SEED_BOT,false,0,0,0,false,MANUAL_REVIEW,시드봇 가상 페르소나 글이 `source=USER` 로 남아 있다 — source 표기 정정 여부는 정책 결정,USER,STORY,true,95,,,,,false,2026-03-20,cmn3617zs000iey2utnd8ma5o
A,SEED_BOT,false,0,0,0,false,MANUAL_REVIEW,시드봇 가상 페르소나 글이 `source=USER` 로 남아 있다 — source 표기 정정 여부는 정책 결정,USER,MAGAZINE,false,94,,어르신|시니어,,어르신,false,2026-03-16,cmn36199c000tey2udfrw03vo
A,SEED_BOT,false,0,0,0,false,MANUAL_REVIEW,시드봇 가상 페르소나 글이 `source=USER` 로 남아 있다 — source 표기 정정 여부는 정책 결정,USER,MAGAZINE,false,87,,,,,false,2026-03-22,cmn3618x2000qey2uz547i9ag
A,SEED_BOT,false,0,0,0,true,MANUAL_REVIEW,시드봇 가상 페르소나 글이 `source=USER` 로 남아 있다 — source 표기 정정 여부는 정책 결정,USER,STORY,true,79,,,,,false,2026-03-21,cmn3617ne000fey2uqhgsdexo
A,SEED_BOT,false,0,0,0,true,MANUAL_REVIEW,시드봇 가상 페르소나 글이 `source=USER` 로 남아 있다 — source 표기 정정 여부는 정책 결정,USER,HUMOR,true,78,,,,,false,2026-03-21,cmn3618gf000mey2u2jmz43cr
A,SEED_BOT,false,0,0,0,false,MANUAL_REVIEW,시드봇 가상 페르소나 글이 `source=USER` 로 남아 있다 — source 표기 정정 여부는 정책 결정,USER,WEEKLY,false,78,,,,,false,2026-03-23,cmn3618on000oey2umia522pm
A,SEED_BOT,false,0,0,0,false,MANUAL_REVIEW,시드봇 가상 페르소나 글이 `source=USER` 로 남아 있다 — source 표기 정정 여부는 정책 결정,USER,JOB,false,37,NULL,,,,false,2026-03-20,cmn3619u2000yey2uwsd4adtl
A,SEED_BOT,false,0,0,0,false,MANUAL_REVIEW,시드봇 가상 페르소나 글이 `source=USER` 로 남아 있다 — source 표기 정정 여부는 정책 결정,USER,JOB,false,34,NULL,,,,false,2026-03-23,cmn3619dk000uey2u7wkw773v
A,SEED_BOT,false,0,0,0,false,MANUAL_REVIEW,시드봇 가상 페르소나 글이 `source=USER` 로 남아 있다 — source 표기 정정 여부는 정책 결정,USER,JOB,false,30,NULL,,,,false,2026-03-21,cmn3619lv000wey2ujce99f1i
A,SEED_BOT,false,0,0,0,false,MANUAL_REVIEW,시드봇 가상 페르소나 글이 `source=USER` 로 남아 있다 — source 표기 정정 여부는 정책 결정,USER,JOB,false,26,NULL,,,,false,2026-03-17,cmn361aam0012ey2u5615cvtm
A,SEED_BOT,false,0,0,0,false,MANUAL_REVIEW,시드봇 가상 페르소나 글이 `source=USER` 로 남아 있다 — source 표기 정정 여부는 정책 결정,USER,JOB,false,22,NULL,,,,false,2026-03-18,cmn361a2d0010ey2uk4y0f1c3
B,PRESERVE_CANDIDATE,false,0,0,0,false,PRESERVE,매거진 장문 3469자 — 재수집 시 남는 검색 자산 후보,BOT,MAGAZINE,true,3469,,,,,false,2026-07-18,cmrpstw0h000bgv2yiac4r29o
B,PRESERVE_CANDIDATE,false,0,0,0,false,PRESERVE,매거진 장문 3457자 — 재수집 시 남는 검색 자산 후보,BOT,MAGAZINE,true,3457,,,,,false,2026-06-16,cmqg2j5090005eu2ym7nfrf0y
B,PRESERVE_CANDIDATE,false,0,0,2,false,PRESERVE,매거진 장문 3428자 — 재수집 시 남는 검색 자산 후보,BOT,MAGAZINE,true,3428,,,,,false,2026-05-30,cmprrp5tk0002uh2y5b1uu5dl
B,PRESERVE_CANDIDATE,false,0,0,0,false,PRESERVE,매거진 장문 3366자 — 재수집 시 남는 검색 자산 후보,BOT,MAGAZINE,true,3366,,,,,false,2026-06-05,cmq0cmyvr0004pt2yhrgr7xm4
B,PRESERVE_CANDIDATE,false,0,0,0,false,PRESERVE,매거진 장문 3265자 — 재수집 시 남는 검색 자산 후보,BOT,MAGAZINE,true,3265,,,,,false,2026-08-13,cmsqxr3qg00047g2yok6x0vwn
B,PRESERVE_CANDIDATE,false,0,0,0,false,PRESERVE,매거진 장문 3235자 — 재수집 시 남는 검색 자산 후보,BOT,MAGAZINE,true,3235,,,,,false,2026-06-06,cmq1rrrpf0002n02y1s913wzp
B,PRESERVE_CANDIDATE,false,0,0,0,false,PRESERVE,매거진 장문 3230자 — 재수집 시 남는 검색 자산 후보,BOT,MAGAZINE,true,3230,,,,,false,2026-07-02,cmr2xbr6a0002072yrni3bf7m
B,PRESERVE_CANDIDATE,false,0,0,0,false,PRESERVE,매거진 장문 3220자 — 재수집 시 남는 검색 자산 후보,BOT,MAGAZINE,true,3220,,,,,false,2026-07-29,cms5i68ax0004522ya42gq2vm
B,PRESERVE_CANDIDATE,false,0,0,0,false,PRESERVE,매거진 장문 3212자 — 재수집 시 남는 검색 자산 후보,BOT,MAGAZINE,true,3212,,,,,false,2026-07-11,cmrfsl2290006cg2y2qam7egy
B,PRESERVE_CANDIDATE,false,0,0,0,false,PRESERVE,매거진 장문 3197자 — 재수집 시 남는 검색 자산 후보,BOT,MAGAZINE,true,3197,,,,,false,2026-06-13,cmqbryyov00022r2yedlwat97
B,PRESERVE_CANDIDATE,false,0,0,0,false,PRESERVE,매거진 장문 3189자 — 재수집 시 남는 검색 자산 후보,BOT,MAGAZINE,true,3189,,,,,false,2026-08-10,cmsmndhcz00047v2y357sa08x
B,PRESERVE_CANDIDATE,false,0,0,0,false,PRESERVE,매거진 장문 3183자 — 재수집 시 남는 검색 자산 후보,BOT,MAGAZINE,true,3183,,,,,false,2026-06-16,cmqg2afe60002eu2yfytlr2ii
B,PRESERVE_CANDIDATE,false,0,0,0,false,PRESERVE,매거진 장문 3180자 — 재수집 시 남는 검색 자산 후보,BOT,MAGAZINE,true,3180,,,,,false,2026-06-10,cmq7hksak0002pb2yvndhit18
B,PRESERVE_CANDIDATE,false,0,0,0,false,PRESERVE,매거진 장문 3179자 — 재수집 시 남는 검색 자산 후보,BOT,MAGAZINE,true,3179,,,,,false,2026-06-22,cmqon2bpa0005782y124m4cy8
B,PRESERVE_CANDIDATE,false,0,0,0,false,PRESERVE,매거진 장문 3138자 — 재수집 시 남는 검색 자산 후보,BOT,MAGAZINE,true,3138,,,,,false,2026-06-19,cmqkh9bgh0004em2ygr6dqo9h
B,PRESERVE_CANDIDATE,false,0,0,0,false,PRESERVE,매거진 장문 3134자 — 재수집 시 남는 검색 자산 후보,BOT,MAGAZINE,true,3134,,,,,false,2026-06-17,cmqhi8exa00081u2y8unnq0is
B,PRESERVE_CANDIDATE,false,0,0,0,false,PRESERVE,매거진 장문 3126자 — 재수집 시 남는 검색 자산 후보,BOT,MAGAZINE,true,3126,,,,,false,2026-07-17,cmrohjsec0007a62yjhuhfws7
B,PRESERVE_CANDIDATE,false,0,0,0,false,PRESERVE,매거진 장문 3098자 — 재수집 시 남는 검색 자산 후보,BOT,MAGAZINE,true,3098,,,,,false,2026-08-20,cmt0xs7ac0004nv2y0b3dh77k
B,PRESERVE_CANDIDATE,false,0,0,0,false,PRESERVE,매거진 장문 3087자 — 재수집 시 남는 검색 자산 후보,BOT,MAGAZINE,true,3087,,,,,false,2026-07-27,cms2nab7z0004mc2yeug6hhzv
B,PRESERVE_CANDIDATE,false,0,0,0,false,PRESERVE,매거진 장문 3074자 — 재수집 시 남는 검색 자산 후보,BOT,MAGAZINE,true,3074,,,,,false,2026-06-12,cmqagssqj00020x2y86ru8f33
B,PRESERVE_CANDIDATE,false,0,0,0,false,PRESERVE,매거진 장문 3072자 — 재수집 시 남는 검색 자산 후보,BOT,MAGAZINE,true,3072,,,,,false,2026-07-28,cms470kbs0003et2yecacf2ql
B,PRESERVE_CANDIDATE,false,0,0,0,false,PRESERVE,매거진 장문 3067자 — 재수집 시 남는 검색 자산 후보,BOT,MAGAZINE,true,3067,,,,,false,2026-07-15,cmrliiqqv0005vd2y38yi3q32
B,PRESERVE_CANDIDATE,false,0,0,0,false,PRESERVE,매거진 장문 3043자 — 재수집 시 남는 검색 자산 후보,BOT,MAGAZINE,true,3043,,,,,false,2026-06-17,cmqhhxtxc00051u2ydgtcq8fg
B,PRESERVE_CANDIDATE,false,0,0,0,false,PRESERVE,매거진 장문 3037자 — 재수집 시 남는 검색 자산 후보,BOT,MAGAZINE,true,3037,,,,,false,2026-07-15,cmrlmbvng0003t92yiixxj1tu
B,PRESERVE_CANDIDATE,false,0,0,0,false,PRESERVE,매거진 장문 3013자 — 재수집 시 남는 검색 자산 후보,BOT,MAGAZINE,true,3013,,,,,false,2026-08-21,cmt2dbxs50004mf2yaw2s39nt
B,PRESERVE_CANDIDATE,false,0,0,0,false,PRESERVE,매거진 장문 3009자 — 재수집 시 남는 검색 자산 후보,BOT,MAGAZINE,true,3009,,,,,false,2026-07-15,cmrli21fn0003vd2yjw8tbvj7
B,PRESERVE_CANDIDATE,false,0,0,0,false,PRESERVE,매거진 장문 3005자 — 재수집 시 남는 검색 자산 후보,BOT,MAGAZINE,true,3005,,,,,false,2026-06-13,cmqbs841j00052r2y0vfyava1
B,PRESERVE_CANDIDATE,false,0,0,0,false,PRESERVE,매거진 장문 2996자 — 재수집 시 남는 검색 자산 후보,BOT,MAGAZINE,true,2996,,,,,false,2026-07-17,cmrod9mcx00088q2y65a1blst
B,PRESERVE_CANDIDATE,false,0,0,0,false,PRESERVE,매거진 장문 2993자 — 재수집 시 남는 검색 자산 후보,BOT,MAGAZINE,true,2993,,,,,false,2026-07-22,cmrvmf3e90003dy2yv0k6xo0e
B,PRESERVE_CANDIDATE,false,0,0,0,false,PRESERVE,매거진 장문 2987자 — 재수집 시 남는 검색 자산 후보,BOT,MAGAZINE,true,2987,,,,,false,2026-07-11,cmrfsbact0003cg2yirix2wb0
B,PRESERVE_CANDIDATE,false,0,0,0,false,PRESERVE,매거진 장문 2982자 — 재수집 시 남는 검색 자산 후보,BOT,MAGAZINE,true,2982,,,,,false,2026-06-05,cmq0cd56y0002pt2y5x6e0kvz
B,PRESERVE_CANDIDATE,false,0,0,0,false,PRESERVE,매거진 장문 2979자 — 재수집 시 남는 검색 자산 후보,BOT,MAGAZINE,true,2979,,,,,false,2026-06-11,cmq8x2nvh00025v2y7p8p8f28
B,PRESERVE_CANDIDATE,false,0,0,0,false,PRESERVE,매거진 장문 2974자 — 재수집 시 남는 검색 자산 후보,BOT,MAGAZINE,true,2974,,,,,false,2026-06-20,cmqls30d40002nq2yzweu0jfo
B,PRESERVE_CANDIDATE,false,0,0,0,false,PRESERVE,매거진 장문 2972자 — 재수집 시 남는 검색 자산 후보,BOT,MAGAZINE,true,2972,,,,,false,2026-06-17,cmqhhpz3100021u2yixjdr1hf
B,PRESERVE_CANDIDATE,false,0,0,0,false,PRESERVE,매거진 장문 2969자 — 재수집 시 남는 검색 자산 후보,BOT,MAGAZINE,true,2969,,,,,false,2026-06-18,cmqj1o10y0005il2y9wtz8ap5
B,PRESERVE_CANDIDATE,false,0,0,0,false,PRESERVE,매거진 장문 2961자 — 재수집 시 남는 검색 자산 후보,BOT,MAGAZINE,true,2961,,,,,false,2026-06-10,cmq7m5r1l0004u32yimkbgpsp
B,PRESERVE_CANDIDATE,false,0,0,0,false,PRESERVE,매거진 장문 2953자 — 재수집 시 남는 검색 자산 후보,BOT,MAGAZINE,true,2953,,,,,false,2026-05-23,cmphriw160002hl2y2vdceal5
B,PRESERVE_CANDIDATE,false,0,0,0,false,PRESERVE,매거진 장문 2947자 — 재수집 시 남는 검색 자산 후보,BOT,MAGAZINE,true,2947,,,,,false,2026-07-24,cmrycxo8q0004wu2y62z5r53t
B,PRESERVE_CANDIDATE,false,0,0,0,false,PRESERVE,매거진 장문 2940자 — 재수집 시 남는 검색 자산 후보,BOT,MAGAZINE,true,2940,,,,,false,2026-06-20,cmqlwmtp40004t22yo9aqtvg1
B,PRESERVE_CANDIDATE,false,0,0,0,false,PRESERVE,매거진 장문 2932자 — 재수집 시 남는 검색 자산 후보,BOT,MAGAZINE,true,2932,,,,,false,2026-06-13,cmqbw7bn10002bi2y520ydeg6
B,PRESERVE_CANDIDATE,false,0,0,2,false,PRESERVE,매거진 장문 2906자 — 재수집 시 남는 검색 자산 후보,BOT,MAGAZINE,true,2906,,,,,false,2026-05-15,cmp6owdvl0006a02yc1yh9j4t
B,PRESERVE_CANDIDATE,false,0,0,0,false,PRESERVE,매거진 장문 2903자 — 재수집 시 남는 검색 자산 후보,BOT,MAGAZINE,true,2903,,,,,false,2026-06-19,cmqkgzghg0002em2yol4av9lu
B,PRESERVE_CANDIDATE,false,0,0,2,false,PRESERVE,매거진 장문 2900자 — 재수집 시 남는 검색 자산 후보,BOT,MAGAZINE,true,2900,,,,,false,2026-05-15,cmp6oq02r0002a02ye3i334fq
B,PRESERVE_CANDIDATE,true,1,0,0,false,PRESERVE,사람 흔적 있음(게스트 공감 1 · 게스트 댓글 0) — 보호 대상,BOT,MAGAZINE,true,2895,,,,,false,2026-06-12,cmqahxpny00050x2yn8wph98k
B,PRESERVE_CANDIDATE,false,0,0,0,false,PRESERVE,매거진 장문 2895자 — 재수집 시 남는 검색 자산 후보,BOT,MAGAZINE,true,2895,,,,,false,2026-07-13,cmrinfslo0006ph2y5h2syt8v
B,PRESERVE_CANDIDATE,false,0,0,0,false,PRESERVE,매거진 장문 2888자 — 재수집 시 남는 검색 자산 후보,BOT,MAGAZINE,true,2888,,,,,false,2026-07-21,cmru6xvam00032d2yhkxkc7nd
B,PRESERVE_CANDIDATE,false,0,0,0,false,PRESERVE,매거진 장문 2881자 — 재수집 시 남는 검색 자산 후보,BOT,MAGAZINE,true,2881,,,,,false,2026-06-10,cmq7hsq0j0004pb2yg36pzaps
B,PRESERVE_CANDIDATE,false,0,0,0,false,PRESERVE,매거진 장문 2875자 — 재수집 시 남는 검색 자산 후보,BOT,MAGAZINE,true,2875,,,,,false,2026-07-20,cmrsnh4p30008vx2yofubodfw
B,PRESERVE_CANDIDATE,false,0,0,0,false,PRESERVE,매거진 장문 2870자 — 재수집 시 남는 검색 자산 후보,BOT,MAGAZINE,true,2870,,,,,false,2026-08-18,cmsy2xtco0004ze2yxlr73kfu
B,PRESERVE_CANDIDATE,false,0,0,0,false,PRESERVE,매거진 장문 2868자 — 재수집 시 남는 검색 자산 후보,BOT,MAGAZINE,true,2868,,,,,false,2026-07-06,cmr8rdl4u00021v2ytaryrlwf
B,PRESERVE_CANDIDATE,false,0,0,2,false,PRESERVE,매거진 장문 2866자 — 재수집 시 남는 검색 자산 후보,BOT,MAGAZINE,true,2866,,,,,false,2026-06-04,cmpyxajie0005ak2yp2tnm4q7
B,PRESERVE_CANDIDATE,false,0,0,0,false,PRESERVE,매거진 장문 2864자 — 재수집 시 남는 검색 자산 후보,BOT,MAGAZINE,true,2864,,,,,false,2026-07-13,cmrin5mhm0003ph2y02vmq73c
B,PRESERVE_CANDIDATE,false,0,0,2,false,PRESERVE,매거진 장문 2861자 — 재수집 시 남는 검색 자산 후보,BOT,MAGAZINE,true,2861,,,,,false,2026-05-30,cmprrvn620004uh2y51w2mcgn
B,PRESERVE_CANDIDATE,false,0,0,2,false,PRESERVE,매거진 장문 2861자 — 재수집 시 남는 검색 자산 후보,BOT,MAGAZINE,false,2861,,,,,false,2026-04-02,cmnhdqagt0001ye383zu1zmbv
B,PRESERVE_CANDIDATE,false,0,0,0,false,PRESERVE,매거진 장문 2859자 — 재수집 시 남는 검색 자산 후보,BOT,MAGAZINE,true,2859,,,,,false,2026-07-30,cms71y7u40003ao2yils0t8aj
B,PRESERVE_CANDIDATE,false,0,0,0,false,PRESERVE,매거진 장문 2858자 — 재수집 시 남는 검색 자산 후보,BOT,MAGAZINE,true,2858,,,,,false,2026-08-17,cmswni3p10004402yjktc1xot
B,PRESERVE_CANDIDATE,false,0,0,0,false,PRESERVE,매거진 장문 2858자 — 재수집 시 남는 검색 자산 후보,BOT,MAGAZINE,true,2858,,,,,false,2026-07-30,cms6xm3yb0004uy2yoms9uyh2
B,PRESERVE_CANDIDATE,false,0,0,0,false,PRESERVE,매거진 장문 2856자 — 재수집 시 남는 검색 자산 후보,BOT,MAGAZINE,true,2856,,,,,false,2026-07-03,cmr4cs7lg00021q2y10htkbjt
B,PRESERVE_CANDIDATE,false,0,0,0,false,PRESERVE,매거진 장문 2855자 — 재수집 시 남는 검색 자산 후보,BOT,MAGAZINE,true,2855,,,,,false,2026-08-22,cmt3spvus0004zr2ym45f19ye
B,PRESERVE_CANDIDATE,false,0,0,0,false,PRESERVE,매거진 장문 2852자 — 재수집 시 남는 검색 자산 후보,BOT,MAGAZINE,true,2852,,,,,false,2026-06-16,cmqg2pl6s0007eu2ykza39v6a
B,PRESERVE_CANDIDATE,false,0,0,0,false,PRESERVE,매거진 장문 2852자 — 재수집 시 남는 검색 자산 후보,BOT,MAGAZINE,true,2852,,,,,false,2026-07-01,cmr1i0oxi0002ak2ycsdb5aad
B,PRESERVE_CANDIDATE,false,0,0,0,false,PRESERVE,매거진 장문 2844자 — 재수집 시 남는 검색 자산 후보,BOT,MAGAZINE,true,2844,,,,,false,2026-07-29,cms5mfd0g0003qz2yiv7t18vl
B,PRESERVE_CANDIDATE,false,0,0,0,false,PRESERVE,매거진 장문 2840자 — 재수집 시 남는 검색 자산 후보,BOT,MAGAZINE,true,2840,,,,,false,2026-07-16,cmrmxqf440008q22y3q9zzs66
B,PRESERVE_CANDIDATE,false,0,0,0,false,PRESERVE,매거진 장문 2833자 — 재수집 시 남는 검색 자산 후보,BOT,MAGAZINE,true,2833,,,,,false,2026-08-05,cmsfmiani00031m2ya40tztj9
B,PRESERVE_CANDIDATE,false,0,0,0,false,PRESERVE,매거진 장문 2830자 — 재수집 시 남는 검색 자산 후보,BOT,MAGAZINE,true,2830,,,,,false,2026-07-14,cmrk2w3x900051y2yc4b5eu0x
B,PRESERVE_CANDIDATE,false,0,0,0,false,PRESERVE,매거진 장문 2828자 — 재수집 시 남는 검색 자산 후보,BOT,MAGAZINE,true,2828,,,,,false,2026-06-18,cmqj1f9ul0002il2yn7utvefz
B,PRESERVE_CANDIDATE,false,0,0,0,false,PRESERVE,매거진 장문 2825자 — 재수집 시 남는 검색 자산 후보,BOT,MAGAZINE,true,2825,,,,,false,2026-06-11,cmq91c4jj00022p2yjnm9iz5n
B,PRESERVE_CANDIDATE,false,0,0,0,false,PRESERVE,매거진 장문 2821자 — 재수집 시 남는 검색 자산 후보,BOT,MAGAZINE,true,2821,,,,,false,2026-06-10,cmq7lvi1x0002u32yj0hehhev
B,PRESERVE_CANDIDATE,false,0,0,0,false,PRESERVE,매거진 장문 2817자 — 재수집 시 남는 검색 자산 후보,BOT,MAGAZINE,true,2817,,,,,false,2026-07-17,cmrohavfd0004a62ylwvcnms5
B,PRESERVE_CANDIDATE,false,0,0,0,false,PRESERVE,매거진 장문 2815자 — 재수집 시 남는 검색 자산 후보,BOT,MAGAZINE,true,2815,,,,,false,2026-07-09,cmrd1oyee0002r12yo4vc0xtm
B,PRESERVE_CANDIDATE,false,0,0,0,false,PRESERVE,매거진 장문 2813자 — 재수집 시 남는 검색 자산 후보,BOT,MAGAZINE,true,2813,,,,,false,2026-07-14,cmrk3652700071y2yvwienzc8
B,PRESERVE_CANDIDATE,false,0,0,0,false,PRESERVE,매거진 장문 2807자 — 재수집 시 남는 검색 자산 후보,BOT,MAGAZINE,true,2807,,,,,false,2026-07-16,cmrmxxkzd000bq22y9fdfktis
B,PRESERVE_CANDIDATE,false,0,0,0,false,PRESERVE,매거진 장문 2806자 — 재수집 시 남는 검색 자산 후보,BOT,MAGAZINE,true,2806,,,,,false,2026-08-15,cmstsodyw0004oi2ylxef9cbv
B,PRESERVE_CANDIDATE,false,0,0,0,false,PRESERVE,매거진 장문 2795자 — 재수집 시 남는 검색 자산 후보,BOT,MAGAZINE,true,2795,,,,,false,2026-07-14,cmrk2mne600031y2yfuy2om1r
B,PRESERVE_CANDIDATE,false,0,0,0,false,PRESERVE,매거진 장문 2793자 — 재수집 시 남는 검색 자산 후보,BOT,MAGAZINE,true,2793,,,,,false,2026-07-04,cmr5s7obq0002f02y64ou2yq8
B,PRESERVE_CANDIDATE,false,0,0,0,false,PRESERVE,매거진 장문 2789자 — 재수집 시 남는 검색 자산 후보,BOT,MAGAZINE,true,2789,,,,,false,2026-07-17,cmrod0dnd00058q2ymk8capyz
B,PRESERVE_CANDIDATE,false,0,0,2,false,PRESERVE,매거진 장문 2787자 — 재수집 시 남는 검색 자산 후보,BOT,MAGAZINE,true,2787,,,,,false,2026-05-16,cmp7pekds0002ik2ygd5vntpk
B,PRESERVE_CANDIDATE,false,0,0,0,false,PRESERVE,매거진 장문 2784자 — 재수집 시 남는 검색 자산 후보,BOT,MAGAZINE,true,2784,,,,,false,2026-06-11,cmq91kn8v00042p2y3zt5u6ue
B,PRESERVE_CANDIDATE,false,0,0,0,false,PRESERVE,매거진 장문 2781자 — 재수집 시 남는 검색 자산 후보,BOT,MAGAZINE,true,2781,,,,,false,2026-08-07,cmsid5k2p0004lb2ykb54p3xz
B,PRESERVE_CANDIDATE,false,0,0,0,false,PRESERVE,매거진 장문 2778자 — 재수집 시 남는 검색 자산 후보,BOT,MAGAZINE,true,2778,,,,,false,2026-07-13,cmriribig0002wx2yfr6yt6co
B,PRESERVE_CANDIDATE,false,0,0,0,false,PRESERVE,매거진 장문 2778자 — 재수집 시 남는 검색 자산 후보,BOT,MAGAZINE,true,2778,,,,,false,2026-07-07,cmra2k1nk0002nr2ym1n6o73w
B,PRESERVE_CANDIDATE,false,0,0,0,false,PRESERVE,매거진 장문 2776자 — 재수집 시 남는 검색 자산 후보,BOT,MAGAZINE,true,2776,,,,,false,2026-06-29,cmqyn3jmr0002nv2yjj1ijjwi
B,PRESERVE_CANDIDATE,false,0,0,0,false,PRESERVE,매거진 장문 2767자 — 재수집 시 남는 검색 자산 후보,BOT,MAGAZINE,true,2767,,,,,false,2026-07-11,cmrfsu7vv0008cg2ybwt3of0m
B,PRESERVE_CANDIDATE,false,0,0,2,false,PRESERVE,매거진 장문 2767자 — 재수집 시 남는 검색 자산 후보,BOT,MAGAZINE,false,2767,,,,,false,2026-04-01,cmnfil7i10001zb38mq26pnuo
B,PRESERVE_CANDIDATE,false,0,0,0,false,PRESERVE,매거진 장문 2759자 — 재수집 시 남는 검색 자산 후보,BOT,MAGAZINE,true,2759,,,,,false,2026-06-30,cmr02ignt0002uy2yl5bmrumq
B,PRESERVE_CANDIDATE,false,0,0,0,false,PRESERVE,매거진 장문 2757자 — 재수집 시 남는 검색 자산 후보,BOT,MAGAZINE,true,2757,,,,,false,2026-07-31,cms8d1hp30004bd2yjeqcsg2q
B,PRESERVE_CANDIDATE,false,0,0,0,false,PRESERVE,매거진 장문 2749자 — 재수집 시 남는 검색 자산 후보,BOT,MAGAZINE,true,2749,,,,,false,2026-08-11,cmso2tmsa0004ke2y50f0d3es
B,PRESERVE_CANDIDATE,false,0,0,4,false,PRESERVE,매거진 장문 2745자 — 재수집 시 남는 검색 자산 후보,BOT,MAGAZINE,true,2745,,,,,false,2026-06-02,cmpw1w9f300022q2yqjxthv8i
B,PRESERVE_CANDIDATE,false,0,0,0,false,PRESERVE,매거진 장문 2742자 — 재수집 시 남는 검색 자산 후보,BOT,MAGAZINE,true,2742,,,,,false,2026-07-28,cms42qba20004p62y6h93wh0t
B,PRESERVE_CANDIDATE,false,0,0,0,false,PRESERVE,매거진 장문 2739자 — 재수집 시 남는 검색 자산 후보,BOT,MAGAZINE,true,2739,,,,,false,2026-07-08,cmrbhyyxh0002302y2d75xdgz
B,PRESERVE_CANDIDATE,false,0,0,0,false,PRESERVE,매거진 장문 2738자 — 재수집 시 남는 검색 자산 후보,BOT,MAGAZINE,true,2738,,,,,false,2026-08-01,cms9sgtke0004k12ysxhvjis6
B,PRESERVE_CANDIDATE,false,0,0,0,false,PRESERVE,매거진 장문 2738자 — 재수집 시 남는 검색 자산 후보,BOT,MAGAZINE,true,2738,,,,,false,2026-07-10,cmrecvgqi0002c92y3mzyys54
B,PRESERVE_CANDIDATE,false,0,0,0,false,PRESERVE,매거진 장문 2720자 — 재수집 시 남는 검색 자산 후보,BOT,MAGAZINE,true,2720,,,,,false,2026-07-23,cmrwxj5c900042c2yip97n8d1
B,PRESERVE_CANDIDATE,false,0,0,0,false,PRESERVE,매거진 장문 2715자 — 재수집 시 남는 검색 자산 후보,BOT,MAGAZINE,true,2715,,,,,false,2026-06-08,cmq4mr7gy00027p2yi7fsajuo
B,PRESERVE_CANDIDATE,false,0,0,0,false,PRESERVE,매거진 장문 2701자 — 재수집 시 남는 검색 자산 후보,BOT,MAGAZINE,true,2701,,,,,false,2026-08-06,cmsgxnhud00040g2y1ur8kzt2
B,PRESERVE_CANDIDATE,false,0,0,0,false,PRESERVE,매거진 장문 2698자 — 재수집 시 남는 검색 자산 후보,BOT,MAGAZINE,true,2698,,,,,false,2026-06-18,cmqj1xxqn0007il2y8s1b5h5g
B,PRESERVE_CANDIDATE,false,0,0,0,false,PRESERVE,매거진 장문 2686자 — 재수집 시 남는 검색 자산 후보,BOT,MAGAZINE,true,2686,,,,,false,2026-06-26,cmquco26c00027u2y7zwk6zah
B,PRESERVE_CANDIDATE,false,0,0,0,false,PRESERVE,매거진 장문 2672자 — 재수집 시 남는 검색 자산 후보,BOT,MAGAZINE,true,2672,,,,,false,2026-05-23,cmphvt8sm0002lj2yqkqftclf
B,PRESERVE_CANDIDATE,false,0,0,0,false,PRESERVE,매거진 장문 2671자 — 재수집 시 남는 검색 자산 후보,BOT,MAGAZINE,true,2671,,,,,false,2026-06-20,cmqlwdmd10002t22ygu13msq9
B,PRESERVE_CANDIDATE,false,0,0,4,false,PRESERVE,매거진 장문 2662자 — 재수집 시 남는 검색 자산 후보,BOT,MAGAZINE,true,2662,,,,,false,2026-06-04,cmpyx46uu0002ak2ytat1ze5t
B,PRESERVE_CANDIDATE,false,0,0,2,false,PRESERVE,매거진 장문 2656자 — 재수집 시 남는 검색 자산 후보,BOT,MAGAZINE,false,2656,,,,,false,2026-04-01,cmnfrok4h0003yv38m48or7bj
B,PRESERVE_CANDIDATE,false,0,0,2,false,PRESERVE,매거진 장문 2652자 — 재수집 시 남는 검색 자산 후보,BOT,MAGAZINE,false,2652,,,,,false,2026-04-02,cmngxeq430003yf38kq81e9ur
B,PRESERVE_CANDIDATE,false,0,0,0,false,PRESERVE,매거진 장문 2644자 — 재수집 시 남는 검색 자산 후보,BOT,MAGAZINE,true,2644,,,,,false,2026-06-05,cmq0cund00007pt2yv85srxjx
B,PRESERVE_CANDIDATE,false,0,0,0,false,PRESERVE,매거진 장문 2642자 — 재수집 시 남는 검색 자산 후보,BOT,MAGAZINE,true,2642,,,,,false,2026-06-20,cmqlwvjox0006t22yk22qj0zj
B,PRESERVE_CANDIDATE,false,0,0,0,false,PRESERVE,매거진 장문 2635자 — 재수집 시 남는 검색 자산 후보,BOT,MAGAZINE,true,2635,,,,,false,2026-05-19,cmpc1rfhm00059s2ypsb4cxnz
B,PRESERVE_CANDIDATE,false,0,0,0,false,PRESERVE,매거진 장문 2624자 — 재수집 시 남는 검색 자산 후보,BOT,MAGAZINE,true,2624,,,,,false,2026-07-25,cmrzsg3uu0004212yoi69lx76
B,PRESERVE_CANDIDATE,false,0,0,0,false,PRESERVE,매거진 장문 2615자 — 재수집 시 남는 검색 자산 후보,BOT,MAGAZINE,true,2615,,,,,false,2026-07-18,cmrpsiaz70008gv2yuoad9f3m
B,PRESERVE_CANDIDATE,false,0,0,0,false,PRESERVE,매거진 장문 2612자 — 재수집 시 남는 검색 자산 후보,BOT,MAGAZINE,true,2612,,,,,false,2026-08-03,cmscneob60004ep2ylfrxfxcd
B,PRESERVE_CANDIDATE,false,0,0,0,false,PRESERVE,매거진 장문 2606자 — 재수집 시 남는 검색 자산 후보,BOT,MAGAZINE,true,2606,,,,,false,2026-06-26,cmqugy3pp0002dp2ycfzhct6w
B,PRESERVE_CANDIDATE,false,0,0,0,false,PRESERVE,매거진 장문 2606자 — 재수집 시 남는 검색 자산 후보,BOT,MAGAZINE,true,2606,,,,,false,2026-05-21,cmpewlyuf0002a82y75018uph
B,PRESERVE_CANDIDATE,false,0,0,0,false,PRESERVE,매거진 장문 2605자 — 재수집 시 남는 검색 자산 후보,BOT,MAGAZINE,true,2605,,,,,false,2026-06-09,cmq66gy190002r02yd3wfd787
B,PRESERVE_CANDIDATE,false,0,0,0,false,PRESERVE,매거진 장문 2601자 — 재수집 시 남는 검색 자산 후보,BOT,MAGAZINE,true,2601,,,,,false,2026-07-06,cmr8n2j4d0002rr2yfv2e5m0t
B,PRESERVE_CANDIDATE,false,0,0,2,false,PRESERVE,매거진 장문 2592자 — 재수집 시 남는 검색 자산 후보,BOT,MAGAZINE,false,2592,,,,,false,2026-04-01,cmnfinmw30005zb38dil7bms4
B,PRESERVE_CANDIDATE,false,0,0,0,false,PRESERVE,매거진 장문 2572자 — 재수집 시 남는 검색 자산 후보,BOT,MAGAZINE,true,2572,,,,,false,2026-06-11,cmq91vbpn00072p2yzbojtsbq
B,PRESERVE_CANDIDATE,false,0,0,2,false,PRESERVE,매거진 장문 2571자 — 재수집 시 남는 검색 자산 후보,BOT,MAGAZINE,true,2571,,,,,false,2026-05-15,cmp6p397m0008a02y49nbfj7f
B,PRESERVE_CANDIDATE,false,0,0,0,false,PRESERVE,매거진 장문 2558자 — 재수집 시 남는 검색 자산 후보,BOT,MAGAZINE,true,2558,,,,,false,2026-06-25,cmqsxarbb0002vy2ya9x353i6
B,PRESERVE_CANDIDATE,false,0,0,0,false,PRESERVE,매거진 장문 2555자 — 재수집 시 남는 검색 자산 후보,BOT,MAGAZINE,true,2555,,,,,false,2026-06-23,cmqq6njs30002cb2y1ndnt5v4
B,PRESERVE_CANDIDATE,false,0,0,0,false,PRESERVE,매거진 장문 2555자 — 재수집 시 남는 검색 자산 후보,BOT,MAGAZINE,true,2555,,,,,false,2026-06-25,cmqt1hzgp0002ty2y1efk4402
B,PRESERVE_CANDIDATE,false,0,0,0,false,PRESERVE,매거진 장문 2550자 — 재수집 시 남는 검색 자산 후보,BOT,MAGAZINE,true,2550,,,,,false,2026-06-15,cmqemtvjq0002th2y0i6khjgl
B,PRESERVE_CANDIDATE,false,0,0,0,false,PRESERVE,매거진 장문 2544자 — 재수집 시 남는 검색 자산 후보,BOT,MAGAZINE,true,2544,,,,,false,2026-06-23,cmqq2gilp0002h22yb2q8goel
B,PRESERVE_CANDIDATE,false,0,0,2,false,PRESERVE,매거진 장문 2541자 — 재수집 시 남는 검색 자산 후보,BOT,MAGAZINE,true,2541,,,,,false,2026-06-01,cmpumhpq10002ri2ywwp0aijb
B,PRESERVE_CANDIDATE,false,0,0,2,false,PRESERVE,매거진 장문 2538자 — 재수집 시 남는 검색 자산 후보,BOT,MAGAZINE,false,2538,,,,,false,2026-04-02,cmnh6ojex0001yh380gekyg3q
B,PRESERVE_CANDIDATE,false,0,0,0,false,PRESERVE,매거진 장문 2537자 — 재수집 시 남는 검색 자산 후보,BOT,MAGAZINE,true,2537,,,,,false,2026-07-16,cmrmxhcsn0004q22yzp6v6tzu
B,PRESERVE_CANDIDATE,false,0,0,0,false,PRESERVE,매거진 장문 2533자 — 재수집 시 남는 검색 자산 후보,BOT,MAGAZINE,true,2533,,,,,false,2026-07-22,cmrvi34jj0004832ysj4oyfa5
B,PRESERVE_CANDIDATE,false,0,0,0,false,PRESERVE,매거진 장문 2532자 — 재수집 시 남는 검색 자산 후보,BOT,MAGAZINE,true,2532,,,,,false,2026-07-15,cmrlmkmlr0006t92yyl0ik7er
B,PRESERVE_CANDIDATE,false,0,0,0,false,PRESERVE,매거진 장문 2531자 — 재수집 시 남는 검색 자산 후보,BOT,MAGAZINE,true,2531,,,,,false,2026-08-19,cmszidhuu0004s82ytaeqq4vw
B,PRESERVE_CANDIDATE,false,0,0,3,false,PRESERVE,매거진 장문 2521자 — 재수집 시 남는 검색 자산 후보,BOT,MAGAZINE,true,2521,,,,,false,2026-05-27,cmpnlkjq40002eb2yegknyo9i
B,PRESERVE_CANDIDATE,false,0,0,0,false,PRESERVE,매거진 장문 2517자 — 재수집 시 남는 검색 자산 후보,BOT,MAGAZINE,true,2517,,,,,false,2026-08-14,cmssd7pss00048b2y4u09s0me
B,PRESERVE_CANDIDATE,false,0,0,0,false,PRESERVE,매거진 장문 2511자 — 재수집 시 남는 검색 자산 후보,BOT,MAGAZINE,true,2511,,,,,false,2026-08-12,cmspid1k60004k82yk3yftgqc
B,PRESERVE_CANDIDATE,false,0,0,0,false,PRESERVE,매거진 장문 2482자 — 재수집 시 남는 검색 자산 후보,BOT,MAGAZINE,true,2482,,,,,false,2026-05-18,cmpaqmu4h0005gl2y34rl9yvh
B,PRESERVE_CANDIDATE,false,0,0,0,false,PRESERVE,매거진 장문 2480자 — 재수집 시 남는 검색 자산 후보,BOT,MAGAZINE,true,2480,,,,,false,2026-07-20,cmrsn7u7j0004vx2yqlwzqaqc
B,PRESERVE_CANDIDATE,false,0,0,0,false,PRESERVE,매거진 장문 2470자 — 재수집 시 남는 검색 자산 후보,BOT,MAGAZINE,true,2470,,,,,false,2026-05-21,cmpf0xgqv0002jo2ytqpmw3dt
B,PRESERVE_CANDIDATE,false,0,0,0,false,PRESERVE,매거진 장문 2448자 — 재수집 시 남는 검색 자산 후보,BOT,MAGAZINE,false,2448,,,,,false,2026-04-02,cmnhdshxz0003ye38ablrnnnr
B,PRESERVE_CANDIDATE,false,0,0,0,false,PRESERVE,매거진 장문 2434자 — 재수집 시 남는 검색 자산 후보,BOT,MAGAZINE,true,2434,,,,,false,2026-07-18,cmrpsb5yu0004gv2y2os9iet3
B,PRESERVE_CANDIDATE,false,0,0,2,false,PRESERVE,매거진 장문 2407자 — 재수집 시 남는 검색 자산 후보,BOT,MAGAZINE,true,2407,,,,,false,2026-05-16,cmp7w1vbr0005eb2yl5m4n1lr
B,PRESERVE_CANDIDATE,false,0,0,2,false,PRESERVE,매거진 장문 2394자 — 재수집 시 남는 검색 자산 후보,BOT,MAGAZINE,true,2394,,,,,false,2026-05-16,cmp7plpgh0004ik2y2s8kklin
B,PRESERVE_CANDIDATE,false,0,0,0,false,PRESERVE,매거진 장문 2385자 — 재수집 시 남는 검색 자산 후보,BOT,MAGAZINE,false,2385,,,,,false,2026-04-01,cmnfyt6vk0001yr38zzkapw1y
B,PRESERVE_CANDIDATE,false,0,0,0,false,PRESERVE,매거진 장문 2379자 — 재수집 시 남는 검색 자산 후보,BOT,MAGAZINE,true,2379,,,,,false,2026-05-21,cmpewoitl0004a82y9mjyl0sq
B,PRESERVE_CANDIDATE,false,0,0,2,false,PRESERVE,매거진 장문 2359자 — 재수집 시 남는 검색 자산 후보,BOT,MAGAZINE,true,2359,,,,,false,2026-05-16,cmp7vuhm80002eb2y1536uuel
B,PRESERVE_CANDIDATE,false,0,0,2,false,PRESERVE,매거진 장문 2346자 — 재수집 시 남는 검색 자산 후보,BOT,MAGAZINE,false,2346,,,,,false,2026-04-02,cmngxcjvl0001yf38wptsgaes
B,PRESERVE_CANDIDATE,false,0,0,0,false,PRESERVE,매거진 장문 2342자 — 재수집 시 남는 검색 자산 후보,BOT,MAGAZINE,true,2342,,,,,false,2026-07-09,cmrcxe9vm0002v52y8g8ytizw
B,PRESERVE_CANDIDATE,false,0,0,0,false,PRESERVE,매거진 장문 2333자 — 재수집 시 남는 검색 자산 후보,BOT,MAGAZINE,true,2333,,,,,false,2026-05-18,cmpamchyn0004qh2ydlk1zpn0
B,PRESERVE_CANDIDATE,false,0,0,0,false,PRESERVE,매거진 장문 2331자 — 재수집 시 남는 검색 자산 후보,BOT,MAGAZINE,true,2331,,,,,false,2026-05-19,cmpc1q61700029s2yj6h74h3f
B,PRESERVE_CANDIDATE,false,0,0,0,false,PRESERVE,매거진 장문 2326자 — 재수집 시 남는 검색 자산 후보,BOT,MAGAZINE,true,2326,,,,,false,2026-05-18,cmpaqll240002gl2yd91k6wvs
B,PRESERVE_CANDIDATE,false,0,0,2,false,PRESERVE,매거진 장문 2326자 — 재수집 시 남는 검색 자산 후보,BOT,MAGAZINE,true,2326,,,,,false,2026-05-16,cmp7w7yn80007eb2yp25d3y1v
B,PRESERVE_CANDIDATE,false,0,0,0,false,PRESERVE,매거진 장문 2320자 — 재수집 시 남는 검색 자산 후보,BOT,MAGAZINE,true,2320,,,,,false,2026-07-01,cmr1m6za50002vg2yq67uu7p1
B,PRESERVE_CANDIDATE,false,0,0,0,false,PRESERVE,매거진 장문 2312자 — 재수집 시 남는 검색 자산 후보,BOT,MAGAZINE,true,2312,,,,,false,2026-07-03,cmr4h47690002ob2y4jeyg3jr
B,PRESERVE_CANDIDATE,false,0,0,0,false,PRESERVE,매거진 장문 2310자 — 재수집 시 남는 검색 자산 후보,BOT,MAGAZINE,true,2310,,,,,false,2026-05-19,cmpc1sny500079s2yv8spf0gs
B,PRESERVE_CANDIDATE,false,0,0,2,false,PRESERVE,매거진 장문 2270자 — 재수집 시 남는 검색 자산 후보,BOT,MAGAZINE,false,2270,,,,,false,2026-04-02,cmnh6r5800004yh38badal9nm
B,PRESERVE_CANDIDATE,false,0,0,0,false,PRESERVE,매거진 장문 2255자 — 재수집 시 남는 검색 자산 후보,BOT,MAGAZINE,true,2255,,,,,false,2026-06-22,cmqomv3vy0002782ygpp6x62p
B,PRESERVE_CANDIDATE,false,0,0,0,false,PRESERVE,매거진 장문 2229자 — 재수집 시 남는 검색 자산 후보,BOT,MAGAZINE,false,2229,,,,,false,2026-04-01,cmnfyv7b20003yr38m9hwub1w
B,PRESERVE_CANDIDATE,false,0,0,2,false,PRESERVE,매거진 장문 2222자 — 재수집 시 남는 검색 자산 후보,BOT,MAGAZINE,false,2222,,,,,false,2026-04-01,cmnfrm4ue0001yv38ug5gfg7u
B,PRESERVE_CANDIDATE,false,0,0,3,false,PRESERVE,매거진 장문 2132자 — 재수집 시 남는 검색 자산 후보,BOT,MAGAZINE,true,2132,,,,,false,2026-05-04,cmorqlr210002j42urg46rdja
B,PRESERVE_CANDIDATE,false,0,0,0,false,PRESERVE,매거진 장문 2123자 — 재수집 시 남는 검색 자산 후보,BOT,MAGAZINE,true,2123,,,,,false,2026-06-28,cmqxbvj2v00026h2y99svn9ha
B,PRESERVE_CANDIDATE,false,0,0,2,false,PRESERVE,매거진 장문 2110자 — 재수집 시 남는 검색 자산 후보,BOT,MAGAZINE,true,2110,,,,,false,2026-05-31,cmpt71sx40002ay2yv9svv746
B,PRESERVE_CANDIDATE,false,0,0,2,false,PRESERVE,매거진 장문 2101자 — 재수집 시 남는 검색 자산 후보,BOT,MAGAZINE,true,2101,,,,,false,2026-05-04,cmorqrg1s0005j42u74jujm7r
B,PRESERVE_CANDIDATE,false,0,0,0,false,PRESERVE,매거진 장문 2088자 — 재수집 시 남는 검색 자산 후보,BOT,MAGAZINE,true,2088,,,,,false,2026-06-21,cmqn7hkvo0002yo2yatla2bcw
B,PRESERVE_CANDIDATE,false,0,0,0,false,PRESERVE,매거진 장문 2084자 — 재수집 시 남는 검색 자산 후보,BOT,MAGAZINE,true,2084,,,,,false,2026-06-14,cmqd7eh1o0002w22yi77jxlsf
B,PRESERVE_CANDIDATE,false,0,0,0,false,PRESERVE,매거진 장문 2062자 — 재수집 시 남는 검색 자산 후보,BOT,MAGAZINE,true,2062,,,,,false,2026-06-06,cmq220pvr0002d52ygx7it4lf
B,PRESERVE_CANDIDATE,false,0,0,0,false,PRESERVE,매거진 장문 2040자 — 재수집 시 남는 검색 자산 후보,BOT,MAGAZINE,true,2040,,,,,false,2026-05-10,cmozpv5dy0002lu2y4x1lvuyr
B,PRESERVE_CANDIDATE,false,0,0,0,false,PRESERVE,매거진 장문 2039자 — 재수집 시 남는 검색 자산 후보,BOT,MAGAZINE,true,2039,,,,,false,2026-07-12,cmrh843640008q52yqbwegv8t
B,PRESERVE_CANDIDATE,false,0,0,0,false,PRESERVE,매거진 장문 2034자 — 재수집 시 남는 검색 자산 후보,BOT,MAGAZINE,true,2034,,,,,false,2026-07-26,cms1c5u840003rh2y6kd53ptn
B,PRESERVE_CANDIDATE,false,0,0,0,false,PRESERVE,매거진 장문 2013자 — 재수집 시 남는 검색 자산 후보,BOT,MAGAZINE,true,2013,,,,,false,2026-05-11,cmp1ufx4l0005f22yfyzb8y21
B,PRESERVE_CANDIDATE,false,0,0,0,false,PRESERVE,매거진 장문 2013자 — 재수집 시 남는 검색 자산 후보,BOT,MAGAZINE,true,2013,,,,,false,2026-07-19,cmrr83fgp000b462ypjeo23cm
B,PRESERVE_CANDIDATE,false,0,0,0,false,PRESERVE,매거진 장문 1988자 — 재수집 시 남는 검색 자산 후보,BOT,MAGAZINE,true,1988,,,,,false,2026-07-12,cmrh7wlge0005q52y04lh5k60
B,PRESERVE_CANDIDATE,false,0,0,0,false,PRESERVE,매거진 장문 1987자 — 재수집 시 남는 검색 자산 후보,BOT,MAGAZINE,true,1987,,,,,false,2026-07-26,cms17uims0004a32y4ssluuzf
B,PRESERVE_CANDIDATE,false,0,0,0,false,PRESERVE,매거진 장문 1980자 — 재수집 시 남는 검색 자산 후보,BOT,MAGAZINE,true,1980,,,,,false,2026-06-21,cmqn7vy8b0007yo2yg1breqx7
B,PRESERVE_CANDIDATE,false,0,0,2,false,PRESERVE,매거진 장문 1964자 — 재수집 시 남는 검색 자산 후보,BOT,MAGAZINE,true,1964,,,,,false,2026-05-04,cmorqx77n0007j42u1sajigqg
B,PRESERVE_CANDIDATE,false,0,0,2,false,PRESERVE,매거진 장문 1950자 — 재수집 시 남는 검색 자산 후보,BOT,MAGAZINE,true,1950,,,,,false,2026-05-11,cmp1u9dkq0002f22y3o93hg4u
B,PRESERVE_CANDIDATE,false,0,0,3,false,PRESERVE,매거진 장문 1942자 — 재수집 시 남는 검색 자산 후보,BOT,MAGAZINE,true,1942,,,,,false,2026-05-11,cmp1uo31f0008f22yfpof679u
B,PRESERVE_CANDIDATE,false,0,0,0,false,PRESERVE,매거진 장문 1934자 — 재수집 시 남는 검색 자산 후보,BOT,MAGAZINE,true,1934,,,,,false,2026-06-14,cmqd7lc9q0004w22yw8dku8fs
B,PRESERVE_CANDIDATE,false,0,0,2,false,PRESERVE,매거진 장문 1919자 — 재수집 시 남는 검색 자산 후보,BOT,MAGAZINE,true,1919,,,,,false,2026-05-31,cmptbc4on00056d2yxj7v7kry
B,PRESERVE_CANDIDATE,false,0,0,0,false,PRESERVE,매거진 장문 1898자 — 재수집 시 남는 검색 자산 후보,BOT,MAGAZINE,true,1898,,,,,false,2026-08-02,cmsb7ws2e0004cn2yf1xuczu9
B,PRESERVE_CANDIDATE,false,0,0,0,false,PRESERVE,매거진 장문 1892자 — 재수집 시 남는 검색 자산 후보,BOT,MAGAZINE,true,1892,,,,,false,2026-08-09,cmsl7zz6a0004g52yg5t9kqmm
B,PRESERVE_CANDIDATE,false,0,0,2,false,PRESERVE,매거진 장문 1887자 — 재수집 시 남는 검색 자산 후보,BOT,MAGAZINE,true,1887,,,,,false,2026-04-24,cmocoqsms0005gi3fifpaq844
B,PRESERVE_CANDIDATE,false,0,0,2,false,PRESERVE,매거진 장문 1873자 — 재수집 시 남는 검색 자산 후보,BOT,MAGAZINE,true,1873,,,,,false,2026-05-24,cmpjb93rm00044w2ybklm7mzp
B,PRESERVE_CANDIDATE,false,0,0,2,false,PRESERVE,매거진 장문 1873자 — 재수집 시 남는 검색 자산 후보,BOT,MAGAZINE,true,1873,,,,,false,2026-05-24,cmpjb7svw00024w2y8dehifmz
B,PRESERVE_CANDIDATE,false,0,0,0,false,PRESERVE,매거진 장문 1854자 — 재수집 시 남는 검색 자산 후보,BOT,MAGAZINE,true,1854,,,,,false,2026-05-10,cmozq3vkt0005lu2y5w5jb4x6
B,PRESERVE_CANDIDATE,false,0,0,0,false,PRESERVE,매거진 장문 1828자 — 재수집 시 남는 검색 자산 후보,BOT,MAGAZINE,true,1828,,,,,false,2026-06-06,cmq225h0t0004d52y3i97i1ey
B,PRESERVE_CANDIDATE,false,0,0,0,false,PRESERVE,매거진 장문 1816자 — 재수집 시 남는 검색 자산 후보,BOT,MAGAZINE,true,1816,,,,,false,2026-05-10,cmozqadee0007lu2y710bplnn
B,PRESERVE_CANDIDATE,false,0,0,2,false,PRESERVE,매거진 장문 1789자 — 재수집 시 남는 검색 자산 후보,BOT,MAGAZINE,true,1789,,,,,false,2026-05-24,cmpjbab8o00074w2yyz711015
B,PRESERVE_CANDIDATE,false,0,0,0,false,PRESERVE,매거진 장문 1781자 — 재수집 시 남는 검색 자산 후보,BOT,MAGAZINE,true,1781,,,,,false,2026-07-05,cmr7bxd5w0002m22yanpxwh6z
B,PRESERVE_CANDIDATE,false,0,0,0,false,PRESERVE,매거진 장문 1780자 — 재수집 시 남는 검색 자산 후보,BOT,MAGAZINE,true,1780,,,,,false,2026-07-19,cmrr7wqkv0008462y8ifw5kjt
B,PRESERVE_CANDIDATE,false,0,0,0,false,PRESERVE,매거진 장문 1747자 — 재수집 시 남는 검색 자산 후보,BOT,MAGAZINE,true,1747,,,,,false,2026-07-19,cmrr7qlr20004462yypuu9821
B,PRESERVE_CANDIDATE,false,0,0,0,false,PRESERVE,매거진 장문 1742자 — 재수집 시 남는 검색 자산 후보,BOT,MAGAZINE,true,1742,,,,,false,2026-07-05,cmr77meqw0002rf2ylqznq01e
B,PRESERVE_CANDIDATE,false,0,0,2,false,PRESERVE,매거진 장문 1740자 — 재수집 시 남는 검색 자산 후보,BOT,MAGAZINE,true,1740,,,,,false,2026-04-28,cmoif2uob0002oo2uhyphxbom
B,PRESERVE_CANDIDATE,false,0,0,0,false,PRESERVE,매거진 장문 1734자 — 재수집 시 남는 검색 자산 후보,BOT,MAGAZINE,true,1734,,,,,false,2026-07-12,cmrh7pq570003q52yuupojp3j
B,PRESERVE_CANDIDATE,false,0,0,0,false,PRESERVE,매거진 장문 1732자 — 재수집 시 남는 검색 자산 후보,BOT,MAGAZINE,true,1732,,,,,false,2026-06-28,cmqx7k4bu0002882ynad17y5p
B,PRESERVE_CANDIDATE,false,0,0,2,false,PRESERVE,매거진 장문 1731자 — 재수집 시 남는 검색 자산 후보,BOT,MAGAZINE,true,1731,,,,,false,2026-05-31,cmptbasgn00026d2yp18dfggc
B,PRESERVE_CANDIDATE,false,0,0,0,false,PRESERVE,매거진 장문 1729자 — 재수집 시 남는 검색 자산 후보,BOT,MAGAZINE,true,1729,,,,,false,2026-05-04,cmora4eo90004hx2uhisodlry
B,PRESERVE_CANDIDATE,false,0,0,2,false,PRESERVE,매거진 장문 1714자 — 재수집 시 남는 검색 자산 후보,BOT,MAGAZINE,true,1714,,,,,false,2026-04-24,cmocopdk00002gi3fjhdeh470
B,PRESERVE_CANDIDATE,false,0,0,2,false,PRESERVE,매거진 장문 1668자 — 재수집 시 남는 검색 자산 후보,BOT,MAGAZINE,true,1668,,,,,false,2026-04-21,cmo8e2so30004i63foacwa12y
B,PRESERVE_CANDIDATE,false,0,0,2,false,PRESERVE,매거진 장문 1652자 — 재수집 시 남는 검색 자산 후보,BOT,MAGAZINE,true,1652,,,,,false,2026-05-24,cmpj6ytko0002412y3ebj98g8
B,PRESERVE_CANDIDATE,false,0,0,0,false,PRESERVE,매거진 장문 1640자 — 재수집 시 남는 검색 자산 후보,BOT,MAGAZINE,true,1640,,,,,false,2026-05-04,cmor9yfx80002hx2uls9hmccs
B,PRESERVE_CANDIDATE,false,0,0,2,false,PRESERVE,매거진 장문 1620자 — 재수집 시 남는 검색 자산 후보,BOT,MAGAZINE,true,1620,,,,,false,2026-05-31,cmptbdamo00076d2ycszdreni
B,PRESERVE_CANDIDATE,false,0,0,0,false,PRESERVE,매거진 장문 1618자 — 재수집 시 남는 검색 자산 후보,BOT,MAGAZINE,true,1618,,,,,false,2026-06-07,cmq379ptl0002yy2yq3upe2g0
B,PRESERVE_CANDIDATE,false,0,0,0,false,PRESERVE,매거진 장문 1617자 — 재수집 시 남는 검색 자산 후보,BOT,MAGAZINE,true,1617,,,,,false,2026-06-21,cmqn7p4zt0005yo2ykznwq9w5
B,PRESERVE_CANDIDATE,false,0,0,2,false,PRESERVE,매거진 장문 1587자 — 재수집 시 남는 검색 자산 후보,BOT,MAGAZINE,true,1587,,,,,false,2026-04-22,cmo9td40v0004g93frz8b32xh
B,PRESERVE_CANDIDATE,false,0,0,2,false,PRESERVE,매거진 장문 1586자 — 재수집 시 남는 검색 자산 후보,BOT,MAGAZINE,true,1586,,,,,false,2026-04-21,cmo8e1ali0001i63fim2f5n02
B,PRESERVE_CANDIDATE,false,0,0,0,false,PRESERVE,매거진 장문 1530자 — 재수집 시 남는 검색 자산 후보,BOT,MAGAZINE,true,1530,,,,,false,2026-05-17,cmp96ucth00025u2yfje9pgd1
B,PRESERVE_CANDIDATE,false,0,0,0,false,PRESERVE,매거진 장문 1525자 — 재수집 시 남는 검색 자산 후보,BOT,MAGAZINE,true,1525,,,,,false,2026-05-04,cmoraa1jz0006hx2u38zo8ym6
B,PRESERVE_CANDIDATE,false,0,0,0,false,PRESERVE,매거진 장문 1495자 — 재수집 시 남는 검색 자산 후보,BOT,MAGAZINE,false,1495,,,,,false,2026-03-28,cmna0q7q00000wn38itg3xstt
B,PRESERVE_CANDIDATE,false,0,0,0,false,PRESERVE,매거진 장문 1490자 — 재수집 시 남는 검색 자산 후보,BOT,MAGAZINE,false,1490,,,,,false,2026-03-27,cmn8k8kzt0001yp38f165o2ib
B,PRESERVE_CANDIDATE,false,0,0,0,false,PRESERVE,매거진 장문 1469자 — 재수집 시 남는 검색 자산 후보,BOT,MAGAZINE,true,1469,,,,,false,2026-05-17,cmp9b4mua0002jy2yt0f9er3e
B,PRESERVE_CANDIDATE,false,0,0,1,false,PRESERVE,매거진 장문 1369자 — 재수집 시 남는 검색 자산 후보,BOT,MAGAZINE,true,1369,,,,,false,2026-05-09,cmoy06cou0005n42y3aaa5mf6
B,PRESERVE_CANDIDATE,false,0,0,2,false,PRESERVE,매거진 장문 1367자 — 재수집 시 남는 검색 자산 후보,BOT,MAGAZINE,true,1367,,,,,false,2026-04-22,cmo9tbpxl0001g93fa6edfrnn
B,PRESERVE_CANDIDATE,false,0,0,2,false,PRESERVE,매거진 장문 1354자 — 재수집 시 남는 검색 자산 후보,BOT,MAGAZINE,true,1354,,,,,false,2026-04-12,cmnvnraok0001i90j7tn9ebqg
B,PRESERVE_CANDIDATE,false,0,0,2,false,PRESERVE,매거진 장문 1346자 — 재수집 시 남는 검색 자산 후보,BOT,MAGAZINE,true,1346,,,,,false,2026-04-12,cmnvh2ipx0004i30jhuwr6gki
B,PRESERVE_CANDIDATE,false,0,0,3,false,PRESERVE,매거진 장문 1341자 — 재수집 시 남는 검색 자산 후보,BOT,MAGAZINE,true,1341,,,,,false,2026-04-11,cmnts3tww0003ht0jaelvqm4l
B,PRESERVE_CANDIDATE,false,0,0,2,false,PRESERVE,매거진 장문 1339자 — 재수집 시 남는 검색 자산 후보,BOT,MAGAZINE,true,1339,,,,,false,2026-04-19,cmo5hgh0k0001g73fakby31y2
B,PRESERVE_CANDIDATE,false,0,0,1,false,PRESERVE,매거진 장문 1320자 — 재수집 시 남는 검색 자산 후보,BOT,MAGAZINE,true,1320,,,,,false,2026-05-09,cmoy05oy900021r2yg5v818hs
B,PRESERVE_CANDIDATE,false,0,0,0,false,PRESERVE,매거진 장문 1315자 — 재수집 시 남는 검색 자산 후보,BOT,MAGAZINE,false,1315,,,,,false,2026-03-28,cmna0qz3e0002wn389x1a9ac2
B,PRESERVE_CANDIDATE,false,0,0,0,false,PRESERVE,매거진 장문 1313자 — 재수집 시 남는 검색 자산 후보,BOT,MAGAZINE,true,1313,,,,,false,2026-05-09,cmoy077lc0008n42yr6x7vukc
B,PRESERVE_CANDIDATE,false,0,0,2,false,PRESERVE,매거진 장문 1307자 — 재수집 시 남는 검색 자산 후보,BOT,MAGAZINE,true,1307,,,,,false,2026-04-12,cmnvh1d5t0001i30j8xv74hmv
B,PRESERVE_CANDIDATE,false,0,0,1,false,PRESERVE,매거진 장문 1297자 — 재수집 시 남는 검색 자산 후보,BOT,MAGAZINE,true,1297,,,,,false,2026-05-09,cmoy0f2jm00051r2yzhghrnng
B,PRESERVE_CANDIDATE,false,0,0,2,false,PRESERVE,매거진 장문 1284자 — 재수집 시 남는 검색 자산 후보,BOT,MAGAZINE,true,1284,,,,,false,2026-04-08,cmnpyvhh10001iizf8098c0gu
B,PRESERVE_CANDIDATE,false,0,0,3,false,PRESERVE,매거진 장문 1283자 — 재수집 시 남는 검색 자산 후보,BOT,MAGAZINE,true,1283,,,,,false,2026-04-12,cmnv8g35c0001j20je31hq6cx
B,PRESERVE_CANDIDATE,false,0,0,2,false,PRESERVE,매거진 장문 1282자 — 재수집 시 남는 검색 자산 후보,BOT,MAGAZINE,false,1282,,,,,false,2026-04-06,cmnmnn0d40003igzfmdmh5s28
B,PRESERVE_CANDIDATE,false,0,0,2,false,PRESERVE,매거진 장문 1270자 — 재수집 시 남는 검색 자산 후보,BOT,MAGAZINE,false,1270,,,,,false,2026-04-05,cmnlnjpt00004iczf5j3iyu5l
B,PRESERVE_CANDIDATE,false,0,0,2,false,PRESERVE,매거진 장문 1266자 — 재수집 시 남는 검색 자산 후보,BOT,MAGAZINE,false,1266,,,,,false,2026-04-05,cmnlnib9j0001iczfe3q44s1i
B,PRESERVE_CANDIDATE,false,0,0,2,false,PRESERVE,매거진 장문 1247자 — 재수집 시 남는 검색 자산 후보,BOT,MAGAZINE,true,1247,,,,,false,2026-04-11,cmnu86i7k0001hw0j9e8plphm
B,PRESERVE_CANDIDATE,false,0,0,2,false,PRESERVE,매거진 장문 1231자 — 재수집 시 남는 검색 자산 후보,BOT,MAGAZINE,false,1231,,,,,false,2026-04-06,cmnmx3hnu0001iezf4eu7ekt3
B,PRESERVE_CANDIDATE,false,0,0,1,false,PRESERVE,매거진 장문 1231자 — 재수집 시 남는 검색 자산 후보,BOT,MAGAZINE,true,1231,,,,,false,2026-05-09,cmoy0n9s100071r2y3p2xb0xm
B,PRESERVE_CANDIDATE,false,0,0,2,false,PRESERVE,매거진 장문 1208자 — 재수집 시 남는 검색 자산 후보,BOT,MAGAZINE,true,1208,,,,,false,2026-04-19,cmo5hhp3y0004g73fr4jqoew7
B,PRESERVE_CANDIDATE,false,0,0,0,false,PRESERVE,매거진 장문 1208자 — 재수집 시 남는 검색 자산 후보,BOT,MAGAZINE,true,1208,,,,,false,2026-04-12,cmnvns4hw0004i90j1z5orhy2
B,PRESERVE_CANDIDATE,false,0,0,2,false,PRESERVE,매거진 장문 1167자 — 재수집 시 남는 검색 자산 후보,BOT,MAGAZINE,true,1167,,,,,false,2026-04-09,cmnrecbpq0001hjzfwvvg0o1h
B,PRESERVE_CANDIDATE,false,0,0,2,false,PRESERVE,매거진 장문 1158자 — 재수집 시 남는 검색 자산 후보,BOT,MAGAZINE,true,1158,,,,,false,2026-04-12,cmnv8h4xk0004j20jaasyzkff
B,PRESERVE_CANDIDATE,false,0,0,2,false,PRESERVE,매거진 장문 1148자 — 재수집 시 남는 검색 자산 후보,BOT,MAGAZINE,true,1148,,,,,false,2026-04-10,cmnst9yc20001hx0j8sj7bfi9
B,PRESERVE_CANDIDATE,false,0,0,2,false,PRESERVE,매거진 장문 1144자 — 재수집 시 남는 검색 자산 후보,BOT,MAGAZINE,true,1144,,,,,false,2026-04-07,cmnojfsyk0004iozfkvvqjffw
B,PRESERVE_CANDIDATE,false,0,0,2,false,PRESERVE,매거진 장문 1142자 — 재수집 시 남는 검색 자산 후보,BOT,MAGAZINE,true,1142,,,,,false,2026-04-08,cmnpi9o4v0003iyzfzmy7411o
B,PRESERVE_CANDIDATE,false,0,0,3,false,PRESERVE,매거진 장문 1135자 — 재수집 시 남는 검색 자산 후보,BOT,MAGAZINE,false,1135,,,,,false,2026-04-07,cmno2qts20004k9zfnspmb5bj
B,PRESERVE_CANDIDATE,false,0,0,0,false,PRESERVE,매거진 장문 1127자 — 재수집 시 남는 검색 자산 후보,BOT,MAGAZINE,true,1127,,,,,false,2026-04-11,cmnu87i890004hw0jjovaoi1f
B,PRESERVE_CANDIDATE,false,0,0,0,false,PRESERVE,매거진 장문 1109자 — 재수집 시 남는 검색 자산 후보,BOT,MAGAZINE,false,1109,,,,,false,2026-04-06,cmnn3wk3s0004gvzf5medsuwz
B,PRESERVE_CANDIDATE,false,0,0,3,false,PRESERVE,매거진 장문 1095자 — 재수집 시 남는 검색 자산 후보,BOT,MAGAZINE,true,1095,,,,,false,2026-04-10,cmnsdg24t0001i60j6p0wxgu9
B,PRESERVE_CANDIDATE,false,0,0,2,false,PRESERVE,매거진 장문 1094자 — 재수집 시 남는 검색 자산 후보,BOT,MAGAZINE,true,1094,,,,,false,2026-04-10,cmnsdh5df0004i60jrkx8a70q
B,PRESERVE_CANDIDATE,false,0,0,2,false,PRESERVE,매거진 장문 1089자 — 재수집 시 남는 검색 자산 후보,BOT,MAGAZINE,true,1089,,,,,false,2026-04-08,cmnpi8rl90001iyzfmibf4hqu
B,PRESERVE_CANDIDATE,false,0,0,3,false,PRESERVE,매거진 장문 1088자 — 재수집 시 남는 검색 자산 후보,BOT,MAGAZINE,true,1088,,,,,false,2026-04-09,cmnqxi73q0001ji0ja02r5ew3
B,PRESERVE_CANDIDATE,false,0,0,2,false,PRESERVE,매거진 장문 1081자 — 재수집 시 남는 검색 자산 후보,BOT,MAGAZINE,true,1081,,,,,false,2026-04-08,cmnprlshe0001iuzfimbffjsi
B,PRESERVE_CANDIDATE,false,0,0,2,false,PRESERVE,매거진 장문 1075자 — 재수집 시 남는 검색 자산 후보,BOT,MAGAZINE,true,1075,,,,,false,2026-04-08,cmnpywsfx0003iizfpjlsblge
B,PRESERVE_CANDIDATE,false,0,0,2,false,PRESERVE,매거진 장문 1062자 — 재수집 시 남는 검색 자산 후보,BOT,MAGAZINE,false,1062,,,,,false,2026-04-06,cmnn3vj3c0001gvzfnrvbkez3
B,PRESERVE_CANDIDATE,false,0,0,2,false,PRESERVE,매거진 장문 1054자 — 재수집 시 남는 검색 자산 후보,BOT,MAGAZINE,true,1054,,,,,false,2026-04-17,cmo2ncech00041h3ffej0330d
B,PRESERVE_CANDIDATE,false,0,0,2,false,PRESERVE,매거진 장문 1044자 — 재수집 시 남는 검색 자산 후보,BOT,MAGAZINE,true,1044,,,,,false,2026-04-10,cmnsmsgt50001hz0jhybfcson
B,PRESERVE_CANDIDATE,false,0,0,2,false,PRESERVE,매거진 장문 1044자 — 재수집 시 남는 검색 자산 후보,BOT,MAGAZINE,true,1044,,,,,false,2026-04-08,cmnprms0m0003iuzf1fizfja5
B,PRESERVE_CANDIDATE,false,0,0,2,false,PRESERVE,매거진 장문 1036자 — 재수집 시 남는 검색 자산 후보,BOT,MAGAZINE,true,1036,,,,,false,2026-04-07,cmnojemem0001iozfeqqoh8zf
B,PRESERVE_CANDIDATE,false,0,0,2,false,PRESERVE,매거진 장문 1034자 — 재수집 시 남는 검색 자산 후보,BOT,MAGAZINE,true,1034,,,,,false,2026-04-10,cmnstaxyh0004hx0jybrhyvyc
B,PRESERVE_CANDIDATE,false,0,0,2,false,PRESERVE,매거진 장문 1014자 — 재수집 시 남는 검색 자산 후보,BOT,MAGAZINE,true,1014,,,,,false,2026-04-17,cmo2nbhac00011h3ffwj2885p
B,PRESERVE_CANDIDATE,false,0,0,2,false,PRESERVE,매거진 장문 1008자 — 재수집 시 남는 검색 자산 후보,BOT,MAGAZINE,false,1008,,,,,false,2026-04-06,cmnmx4epu0004iezfh9t08wrr
B,PRESERVE_CANDIDATE,false,0,0,3,false,PRESERVE,매거진 장문 1008자 — 재수집 시 남는 검색 자산 후보,BOT,MAGAZINE,true,1008,,,,,false,2026-04-11,cmnts2ova0001ht0jcltdi44e
B,PRESERVE_CANDIDATE,true,1,0,7,false,PRESERVE,사람 흔적 있음(게스트 공감 1 · 게스트 댓글 0) — 보호 대상,SHEET,STORY,true,433,,,,,false,2026-07-04,cmr5zbtt3000ng43ga0e4nlqd
B,PRESERVE_CANDIDATE,true,1,0,0,false,PRESERVE,사람 흔적 있음(게스트 공감 1 · 게스트 댓글 0) — 보호 대상,BOT,STORY,true,391,,,,,false,2026-05-01,cmomvibfd0005113fxu58h8h6
B,MANUAL_REVIEW,true,0,1,9,false,PRESERVE,사람 흔적 있음(게스트 공감 0 · 게스트 댓글 1) — 보호 대상,ADMIN,STORY,false,382,,,,,false,2026-07-15,cmrkfu7yv000004l5eapg5k25
B,MANUAL_REVIEW,true,0,1,2,false,PRESERVE,사람 흔적 있음(게스트 공감 0 · 게스트 댓글 1) — 보호 대상,BOT,STORY,true,365,,,,,false,2026-05-01,cmonkavnn0005qu2u4clplzu3
B,PRESERVE_CANDIDATE,true,1,0,4,false,PRESERVE,사람 흔적 있음(게스트 공감 1 · 게스트 댓글 0) — 보호 대상,BOT,STORY,true,353,,,,,false,2026-05-16,cmp8b26x2000a0w4e1q2nyyz4
B,PRESERVE_CANDIDATE,true,1,0,6,false,PRESERVE,사람 흔적 있음(게스트 공감 1 · 게스트 댓글 0) — 보호 대상,BOT,STORY,true,322,,,,,false,2026-05-10,cmozbycoh000bze3f1ahyuuqb
B,PRESERVE_CANDIDATE,true,2,0,4,true,PRESERVE,사람 흔적 있음(게스트 공감 2 · 게스트 댓글 0) — 보호 대상,SHEET,LIFE2,true,305,,,,,false,2026-07-10,cmredq6vj00123m2cvu1d5688
B,PRESERVE_CANDIDATE,true,1,0,2,true,PRESERVE,사람 흔적 있음(게스트 공감 1 · 게스트 댓글 0) — 보호 대상,SHEET,STORY,true,298,,,,,false,2026-07-05,cmr7jrcqu000k433gahlmp2xc
B,PRESERVE_CANDIDATE,true,1,0,7,true,PRESERVE,사람 흔적 있음(게스트 공감 1 · 게스트 댓글 0) — 보호 대상,SHEET,STORY,true,296,,,,,false,2026-07-30,cms7cr3sk000h264s0wzaxzvp
B,PRESERVE_CANDIDATE,true,2,0,7,true,PRESERVE,사람 흔적 있음(게스트 공감 2 · 게스트 댓글 0) — 보호 대상,SHEET,HUMOR,true,258,,,,,false,2026-07-01,cmr1vtmc5001hy25npn5vlh1s
B,PRESERVE_CANDIDATE,true,1,0,7,true,PRESERVE,사람 흔적 있음(게스트 공감 1 · 게스트 댓글 0) — 보호 대상,SHEET,HUMOR,true,248,,,,,false,2026-07-14,cmrjzjlzo000txb2ydjwefpqt
B,PRESERVE_CANDIDATE,true,1,0,7,true,PRESERVE,사람 흔적 있음(게스트 공감 1 · 게스트 댓글 0) — 보호 대상,SHEET,STORY,true,241,,,,,false,2026-08-03,cmscy1rd5000e2n4svrba0l8s
B,NOINDEX_OR_HIDE,true,0,1,0,false,PRESERVE,사람 흔적 있음(게스트 공감 0 · 게스트 댓글 1) — 보호 대상,ADMIN,STORY,false,232,,,,,false,2026-07-22,cmrvp3e6t000104jlpmx9lrsd
B,PRESERVE_CANDIDATE,true,1,1,2,true,PRESERVE,사람 흔적 있음(게스트 공감 1 · 게스트 댓글 1) — 보호 대상,BOT,HUMOR,true,229,,,,,false,2026-05-16,cmp83u2350006zx4ebhts99r7
B,PRESERVE_CANDIDATE,true,1,0,4,true,PRESERVE,사람 흔적 있음(게스트 공감 1 · 게스트 댓글 0) — 보호 대상,SHEET,LIFE2,true,218,,,,,false,2026-07-13,cmrimt9sq000r3s2chh8qwkie
B,NOINDEX_OR_HIDE,true,0,1,5,true,PRESERVE,사람 흔적 있음(게스트 공감 0 · 게스트 댓글 1) — 보호 대상,BOT,STORY,false,202,,,,,false,2026-07-13,cmritt0za0000d32yq540lrch
B,PRESERVE_CANDIDATE,true,1,0,7,true,PRESERVE,사람 흔적 있음(게스트 공감 1 · 게스트 댓글 0) — 보호 대상,SHEET,STORY,true,187,,,,,false,2026-07-01,cmr1vs2dz000jy25n3qvyo3v8
B,PRESERVE_CANDIDATE,true,1,0,4,true,PRESERVE,사람 흔적 있음(게스트 공감 1 · 게스트 댓글 0) — 보호 대상,SHEET,STORY,true,186,,,,,false,2026-06-25,cmqsylewq000p3p0jlz5gba4i
B,PRESERVE_CANDIDATE,true,1,0,4,true,PRESERVE,사람 흔적 있음(게스트 공감 1 · 게스트 댓글 0) — 보호 대상,SHEET,STORY,true,186,,,,,false,2026-06-30,cmr1aqncw0005xx3g3oop06hw
B,PRESERVE_CANDIDATE,true,1,1,0,true,PRESERVE,사람 흔적 있음(게스트 공감 1 · 게스트 댓글 1) — 보호 대상,BOT,STORY,true,123,,,,,false,2026-04-04,cmnkc6bxb0001wozfb8uu0pow
B,NOINDEX_OR_HIDE,true,0,1,4,true,PRESERVE,사람 흔적 있음(게스트 공감 0 · 게스트 댓글 1) — 보호 대상,SHEET,HUMOR,true,120,,,,,false,2026-06-24,cmqrp3i5w000qu22ylkgy21xi
B,PRESERVE_CANDIDATE,true,1,0,4,true,PRESERVE,사람 흔적 있음(게스트 공감 1 · 게스트 댓글 0) — 보호 대상,SHEET,STORY,true,116,,,,,false,2026-06-25,cmqsyjxyd00013p0jx2burtri
B,PRESERVE_CANDIDATE,true,1,0,6,true,PRESERVE,사람 흔적 있음(게스트 공감 1 · 게스트 댓글 0) — 보호 대상,SHEET,STORY,true,102,,,,,false,2026-07-11,cmrge83zk00051o2cth5hylsu
B,PRESERVE_CANDIDATE,true,1,0,0,true,PRESERVE,사람 흔적 있음(게스트 공감 1 · 게스트 댓글 0) — 보호 대상,SHEET,LIFE2,true,93,,,,,false,2026-07-21,cmruhw2nv000g3r1mo3b1q36a
B,PRESERVE_CANDIDATE,true,1,1,7,false,PRESERVE,사람 흔적 있음(게스트 공감 1 · 게스트 댓글 1) — 보호 대상,ADMIN,STORY,false,87,,,,,false,2026-07-14,cmrjzvek8000104ji53jqczzj
B,PRESERVE_CANDIDATE,true,1,0,3,true,PRESERVE,사람 흔적 있음(게스트 공감 1 · 게스트 댓글 0) — 보호 대상,SHEET,HUMOR,true,71,,,,,false,2026-06-22,cmqpa90dp0001002yrrwblac5
B,PRESERVE_CANDIDATE,true,1,0,3,true,PRESERVE,사람 흔적 있음(게스트 공감 1 · 게스트 댓글 0) — 보호 대상,SHEET,HUMOR,true,71,,,,,false,2026-07-06,cmr8w4nmu000d3o3gafiixe0s
B,PRESERVE_CANDIDATE,true,1,0,4,true,PRESERVE,사람 흔적 있음(게스트 공감 1 · 게스트 댓글 0) — 보호 대상,SHEET,HUMOR,true,56,,,,,false,2026-06-12,cmqaerotx00014d0iyeqixm2y
B,PRESERVE_CANDIDATE,true,1,1,3,true,PRESERVE,사람 흔적 있음(게스트 공감 1 · 게스트 댓글 1) — 보호 대상,SHEET,HUMOR,true,9,,,,,false,2026-05-15,cmp7jw2cs0005gb4eq2ku7qqc
B,REWRITE,false,0,0,2,false,REWRITE_BRAND_COPY,금지 표현이 우나어가 직접 쓴 SEO 카피(seoTitle/seoDescription)에 있다(실버) — 브랜드 규칙 위반,BOT,MAGAZINE,true,3094,,실버,실버,,false,2026-06-04,cmpyxhh950008ak2ywkhpx4cv
B,REWRITE,false,0,0,0,false,REWRITE_BRAND_COPY,금지 표현이 우나어가 직접 쓴 SEO 카피(seoTitle/seoDescription)에 있다(노인) — 브랜드 규칙 위반,BOT,MAGAZINE,true,3020,,노인,노인,노인,false,2026-08-08,cmsjsn10g0004np2y057yieuj
B,REWRITE,false,0,0,0,false,REWRITE_BRAND_COPY,금지 표현이 우나어가 직접 쓴 SEO 카피(seoTitle/seoDescription)에 있다(노인) — 브랜드 규칙 위반,BOT,MAGAZINE,true,2900,,노인,노인,,false,2026-07-04,cmr5whll30002te2yj218bb55
B,REWRITE,false,0,0,0,false,REWRITE_BRAND_COPY,금지 표현이 우나어가 직접 쓴 SEO 카피(seoTitle/seoDescription)에 있다(노인) — 브랜드 규칙 위반,BOT,MAGAZINE,true,2689,,노인,노인,노인,false,2026-07-23,cmrx1tbv80003q62yqzmo6u8n
B,REWRITE,false,0,0,0,false,REWRITE_BRAND_COPY,금지 표현이 우나어가 직접 쓴 SEO 카피(seoTitle/seoDescription)에 있다(시니어) — 브랜드 규칙 위반,BOT,JOB,false,355,NULL,시니어,시니어,,false,2026-06-11,cmq9mcd3d0000ki0i6rxeameq
B,REWRITE,false,0,0,0,false,REWRITE_BRAND_COPY,금지 표현이 우나어가 직접 쓴 SEO 카피(seoTitle/seoDescription)에 있다(노인·어르신) — 브랜드 규칙 위반,BOT,JOB,false,350,NULL,노인|어르신,노인|어르신,노인,false,2026-07-08,cmrboe1kc0000li3gm5g6a95t
B,REWRITE,false,0,0,0,false,REWRITE_BRAND_COPY,금지 표현이 우나어가 직접 쓴 SEO 카피(seoTitle/seoDescription)에 있다(어르신) — 브랜드 규칙 위반,BOT,JOB,false,349,NULL,어르신,어르신,,false,2026-07-16,cmrni9cru0004oi2cy70hyr6t
B,REWRITE,false,0,0,0,false,REWRITE_BRAND_COPY,금지 표현이 우나어가 직접 쓴 SEO 카피(seoTitle/seoDescription)에 있다(시니어) — 브랜드 규칙 위반,BOT,JOB,false,349,NULL,시니어,시니어,,false,2026-07-22,cmrw2tjhw0004js1mbkmygcmn
B,REWRITE,false,0,0,0,false,REWRITE_BRAND_COPY,금지 표현이 우나어가 직접 쓴 SEO 카피(seoTitle/seoDescription)에 있다(노인) — 브랜드 규칙 위반,BOT,JOB,false,345,NULL,노인,노인,노인,false,2026-07-06,cmr95jzsx0000ez3gv7fdtqsp
B,REWRITE,false,0,0,0,false,REWRITE_BRAND_COPY,금지 표현이 우나어가 직접 쓴 SEO 카피(seoTitle/seoDescription)에 있다(시니어) — 브랜드 규칙 위반,BOT,JOB,false,344,NULL,시니어,시니어,,false,2026-06-27,cmqw60ems0000k05ndof6n02p
B,REWRITE,false,0,0,0,false,REWRITE_BRAND_COPY,금지 표현이 우나어가 직접 쓴 SEO 카피(seoTitle/seoDescription)에 있다(시니어·어르신) — 브랜드 규칙 위반,BOT,JOB,false,343,NULL,시니어|어르신,시니어|어르신,,false,2026-06-08,cmq5bzvcb0000lc28xm9mvjan
B,REWRITE,false,0,0,0,false,REWRITE_BRAND_COPY,금지 표현이 우나어가 직접 쓴 SEO 카피(seoTitle/seoDescription)에 있다(시니어) — 브랜드 규칙 위반,BOT,JOB,false,342,NULL,시니어,시니어,,false,2026-06-23,cmqqp98sq0000jv0jk9wlmwtd
B,REWRITE,false,0,0,0,false,REWRITE_BRAND_COPY,금지 표현이 우나어가 직접 쓴 SEO 카피(seoTitle/seoDescription)에 있다(실버) — 브랜드 규칙 위반,BOT,JOB,false,341,NULL,실버,실버,,false,2026-07-01,cmr1qxmyv0000l05ndephrei3
B,REWRITE,false,0,0,0,false,REWRITE_BRAND_COPY,금지 표현이 우나어가 직접 쓴 SEO 카피(seoTitle/seoDescription)에 있다(실버) — 브랜드 규칙 위반,BOT,JOB,false,341,NULL,실버,실버,,false,2026-06-25,cmqtcqzs80000k00jgh56vqt1
B,REWRITE,false,0,0,0,false,REWRITE_BRAND_COPY,금지 표현이 우나어가 직접 쓴 SEO 카피(seoTitle/seoDescription)에 있다(시니어) — 브랜드 규칙 위반,BOT,JOB,false,339,NULL,시니어,시니어,,false,2026-07-31,cms8yi0dg0004j24swxdth61m
B,REWRITE,false,0,0,0,false,REWRITE_BRAND_COPY,금지 표현이 우나어가 직접 쓴 SEO 카피(seoTitle/seoDescription)에 있다(어르신·실버) — 브랜드 규칙 위반,BOT,JOB,false,339,NULL,어르신|실버,어르신|실버,,true,2026-07-19,cmrrl04ll0004il1m6a8ityeo
B,REWRITE,false,0,0,0,false,REWRITE_BRAND_COPY,금지 표현이 우나어가 직접 쓴 SEO 카피(seoTitle/seoDescription)에 있다(시니어·어르신·노인) — 브랜드 규칙 위반,BOT,JOB,false,339,NULL,시니어|어르신|노인,시니어|어르신|노인,,false,2026-06-10,cmq7qksbb0000hx0i509osh0t
B,REWRITE,false,0,0,0,false,REWRITE_BRAND_COPY,금지 표현이 우나어가 직접 쓴 SEO 카피(seoTitle/seoDescription)에 있다(시니어·어르신) — 브랜드 규칙 위반,BOT,JOB,false,338,NULL,시니어|어르신,시니어|어르신,,true,2026-07-29,cms5wko1z0004je4see0xjaoj
B,REWRITE,false,0,0,0,false,REWRITE_BRAND_COPY,금지 표현이 우나어가 직접 쓴 SEO 카피(seoTitle/seoDescription)에 있다(노인·시니어) — 브랜드 규칙 위반,BOT,JOB,false,337,NULL,노인|시니어,노인|시니어,노인,false,2026-08-08,cmskazag60004la4sqmbyi71r
B,REWRITE,false,0,0,2,false,REWRITE_BRAND_COPY,금지 표현이 우나어가 직접 쓴 SEO 카피(seoTitle/seoDescription)에 있다(어르신·노인) — 브랜드 규칙 위반,BOT,JOB,false,336,NULL,어르신|노인,어르신|노인,,false,2026-04-24,cmocutg680000ij3fwtp7qgab
B,REWRITE,false,0,0,0,false,REWRITE_BRAND_COPY,금지 표현이 우나어가 직접 쓴 SEO 카피(seoTitle/seoDescription)에 있다(노인·시니어·어르신) — 브랜드 규칙 위반,BOT,JOB,false,336,NULL,노인|시니어|어르신,노인|시니어|어르신,노인,false,2026-06-10,cmq861cel0000kb28riz2us0q
B,REWRITE,false,0,0,0,false,REWRITE_BRAND_COPY,금지 표현이 우나어가 직접 쓴 SEO 카피(seoTitle/seoDescription)에 있다(시니어) — 브랜드 규칙 위반,BOT,JOB,false,336,NULL,시니어,시니어,,false,2026-07-11,cmrfy2tf20000dt2cjfnd21sz
B,REWRITE,false,0,0,1,false,REWRITE_BRAND_COPY,금지 표현이 우나어가 직접 쓴 SEO 카피(seoTitle/seoDescription)에 있다(어르신) — 브랜드 규칙 위반,BOT,JOB,false,336,NULL,어르신,어르신,어르신,false,2026-04-19,cmo5h7twx0000hr3f5aztf5m4
B,REWRITE,false,0,0,0,false,REWRITE_BRAND_COPY,금지 표현이 우나어가 직접 쓴 SEO 카피(seoTitle/seoDescription)에 있다(어르신·노인) — 브랜드 규칙 위반,BOT,JOB,false,335,NULL,어르신|노인,어르신|노인,,false,2026-06-16,cmqgm48ux0000op0i0exhpa6c
B,REWRITE,false,0,0,0,false,REWRITE_BRAND_COPY,금지 표현이 우나어가 직접 쓴 SEO 카피(seoTitle/seoDescription)에 있다(어르신) — 브랜드 규칙 위반,BOT,JOB,false,335,NULL,어르신,어르신,,false,2026-07-08,cmrbvub300000k12cltcfyevl
B,REWRITE,false,0,0,0,false,REWRITE_BRAND_COPY,금지 표현이 우나어가 직접 쓴 SEO 카피(seoTitle/seoDescription)에 있다(시니어) — 브랜드 규칙 위반,BOT,JOB,false,335,NULL,시니어,시니어,,false,2026-06-29,cmqyyd6gf0000lr5n176rnldy
B,REWRITE,false,0,0,0,false,REWRITE_BRAND_COPY,금지 표현이 우나어가 직접 쓴 SEO 카피(seoTitle/seoDescription)에 있다(어르신·노인) — 브랜드 규칙 위반,BOT,JOB,false,335,NULL,어르신|노인,어르신|노인,,false,2026-06-15,cmqffbhyr0000ny0iw0fach54
B,REWRITE,false,0,0,0,false,REWRITE_BRAND_COPY,금지 표현이 우나어가 직접 쓴 SEO 카피(seoTitle/seoDescription)에 있다(어르신) — 브랜드 규칙 위반,BOT,JOB,false,334,NULL,어르신,어르신,,false,2026-07-27,cms33xdi30004j84s2ubou15o
B,REWRITE,false,0,0,0,false,REWRITE_BRAND_COPY,금지 표현이 우나어가 직접 쓴 SEO 카피(seoTitle/seoDescription)에 있다(어르신) — 브랜드 규칙 위반,BOT,JOB,false,334,NULL,어르신,어르신,,true,2026-08-08,cmsk31cma0004j54s36t1cecq
B,REWRITE,false,0,0,2,false,REWRITE_BRAND_COPY,금지 표현이 우나어가 직접 쓴 SEO 카피(seoTitle/seoDescription)에 있다(시니어) — 브랜드 규칙 위반,BOT,JOB,false,333,NULL,시니어,시니어,,false,2026-04-15,cmnzs78ku0000h10jrlbom611
B,REWRITE,false,0,0,0,false,REWRITE_BRAND_COPY,금지 표현이 우나어가 직접 쓴 SEO 카피(seoTitle/seoDescription)에 있다(어르신·노인) — 브랜드 규칙 위반,BOT,JOB,false,333,NULL,어르신|노인,어르신|노인,,false,2026-07-25,cms05ha5s0004et4swhuvlnmf
B,REWRITE,false,0,0,0,false,REWRITE_BRAND_COPY,금지 표현이 우나어가 직접 쓴 SEO 카피(seoTitle/seoDescription)에 있다(어르신) — 브랜드 규칙 위반,BOT,JOB,false,332,NULL,어르신,어르신,어르신,false,2026-07-21,cmrunazii0004jl1ml0bxl3xa
B,REWRITE,false,0,0,2,false,REWRITE_BRAND_COPY,금지 표현이 우나어가 직접 쓴 SEO 카피(seoTitle/seoDescription)에 있다(시니어) — 브랜드 규칙 위반,BOT,JOB,false,332,NULL,시니어,시니어,,false,2026-04-26,cmofbzhhb0000ha3fvm2ui8dq
B,REWRITE,false,0,0,0,false,REWRITE_BRAND_COPY,금지 표현이 우나어가 직접 쓴 SEO 카피(seoTitle/seoDescription)에 있다(어르신) — 브랜드 규칙 위반,BOT,JOB,false,331,NULL,어르신,어르신,,false,2026-07-20,cmrsucp0d0004jk1mv5s8cs0x
B,REWRITE,false,0,0,0,false,REWRITE_BRAND_COPY,금지 표현이 우나어가 직접 쓴 SEO 카피(seoTitle/seoDescription)에 있다(어르신) — 브랜드 규칙 위반,BOT,JOB,false,331,NULL,어르신,어르신,,false,2026-08-14,cmsshaxui0004mj4s1qoh0krn
B,REWRITE,false,0,0,0,false,REWRITE_BRAND_COPY,금지 표현이 우나어가 직접 쓴 SEO 카피(seoTitle/seoDescription)에 있다(어르신) — 브랜드 규칙 위반,BOT,JOB,false,331,NULL,어르신,어르신,어르신,false,2026-06-18,cmqjf339w0000l10ip4ugxql6
B,REWRITE,false,0,0,0,false,REWRITE_BRAND_COPY,금지 표현이 우나어가 직접 쓴 SEO 카피(seoTitle/seoDescription)에 있다(시니어) — 브랜드 규칙 위반,BOT,JOB,false,330,NULL,시니어,시니어,,false,2026-06-28,cmqxrcb8z0000dy5nadk3yfza
B,REWRITE,false,0,0,0,false,REWRITE_BRAND_COPY,금지 표현이 우나어가 직접 쓴 SEO 카피(seoTitle/seoDescription)에 있다(노인) — 브랜드 규칙 위반,BOT,JOB,false,330,NULL,노인,노인,,false,2026-08-11,cmsolt8fw0004j54shbtg97bn
B,REWRITE,false,0,0,0,false,REWRITE_BRAND_COPY,금지 표현이 우나어가 직접 쓴 SEO 카피(seoTitle/seoDescription)에 있다(노인) — 브랜드 규칙 위반,BOT,JOB,false,328,NULL,노인,노인,,false,2026-06-26,cmquyln900000kf5nixuxeau3
B,REWRITE,false,0,0,0,false,REWRITE_BRAND_COPY,금지 표현이 우나어가 직접 쓴 SEO 카피(seoTitle/seoDescription)에 있다(노인) — 브랜드 규칙 위반,BOT,JOB,false,328,NULL,노인,노인,,false,2026-07-16,cmrn3act90004kp2c4esfod1w
B,REWRITE,false,0,0,0,false,REWRITE_BRAND_COPY,금지 표현이 우나어가 직접 쓴 SEO 카피(seoTitle/seoDescription)에 있다(노인) — 브랜드 규칙 위반,BOT,JOB,false,327,NULL,노인,노인,,false,2026-07-24,cmryqser50004cx4s2gxy8tz2
B,REWRITE,false,0,0,2,false,REWRITE_BRAND_COPY,금지 표현이 우나어가 직접 쓴 SEO 카피(seoTitle/seoDescription)에 있다(시니어) — 브랜드 규칙 위반,BOT,JOB,false,327,NULL,시니어,시니어,,false,2026-04-15,cmnzm1u6z0000ij0jhj1dptj2
B,REWRITE,false,0,0,0,false,REWRITE_BRAND_COPY,금지 표현이 우나어가 직접 쓴 SEO 카피(seoTitle/seoDescription)에 있다(노인) — 브랜드 규칙 위반,BOT,JOB,false,326,NULL,노인,노인,,false,2026-06-19,cmqkoiheh0000fw0jy37zalsz
B,REWRITE,false,0,0,0,false,REWRITE_BRAND_COPY,금지 표현이 우나어가 직접 쓴 SEO 카피(seoTitle/seoDescription)에 있다(노인) — 브랜드 규칙 위반,BOT,JOB,false,326,NULL,노인,노인,,false,2026-06-12,cmqb0evym0000ke0i44xbupgs
B,REWRITE,false,0,0,0,false,REWRITE_BRAND_COPY,금지 표현이 우나어가 직접 쓴 SEO 카피(seoTitle/seoDescription)에 있다(노인) — 브랜드 규칙 위반,BOT,JOB,false,325,NULL,노인,노인,,false,2026-06-13,cmqc70zr70000k40ixouc2d56
B,REWRITE,false,0,0,0,false,REWRITE_BRAND_COPY,금지 표현이 우나어가 직접 쓴 SEO 카피(seoTitle/seoDescription)에 있다(시니어) — 브랜드 규칙 위반,BOT,JOB,false,325,NULL,시니어,시니어,,false,2026-03-26,cmn7ewd9e0000ir38npqae9yf
B,REWRITE,false,0,0,0,false,REWRITE_BRAND_COPY,금지 표현이 우나어가 직접 쓴 SEO 카피(seoTitle/seoDescription)에 있다(시니어) — 브랜드 규칙 위반,BOT,JOB,false,325,NULL,시니어,시니어,,false,2026-03-28,cmn9uzmyj0000gg38sdhu2m1t
B,REWRITE,false,0,0,0,false,REWRITE_BRAND_COPY,금지 표현이 우나어가 직접 쓴 SEO 카피(seoTitle/seoDescription)에 있다(시니어) — 브랜드 규칙 위반,BOT,JOB,false,325,NULL,시니어,시니어,,false,2026-07-02,cmr3iqtex0000la3gppcbdsch
B,REWRITE,false,0,0,0,false,REWRITE_BRAND_COPY,금지 표현이 우나어가 직접 쓴 SEO 카피(seoTitle/seoDescription)에 있다(어르신) — 브랜드 규칙 위반,BOT,JOB,false,324,NULL,어르신,어르신,어르신,false,2026-06-22,cmqp09t790000k10j6bpl4t6l
B,REWRITE,false,0,0,1,false,REWRITE_BRAND_COPY,금지 표현이 우나어가 직접 쓴 SEO 카피(seoTitle/seoDescription)에 있다(노인) — 브랜드 규칙 위반,BOT,JOB,false,324,NULL,노인,노인,,false,2026-05-15,cmp6xjmyd0000jl3fciugooa8
B,REWRITE,false,0,0,1,false,REWRITE_BRAND_COPY,금지 표현이 우나어가 직접 쓴 SEO 카피(seoTitle/seoDescription)에 있다(실버) — 브랜드 규칙 위반,BOT,JOB,false,323,NULL,실버,실버,,false,2026-06-04,cmpz7hfb30000k3283swps6ei
B,REWRITE,false,0,0,0,false,REWRITE_BRAND_COPY,금지 표현이 우나어가 직접 쓴 SEO 카피(seoTitle/seoDescription)에 있다(노인·시니어) — 브랜드 규칙 위반,BOT,JOB,false,323,NULL,노인|시니어,노인|시니어,노인,false,2026-07-18,cmrq4xvva0004gz1mh3jed3xe
B,REWRITE,false,0,0,4,false,REWRITE_BRAND_COPY,금지 표현이 우나어가 직접 쓴 SEO 카피(seoTitle/seoDescription)에 있다(노인) — 브랜드 규칙 위반,BOT,JOB,false,321,NULL,노인,노인,,false,2026-05-07,cmovgpby00000hx3f5lm13pqw
B,REWRITE,false,0,0,0,false,REWRITE_BRAND_COPY,금지 표현이 우나어가 직접 쓴 SEO 카피(seoTitle/seoDescription)에 있다(어르신) — 브랜드 규칙 위반,BOT,JOB,false,320,NULL,어르신,어르신,어르신,false,2026-06-09,cmq6ie4r40000l628jdw6f15n
B,REWRITE,false,0,0,0,false,REWRITE_BRAND_COPY,금지 표현이 우나어가 직접 쓴 SEO 카피(seoTitle/seoDescription)에 있다(시니어) — 브랜드 규칙 위반,BOT,JOB,false,317,NULL,시니어,시니어,,false,2026-03-28,cmna8zmi00000ib38gsz1y5ip
B,REWRITE,false,0,0,0,false,REWRITE_BRAND_COPY,금지 표현이 우나어가 직접 쓴 SEO 카피(seoTitle/seoDescription)에 있다(시니어) — 브랜드 규칙 위반,BOT,JOB,false,307,NULL,시니어,시니어,,false,2026-03-26,cmn76ez7s0000l521wiycg8w2
B,REWRITE,false,0,0,0,false,REWRITE_BRAND_COPY,금지 표현이 우나어가 직접 쓴 SEO 카피(seoTitle/seoDescription)에 있다(시니어) — 브랜드 규칙 위반,BOT,JOB,false,305,NULL,시니어,시니어,,false,2026-03-25,cmn5qnxn70000eb21cf6uyufw
B,REWRITE,false,0,0,0,false,REWRITE_BRAND_COPY,금지 표현이 우나어가 직접 쓴 SEO 카피(seoTitle/seoDescription)에 있다(시니어) — 브랜드 규칙 위반,BOT,JOB,false,298,NULL,시니어,시니어,,false,2026-03-25,cmn5kq5q80000f3214amxabh0
B,REWRITE,false,0,0,0,false,REWRITE_BRAND_COPY,금지 표현이 우나어가 직접 쓴 SEO 카피(seoTitle/seoDescription)에 있다(시니어) — 브랜드 규칙 위반,BOT,JOB,false,291,NULL,시니어,시니어,,false,2026-03-25,cmn5z5cmx0000ea38nw9lyujh
B,REWRITE,true,0,1,2,true,REWRITE_AUTO_COMPOSED,금지 표현이 자동 조합 description 에 있다,SHEET,STORY,true,45,,노인,,,false,2026-06-05,cmq11o3a80001z4282dbgy2ag
B,MANUAL_REVIEW,false,0,0,1,true,KEEP_NOINDEX,이미 Google noindex 상태다(shouldGoogleNoindexCommunityPost=true) — **신규 실행 작업이 아니다**,SHEET,HUMOR,true,5644,,,,,false,2026-05-13,cmp3luu2r000tlb3fccswhz24
B,MANUAL_REVIEW,false,0,0,0,true,KEEP_NOINDEX,이미 Google noindex 상태다(shouldGoogleNoindexCommunityPost=true) — **신규 실행 작업이 아니다**,SHEET,HUMOR,true,2258,,,,,false,2026-05-17,cmpaevker0005ic4etjddzomw
B,MANUAL_REVIEW,false,0,0,4,true,KEEP_NOINDEX,이미 Google noindex 상태다(shouldGoogleNoindexCommunityPost=true) — **신규 실행 작업이 아니다**,SHEET,HUMOR,true,673,,,,,false,2026-06-06,cmq1t1rvo00050z283u93iq7v
B,MANUAL_REVIEW,false,0,0,0,true,KEEP_NOINDEX,이미 Google noindex 상태다(shouldGoogleNoindexCommunityPost=true) — **신규 실행 작업이 아니다**,SHEET,HUMOR,true,366,,,,,false,2026-05-13,cmp3lv7mf000xlb3ft5bv1zdz
B,NOINDEX_OR_HIDE,false,0,0,4,true,KEEP_NOINDEX,이미 Google noindex 상태다(shouldGoogleNoindexCommunityPost=true) — **신규 실행 작업이 아니다**,SHEET,HUMOR,true,245,,,,,false,2026-06-07,cmq3ekxqm0009c42ydau3dnc3
B,NOINDEX_OR_HIDE,false,0,0,4,true,KEEP_NOINDEX,이미 Google noindex 상태다(shouldGoogleNoindexCommunityPost=true) — **신규 실행 작업이 아니다**,SHEET,STORY,true,224,,,,,false,2026-06-14,cmqefqlhn00013d0ig4s9gydr
B,NOINDEX_OR_HIDE,false,0,0,2,true,KEEP_NOINDEX,이미 Google noindex 상태다(shouldGoogleNoindexCommunityPost=true) — **신규 실행 작업이 아니다**,SHEET,HUMOR,true,220,,,,,false,2026-06-29,cmqyu9yq300092z2yxs55f4p6
B,NOINDEX_OR_HIDE,false,0,0,4,true,KEEP_NOINDEX,이미 Google noindex 상태다(shouldGoogleNoindexCommunityPost=true) — **신규 실행 작업이 아니다**,SHEET,HUMOR,true,206,,,,,false,2026-06-21,cmqn4e8hp000dyj2ydv8rog5l
B,NOINDEX_OR_HIDE,false,0,0,2,true,KEEP_NOINDEX,이미 Google noindex 상태다(shouldGoogleNoindexCommunityPost=true) — **신규 실행 작업이 아니다**,SHEET,STORY,true,205,,,,,false,2026-05-13,cmp3lsjx10001lb3f8szr7sz2
B,NOINDEX_OR_HIDE,false,0,0,7,true,KEEP_NOINDEX,이미 Google noindex 상태다(shouldGoogleNoindexCommunityPost=true) — **신규 실행 작업이 아니다**,SHEET,HUMOR,true,172,,,,,false,2026-07-06,cmr8k0v57000qk62yww8t77xh
B,NOINDEX_OR_HIDE,false,0,0,4,true,KEEP_NOINDEX,이미 Google noindex 상태다(shouldGoogleNoindexCommunityPost=true) — **신규 실행 작업이 아니다**,SHEET,HUMOR,true,158,,,,,false,2026-06-23,cmqq49mpk00062l2ye1b7upmb
B,NOINDEX_OR_HIDE,false,0,0,4,true,KEEP_NOINDEX,이미 Google noindex 상태다(shouldGoogleNoindexCommunityPost=true) — **신규 실행 작업이 아니다**,SHEET,HUMOR,true,153,,,,,false,2026-06-22,cmqoou46g000ex22yfnef68wd
B,NOINDEX_OR_HIDE,false,0,0,7,true,KEEP_NOINDEX,이미 Google noindex 상태다(shouldGoogleNoindexCommunityPost=true) — **신규 실행 작업이 아니다**,SHEET,HUMOR,true,149,,,,,false,2026-07-18,cmrqdwpgc0001ps2y8064ha80
B,NOINDEX_OR_HIDE,false,0,0,4,true,KEEP_NOINDEX,이미 Google noindex 상태다(shouldGoogleNoindexCommunityPost=true) — **신규 실행 작업이 아니다**,SHEET,HUMOR,true,147,,,,,false,2026-06-25,cmqsu5dhh000apw2y7q76a78d
B,NOINDEX_OR_HIDE,false,0,0,4,true,KEEP_NOINDEX,이미 Google noindex 상태다(shouldGoogleNoindexCommunityPost=true) — **신규 실행 작업이 아니다**,SHEET,STORY,true,142,,,,,false,2026-05-21,cmpfgpe620001ii0bxt34qui3
B,NOINDEX_OR_HIDE,false,0,0,7,true,KEEP_NOINDEX,이미 Google noindex 상태다(shouldGoogleNoindexCommunityPost=true) — **신규 실행 작업이 아니다**,SHEET,HUMOR,true,137,,,,,false,2026-07-30,cms74wxrb0007ru2yxm6vhcw9
B,NOINDEX_OR_HIDE,false,0,0,4,true,KEEP_NOINDEX,이미 Google noindex 상태다(shouldGoogleNoindexCommunityPost=true) — **신규 실행 작업이 아니다**,SHEET,HUMOR,true,133,,,,,false,2026-06-22,cmqou891q000mqm2ynjyxus7l
B,NOINDEX_OR_HIDE,false,0,0,4,true,KEEP_NOINDEX,이미 Google noindex 상태다(shouldGoogleNoindexCommunityPost=true) — **신규 실행 작업이 아니다**,SHEET,HUMOR,true,133,,,,,false,2026-07-07,cmra4gc1v000iwi2ybehoq7ql
B,NOINDEX_OR_HIDE,false,0,0,4,true,KEEP_NOINDEX,이미 Google noindex 상태다(shouldGoogleNoindexCommunityPost=true) — **신규 실행 작업이 아니다**,SHEET,HUMOR,true,131,,,,,false,2026-06-24,cmqs55iak000dk32yo19av8eg
B,NOINDEX_OR_HIDE,false,0,0,4,true,KEEP_NOINDEX,이미 Google noindex 상태다(shouldGoogleNoindexCommunityPost=true) — **신규 실행 작업이 아니다**,SHEET,HUMOR,true,130,,,,,false,2026-06-03,cmpyb0fku0009zg28covtprx7
B,NOINDEX_OR_HIDE,false,0,0,4,true,KEEP_NOINDEX,이미 Google noindex 상태다(shouldGoogleNoindexCommunityPost=true) — **신규 실행 작업이 아니다**,SHEET,HUMOR,true,127,,,,,false,2026-06-25,cmqsu5km0000epw2y4drk3tdh
B,NOINDEX_OR_HIDE,false,0,0,4,true,KEEP_NOINDEX,이미 Google noindex 상태다(shouldGoogleNoindexCommunityPost=true) — **신규 실행 작업이 아니다**,SHEET,HUMOR,true,119,,,,,false,2026-06-24,cmqrp4350000yu22y469yp8ra
B,NOINDEX_OR_HIDE,false,0,0,5,true,KEEP_NOINDEX,이미 Google noindex 상태다(shouldGoogleNoindexCommunityPost=true) — **신규 실행 작업이 아니다**,SHEET,HUMOR,true,110,,,,,false,2026-07-03,cmr4eperr000ux02y7z0b7ce8
B,NOINDEX_OR_HIDE,false,0,0,4,true,KEEP_NOINDEX,이미 Google noindex 상태다(shouldGoogleNoindexCommunityPost=true) — **신규 실행 작업이 아니다**,SHEET,HUMOR,true,110,,,,,false,2026-08-13,cmsr7r32t0001v02ymlug447c
B,NOINDEX_OR_HIDE,false,0,0,2,true,KEEP_NOINDEX,이미 Google noindex 상태다(shouldGoogleNoindexCommunityPost=true) — **신규 실행 작업이 아니다**,SHEET,HUMOR,true,105,,,,,false,2026-06-29,cmqyua7y7000d2z2yllfhrnl5
B,NOINDEX_OR_HIDE,false,0,0,4,true,KEEP_NOINDEX,이미 Google noindex 상태다(shouldGoogleNoindexCommunityPost=true) — **신규 실행 작업이 아니다**,SHEET,HUMOR,true,104,,,,,false,2026-06-06,cmq2f7j3q00057u2yyhhm0x9m
B,NOINDEX_OR_HIDE,false,0,0,7,true,KEEP_NOINDEX,이미 Google noindex 상태다(shouldGoogleNoindexCommunityPost=true) — **신규 실행 작업이 아니다**,SHEET,HUMOR,true,103,,,,,false,2026-07-15,cmrlez9lj000u872yvb3xkahz
B,NOINDEX_OR_HIDE,false,0,0,4,true,KEEP_NOINDEX,이미 Google noindex 상태다(shouldGoogleNoindexCommunityPost=true) — **신규 실행 작업이 아니다**,SHEET,HUMOR,true,103,,,,,false,2026-06-05,cmq0zrxmv000aqy2ysj9jtcqq
B,NOINDEX_OR_HIDE,false,0,0,5,true,KEEP_NOINDEX,이미 Google noindex 상태다(shouldGoogleNoindexCommunityPost=true) — **신규 실행 작업이 아니다**,SHEET,HUMOR,true,102,,,,,false,2026-07-08,cmrbjwat7000nld2ye21y7imv
B,NOINDEX_OR_HIDE,false,0,0,4,true,KEEP_NOINDEX,이미 Google noindex 상태다(shouldGoogleNoindexCommunityPost=true) — **신규 실행 작업이 아니다**,SHEET,HUMOR,true,102,,,,,false,2026-06-05,cmq0edzwp0016622yubjh2llk
B,NOINDEX_OR_HIDE,false,0,0,4,true,KEEP_NOINDEX,이미 Google noindex 상태다(shouldGoogleNoindexCommunityPost=true) — **신규 실행 작업이 아니다**,SHEET,HUMOR,true,102,,,,,false,2026-06-05,cmq0edsed0012622ymnmgbxft
B,NOINDEX_OR_HIDE,false,0,0,4,true,KEEP_NOINDEX,이미 Google noindex 상태다(shouldGoogleNoindexCommunityPost=true) — **신규 실행 작업이 아니다**,SHEET,HUMOR,true,102,,,,,false,2026-08-08,cmsjpijsr0001rk2ywfvhsmty
B,NOINDEX_OR_HIDE,false,0,0,4,true,KEEP_NOINDEX,이미 Google noindex 상태다(shouldGoogleNoindexCommunityPost=true) — **신규 실행 작업이 아니다**,SHEET,HUMOR,true,99,,,,,false,2026-06-07,cmq3ekjiw0001c42yufnwt1dp
B,NOINDEX_OR_HIDE,false,0,0,7,true,KEEP_NOINDEX,이미 Google noindex 상태다(shouldGoogleNoindexCommunityPost=true) — **신규 실행 작업이 아니다**,SHEET,HUMOR,true,98,,,,,false,2026-08-03,cmsckbczv0007ho2y04wnl1tm
B,NOINDEX_OR_HIDE,false,0,0,7,true,KEEP_NOINDEX,이미 Google noindex 상태다(shouldGoogleNoindexCommunityPost=true) — **신규 실행 작업이 아니다**,SHEET,HUMOR,true,98,,,,,false,2026-08-01,cms9pfvzx000e2m2yy0zucelb
B,NOINDEX_OR_HIDE,false,0,0,6,true,KEEP_NOINDEX,이미 Google noindex 상태다(shouldGoogleNoindexCommunityPost=true) — **신규 실행 작업이 아니다**,SHEET,HUMOR,true,98,,,,,false,2026-07-14,cmrjzkk84000zxb2yi3zmlhp8
B,NOINDEX_OR_HIDE,false,0,0,4,true,KEEP_NOINDEX,이미 Google noindex 상태다(shouldGoogleNoindexCommunityPost=true) — **신규 실행 작업이 아니다**,SHEET,HUMOR,true,98,,,,,false,2026-06-24,cmqrp3qel000uu22ygp3bj42a
B,NOINDEX_OR_HIDE,false,0,0,7,true,KEEP_NOINDEX,이미 Google noindex 상태다(shouldGoogleNoindexCommunityPost=true) — **신규 실행 작업이 아니다**,SHEET,HUMOR,true,97,,,,,false,2026-08-04,cmse4r7tz0001x22y13wlhaez
B,NOINDEX_OR_HIDE,false,0,0,4,true,KEEP_NOINDEX,이미 Google noindex 상태다(shouldGoogleNoindexCommunityPost=true) — **신규 실행 작업이 아니다**,SHEET,HUMOR,true,97,,,,,false,2026-07-03,cmr505z5r0014mn2yp3io8gde
B,NOINDEX_OR_HIDE,false,0,0,4,true,KEEP_NOINDEX,이미 Google noindex 상태다(shouldGoogleNoindexCommunityPost=true) — **신규 실행 작업이 아니다**,SHEET,HUMOR,true,97,,,,,false,2026-06-23,cmqpzajfg000hyx2yd4m14vi9
B,NOINDEX_OR_HIDE,false,0,0,5,true,KEEP_NOINDEX,이미 Google noindex 상태다(shouldGoogleNoindexCommunityPost=true) — **신규 실행 작업이 아니다**,SHEET,HUMOR,true,96,,,,,false,2026-07-01,cmr259tvu0014zv2ykskyc1iy
B,NOINDEX_OR_HIDE,false,0,0,4,true,KEEP_NOINDEX,이미 Google noindex 상태다(shouldGoogleNoindexCommunityPost=true) — **신규 실행 작업이 아니다**,SHEET,HUMOR,true,96,,,,,false,2026-06-16,cmqgpn82h000mov2y54ksaygg
B,NOINDEX_OR_HIDE,false,0,0,4,true,KEEP_NOINDEX,이미 Google noindex 상태다(shouldGoogleNoindexCommunityPost=true) — **신규 실행 작업이 아니다**,SHEET,HUMOR,true,95,,,,,false,2026-06-09,cmq5z5sy2000pnl2ygcfrdbs7
B,NOINDEX_OR_HIDE,false,0,0,4,true,KEEP_NOINDEX,이미 Google noindex 상태다(shouldGoogleNoindexCommunityPost=true) — **신규 실행 작업이 아니다**,SHEET,STORY,true,95,,,,,false,2026-05-31,cmpufb2x3000d0t28u02b1me4
B,NOINDEX_OR_HIDE,false,0,0,4,true,KEEP_NOINDEX,이미 Google noindex 상태다(shouldGoogleNoindexCommunityPost=true) — **신규 실행 작업이 아니다**,SHEET,HUMOR,true,93,,,,,false,2026-07-07,cmra9tqg9000nye2y6gja2z2i
B,NOINDEX_OR_HIDE,false,0,0,4,true,KEEP_NOINDEX,이미 Google noindex 상태다(shouldGoogleNoindexCommunityPost=true) — **신규 실행 작업이 아니다**,SHEET,HUMOR,true,93,,,,,false,2026-07-06,cmr8ozuig0009f72ym760rtkv
B,NOINDEX_OR_HIDE,false,0,0,4,true,KEEP_NOINDEX,이미 Google noindex 상태다(shouldGoogleNoindexCommunityPost=true) — **신규 실행 작업이 아니다**,SHEET,HUMOR,true,89,,,,,false,2026-07-05,cmr7ex75o000ffk2yu2pwlm71
B,NOINDEX_OR_HIDE,false,0,0,7,true,KEEP_NOINDEX,이미 Google noindex 상태다(shouldGoogleNoindexCommunityPost=true) — **신규 실행 작업이 아니다**,SHEET,HUMOR,true,83,,,,,false,2026-07-13,cmrip32ks000e0j2ynokvid4b
B,NOINDEX_OR_HIDE,false,0,0,4,true,KEEP_NOINDEX,이미 Google noindex 상태다(shouldGoogleNoindexCommunityPost=true) — **신규 실행 작업이 아니다**,SHEET,HUMOR,true,83,,,,,false,2026-06-05,cmq0edhv9000y622yqivmytyf
B,NOINDEX_OR_HIDE,false,0,0,7,true,KEEP_NOINDEX,이미 Google noindex 상태다(shouldGoogleNoindexCommunityPost=true) — **신규 실행 작업이 아니다**,SHEET,HUMOR,true,80,,,,,false,2026-07-07,cmraixmg4000ww42ygl5w70ps
B,NOINDEX_OR_HIDE,false,0,0,7,true,KEEP_NOINDEX,이미 Google noindex 상태다(shouldGoogleNoindexCommunityPost=true) — **신규 실행 작업이 아니다**,SHEET,HUMOR,true,76,,,,,false,2026-07-08,cmrbp9chp000rnp2yhxgzoctv
B,NOINDEX_OR_HIDE,false,0,0,4,true,KEEP_NOINDEX,이미 Google noindex 상태다(shouldGoogleNoindexCommunityPost=true) — **신규 실행 작업이 아니다**,SHEET,HUMOR,true,76,,,,,false,2026-08-08,cmsk2k94a0009jr2ybn71ydnh
B,NOINDEX_OR_HIDE,false,0,0,6,true,KEEP_NOINDEX,이미 Google noindex 상태다(shouldGoogleNoindexCommunityPost=true) — **신규 실행 작업이 아니다**,SHEET,HUMOR,true,75,,,,,false,2026-08-03,cmscuog9r0007zz2yyq1pumm9
B,NOINDEX_OR_HIDE,false,0,0,1,true,KEEP_NOINDEX,이미 Google noindex 상태다(shouldGoogleNoindexCommunityPost=true) — **신규 실행 작업이 아니다**,SHEET,HUMOR,true,74,,,,,false,2026-08-09,cmsltljtq0001be2yywmotaah
B,NOINDEX_OR_HIDE,false,0,0,2,true,KEEP_NOINDEX,이미 Google noindex 상태다(shouldGoogleNoindexCommunityPost=true) — **신규 실행 작업이 아니다**,SHEET,HUMOR,true,73,,,,,false,2026-06-29,cmqyu962h00012z2yyo34d2fz
B,NOINDEX_OR_HIDE,false,0,0,4,true,KEEP_NOINDEX,이미 Google noindex 상태다(shouldGoogleNoindexCommunityPost=true) — **신규 실행 작업이 아니다**,SHEET,HUMOR,true,71,,,,,false,2026-06-16,cmqgpmwza000iov2ympaf68ox
B,NOINDEX_OR_HIDE,false,0,0,4,true,KEEP_NOINDEX,이미 Google noindex 상태다(shouldGoogleNoindexCommunityPost=true) — **신규 실행 작업이 아니다**,SHEET,HUMOR,true,71,,,,,false,2026-06-16,cmqgpnlu2000qov2yzad08f8e
B,NOINDEX_OR_HIDE,false,0,0,4,true,KEEP_NOINDEX,이미 Google noindex 상태다(shouldGoogleNoindexCommunityPost=true) — **신규 실행 작업이 아니다**,SHEET,HUMOR,true,69,,,,,false,2026-06-06,cmq1ory9b0006ej2yv8515sl4
B,NOINDEX_OR_HIDE,false,0,0,1,true,KEEP_NOINDEX,이미 Google noindex 상태다(shouldGoogleNoindexCommunityPost=true) — **신규 실행 작업이 아니다**,SHEET,STORY,true,69,,,,,false,2026-05-11,cmp16u2b90001ks2yndcaiz3a
B,NOINDEX_OR_HIDE,false,0,0,4,true,KEEP_NOINDEX,이미 Google noindex 상태다(shouldGoogleNoindexCommunityPost=true) — **신규 실행 작업이 아니다**,SHEET,HUMOR,true,65,,,,,false,2026-06-11,cmq9kh64n000mk72ymxf739ox
B,NOINDEX_OR_HIDE,false,0,0,6,true,KEEP_NOINDEX,이미 Google noindex 상태다(shouldGoogleNoindexCommunityPost=true) — **신규 실행 작업이 아니다**,SHEET,HUMOR,true,64,,,,,false,2026-07-16,cmrndv96q000b7h2yndeg8zg2
B,NOINDEX_OR_HIDE,false,0,0,6,true,KEEP_NOINDEX,이미 Google noindex 상태다(shouldGoogleNoindexCommunityPost=true) — **신규 실행 작업이 아니다**,SHEET,HUMOR,true,64,,,,,false,2026-07-06,cmr9aildu001yhm2yb8s63bpq
B,NOINDEX_OR_HIDE,false,0,0,7,true,KEEP_NOINDEX,이미 Google noindex 상태다(shouldGoogleNoindexCommunityPost=true) — **신규 실행 작업이 아니다**,SHEET,HUMOR,true,60,,,,,false,2026-08-01,cms9pfow600082m2y3clnvix3
B,NOINDEX_OR_HIDE,false,0,0,6,true,KEEP_NOINDEX,이미 Google noindex 상태다(shouldGoogleNoindexCommunityPost=true) — **신규 실행 작업이 아니다**,SHEET,HUMOR,true,58,,,,,false,2026-07-07,cmra4i0qz001ewi2y0y8xltma
B,NOINDEX_OR_HIDE,false,0,0,5,true,KEEP_NOINDEX,이미 Google noindex 상태다(shouldGoogleNoindexCommunityPost=true) — **신규 실행 작업이 아니다**,SHEET,STORY,true,55,,,,,false,2026-05-26,cmpmg5t7i000dm90b5sk5y03j
B,NOINDEX_OR_HIDE,false,0,0,4,true,KEEP_NOINDEX,이미 Google noindex 상태다(shouldGoogleNoindexCommunityPost=true) — **신규 실행 작업이 아니다**,SHEET,HUMOR,true,55,,,,,false,2026-06-20,cmqmfek7o000hn52yc8f8c9i1
B,NOINDEX_OR_HIDE,false,0,0,4,true,KEEP_NOINDEX,이미 Google noindex 상태다(shouldGoogleNoindexCommunityPost=true) — **신규 실행 작업이 아니다**,SHEET,HUMOR,true,55,,,,,false,2026-06-22,cmqou7zxa000iqm2ydiweiu1p
B,NOINDEX_OR_HIDE,false,0,0,2,true,KEEP_NOINDEX,이미 Google noindex 상태다(shouldGoogleNoindexCommunityPost=true) — **신규 실행 작업이 아니다**,SHEET,HUMOR,true,49,,,,,false,2026-07-31,cms8ezuej00071q2yz070jln8
B,NOINDEX_OR_HIDE,false,0,0,2,true,KEEP_NOINDEX,이미 Google noindex 상태다(shouldGoogleNoindexCommunityPost=true) — **신규 실행 작업이 아니다**,SHEET,HUMOR,true,46,,,,,false,2026-07-11,cmrg8o676000ldl2yifap0ngc
B,NOINDEX_OR_HIDE,false,0,0,15,true,KEEP_NOINDEX,이미 Google noindex 상태다(shouldGoogleNoindexCommunityPost=true) — **신규 실행 작업이 아니다**,SHEET,STORY,true,46,,,,,false,2026-05-17,cmpaewkid000dic4e4ezrqwba
B,NOINDEX_OR_HIDE,false,0,0,2,true,KEEP_NOINDEX,이미 Google noindex 상태다(shouldGoogleNoindexCommunityPost=true) — **신규 실행 작업이 아니다**,SHEET,STORY,true,45,,,,,false,2026-07-05,cmr78nzse00064b3gr4e8w4vu
B,NOINDEX_OR_HIDE,false,0,0,2,true,KEEP_NOINDEX,이미 Google noindex 상태다(shouldGoogleNoindexCommunityPost=true) — **신규 실행 작업이 아니다**,SHEET,STORY,true,44,,,,,false,2026-07-08,cmrc5n60s0005023g62ieyfx0
B,NOINDEX_OR_HIDE,false,0,0,2,true,KEEP_NOINDEX,이미 Google noindex 상태다(shouldGoogleNoindexCommunityPost=true) — **신규 실행 작업이 아니다**,SHEET,STORY,true,44,,,,,false,2026-07-22,cmrwpw6pg00092f1mcn7hu3sv
B,NOINDEX_OR_HIDE,false,0,0,2,true,KEEP_NOINDEX,이미 Google noindex 상태다(shouldGoogleNoindexCommunityPost=true) — **신규 실행 작업이 아니다**,SHEET,STORY,true,43,,,,,false,2026-07-17,cmroc7ssi000y3n1m9bq2jnx0
B,NOINDEX_OR_HIDE,false,0,0,2,true,KEEP_NOINDEX,이미 Google noindex 상태다(shouldGoogleNoindexCommunityPost=true) — **신규 실행 작업이 아니다**,SHEET,HUMOR,true,43,,,,,false,2026-08-03,cmscr76p3000h0t4s9z5frbnv
B,NOINDEX_OR_HIDE,false,0,0,2,true,KEEP_NOINDEX,이미 Google noindex 상태다(shouldGoogleNoindexCommunityPost=true) — **신규 실행 작업이 아니다**,SHEET,STORY,true,43,,,,,false,2026-08-12,cmspg40kq000f0j6hp8q8mzgc
B,NOINDEX_OR_HIDE,false,0,0,2,true,KEEP_NOINDEX,이미 Google noindex 상태다(shouldGoogleNoindexCommunityPost=true) — **신규 실행 작업이 아니다**,SHEET,STORY,true,42,,,,,false,2026-08-18,cmsy4kk3b0005ya6hzgniyvm0
B,NOINDEX_OR_HIDE,false,0,0,2,true,KEEP_NOINDEX,이미 Google noindex 상태다(shouldGoogleNoindexCommunityPost=true) — **신규 실행 작업이 아니다**,SHEET,STORY,true,42,,,,,false,2026-07-18,cmrqe6q75000f3v1ml20qhd4z
B,NOINDEX_OR_HIDE,false,0,0,2,true,KEEP_NOINDEX,이미 Google noindex 상태다(shouldGoogleNoindexCommunityPost=true) — **신규 실행 작업이 아니다**,SHEET,STORY,true,42,,,,,false,2026-07-16,cmrmwn3i600013j2cggj7exu2
B,NOINDEX_OR_HIDE,false,0,0,2,true,KEEP_NOINDEX,이미 Google noindex 상태다(shouldGoogleNoindexCommunityPost=true) — **신규 실행 작업이 아니다**,SHEET,STORY,true,41,,,,,false,2026-07-26,cms1ehfpl0005294swcq0ry2t
B,NOINDEX_OR_HIDE,false,0,0,2,true,KEEP_NOINDEX,이미 Google noindex 상태다(shouldGoogleNoindexCommunityPost=true) — **신규 실행 작업이 아니다**,SHEET,STORY,true,41,,,,,false,2026-07-24,cmryj14wc0005181m1d7b9lvh
B,NOINDEX_OR_HIDE,false,0,0,2,true,KEEP_NOINDEX,이미 Google noindex 상태다(shouldGoogleNoindexCommunityPost=true) — **신규 실행 작업이 아니다**,SHEET,STORY,true,40,,,,,false,2026-07-07,cmraga1ll0010423g1286w04m
B,NOINDEX_OR_HIDE,false,0,0,2,true,KEEP_NOINDEX,이미 Google noindex 상태다(shouldGoogleNoindexCommunityPost=true) — **신규 실행 작업이 아니다**,SHEET,STORY,true,40,,,,,false,2026-07-16,cmrmwnci600063j2ciawgczpr
B,NOINDEX_OR_HIDE,false,0,0,2,true,KEEP_NOINDEX,이미 Google noindex 상태다(shouldGoogleNoindexCommunityPost=true) — **신규 실행 작업이 아니다**,SHEET,STORY,true,40,,,,,false,2026-07-06,cmr8oczcx000a3i3gt69bjiht
B,NOINDEX_OR_HIDE,false,0,0,2,true,KEEP_NOINDEX,이미 Google noindex 상태다(shouldGoogleNoindexCommunityPost=true) — **신규 실행 작업이 아니다**,SHEET,STORY,true,40,,,,,false,2026-07-15,cmrmps7qp00013m1m5dpi3ivm
B,NOINDEX_OR_HIDE,false,0,0,6,true,KEEP_NOINDEX,이미 Google noindex 상태다(shouldGoogleNoindexCommunityPost=true) — **신규 실행 작업이 아니다**,SHEET,HUMOR,true,39,,,,,false,2026-05-26,cmpm3dauy0009ia0bext2vmc2
B,NOINDEX_OR_HIDE,false,0,0,2,true,KEEP_NOINDEX,이미 Google noindex 상태다(shouldGoogleNoindexCommunityPost=true) — **신규 실행 작업이 아니다**,SHEET,STORY,true,38,,,,,false,2026-07-29,cms65z1zh0009454sfsga2niy
B,NOINDEX_OR_HIDE,false,0,0,2,true,KEEP_NOINDEX,이미 Google noindex 상태다(shouldGoogleNoindexCommunityPost=true) — **신규 실행 작업이 아니다**,SHEET,STORY,true,37,,,,,false,2026-08-11,cmso378yn000d2d4skim0wuzh
B,NOINDEX_OR_HIDE,false,0,0,2,true,KEEP_NOINDEX,이미 Google noindex 상태다(shouldGoogleNoindexCommunityPost=true) — **신규 실행 작업이 아니다**,SHEET,STORY,true,37,,,,,false,2026-08-06,cmsgwt4c600010c4s18a6kgt5
B,NOINDEX_OR_HIDE,false,0,0,2,true,KEEP_NOINDEX,이미 Google noindex 상태다(shouldGoogleNoindexCommunityPost=true) — **신규 실행 작업이 아니다**,SHEET,STORY,true,37,,,,,false,2026-07-17,cmroc6jql00053n1mxap06zmj
B,NOINDEX_OR_HIDE,false,0,0,2,true,KEEP_NOINDEX,이미 Google noindex 상태다(shouldGoogleNoindexCommunityPost=true) — **신규 실행 작업이 아니다**,SHEET,STORY,true,37,,,,,false,2026-07-30,cms6wdk9h00090q11lp9ecbuf
B,NOINDEX_OR_HIDE,false,0,0,4,true,KEEP_NOINDEX,이미 Google noindex 상태다(shouldGoogleNoindexCommunityPost=true) — **신규 실행 작업이 아니다**,SHEET,STORY,true,37,,,,,false,2026-06-01,cmpvhwq1c00050z28w4boag39
B,NOINDEX_OR_HIDE,false,0,0,2,true,KEEP_NOINDEX,이미 Google noindex 상태다(shouldGoogleNoindexCommunityPost=true) — **신규 실행 작업이 아니다**,SHEET,STORY,true,36,,,,,false,2026-08-07,cmsicekwd000n5k4seablyskm
B,NOINDEX_OR_HIDE,false,0,0,2,true,KEEP_NOINDEX,이미 Google noindex 상태다(shouldGoogleNoindexCommunityPost=true) — **신규 실행 작업이 아니다**,SHEET,STORY,true,36,,,,,false,2026-07-25,cmrzy8qq6000f2m4s2y09gj9x
B,NOINDEX_OR_HIDE,false,0,0,1,true,KEEP_NOINDEX,이미 Google noindex 상태다(shouldGoogleNoindexCommunityPost=true) — **신규 실행 작업이 아니다**,SHEET,STORY,true,36,,,,,false,2026-07-04,cmr63p9it00013k3go6ba8fv6
B,NOINDEX_OR_HIDE,false,0,0,2,true,KEEP_NOINDEX,이미 Google noindex 상태다(shouldGoogleNoindexCommunityPost=true) — **신규 실행 작업이 아니다**,SHEET,STORY,true,36,,,,,false,2026-07-19,cmrr79ifh00050b1m2tjbe84p
B,NOINDEX_OR_HIDE,false,0,0,2,true,KEEP_NOINDEX,이미 Google noindex 상태다(shouldGoogleNoindexCommunityPost=true) — **신규 실행 작업이 아니다**,SHEET,STORY,true,35,,,,,false,2026-07-11,cmrge8atd000c1o2cikc23x53
B,NOINDEX_OR_HIDE,false,0,0,2,true,KEEP_NOINDEX,이미 Google noindex 상태다(shouldGoogleNoindexCommunityPost=true) — **신규 실행 작업이 아니다**,SHEET,STORY,true,34,,,,,false,2026-07-17,cmroc70t5000i3n1matzqp6tm
B,NOINDEX_OR_HIDE,false,0,0,2,true,KEEP_NOINDEX,이미 Google noindex 상태다(shouldGoogleNoindexCommunityPost=true) — **신규 실행 작업이 아니다**,SHEET,STORY,true,32,,,,,false,2026-07-30,cms70gubn000h0o4sdjk3dty9
B,NOINDEX_OR_HIDE,false,0,0,2,true,KEEP_NOINDEX,이미 Google noindex 상태다(shouldGoogleNoindexCommunityPost=true) — **신규 실행 작업이 아니다**,SHEET,HUMOR,true,31,,,,,false,2026-08-07,cmsicebdv000i5k4sxayqwviv
B,NOINDEX_OR_HIDE,false,0,0,2,true,KEEP_NOINDEX,이미 Google noindex 상태다(shouldGoogleNoindexCommunityPost=true) — **신규 실행 작업이 아니다**,SHEET,STORY,true,30,,,,,false,2026-08-04,cmse5zld700012g4sh3qdx2ki
B,NOINDEX_OR_HIDE,false,0,0,2,true,KEEP_NOINDEX,이미 Google noindex 상태다(shouldGoogleNoindexCommunityPost=true) — **신규 실행 작업이 아니다**,SHEET,STORY,true,30,,,,,false,2026-07-06,cmr91yq830005483go7x91pgq
B,NOINDEX_OR_HIDE,false,0,0,4,true,KEEP_NOINDEX,이미 Google noindex 상태다(shouldGoogleNoindexCommunityPost=true) — **신규 실행 작업이 아니다**,SHEET,STORY,true,30,,,,,false,2026-05-21,cmpfgppc90005ii0b9uk5gl2j
B,NOINDEX_OR_HIDE,false,0,0,2,true,KEEP_NOINDEX,이미 Google noindex 상태다(shouldGoogleNoindexCommunityPost=true) — **신규 실행 작업이 아니다**,SHEET,LIFE2,true,30,,,,,false,2026-08-10,cmsmky4sp000i274s9lhc769j
B,NOINDEX_OR_HIDE,false,0,0,2,true,KEEP_NOINDEX,이미 Google noindex 상태다(shouldGoogleNoindexCommunityPost=true) — **신규 실행 작업이 아니다**,SHEET,LIFE2,true,30,,,,,false,2026-07-01,cmr1vttbg001ny25nhkqgk8ip
B,NOINDEX_OR_HIDE,false,0,0,2,true,KEEP_NOINDEX,이미 Google noindex 상태다(shouldGoogleNoindexCommunityPost=true) — **신규 실행 작업이 아니다**,SHEET,STORY,true,29,,,,,false,2026-07-04,cmr701bmx00053p3gj75l90h2
B,NOINDEX_OR_HIDE,false,0,0,2,true,KEEP_NOINDEX,이미 Google noindex 상태다(shouldGoogleNoindexCommunityPost=true) — **신규 실행 작업이 아니다**,SHEET,STORY,true,28,,,,,false,2026-08-03,cmsdveave00015c4stv42xj5b
B,NOINDEX_OR_HIDE,false,0,0,2,true,KEEP_NOINDEX,이미 Google noindex 상태다(shouldGoogleNoindexCommunityPost=true) — **신규 실행 작업이 아니다**,SHEET,STORY,true,27,,,,,false,2026-07-01,cmr1vsax0000py25ncqggeiai
B,NOINDEX_OR_HIDE,false,0,0,2,true,KEEP_NOINDEX,이미 Google noindex 상태다(shouldGoogleNoindexCommunityPost=true) — **신규 실행 작업이 아니다**,SHEET,STORY,true,27,,,,,false,2026-08-12,cmspm61i80001244sgldhfki8
B,NOINDEX_OR_HIDE,false,0,0,1,true,KEEP_NOINDEX,이미 Google noindex 상태다(shouldGoogleNoindexCommunityPost=true) — **신규 실행 작업이 아니다**,SHEET,STORY,true,27,,,,,false,2026-07-27,cms2y2yqw0009234sm01ah143
B,NOINDEX_OR_HIDE,false,0,0,2,true,KEEP_NOINDEX,이미 Google noindex 상태다(shouldGoogleNoindexCommunityPost=true) — **신규 실행 작업이 아니다**,SHEET,STORY,true,26,,,,,false,2026-08-04,cmse60wd9000s2g4sva0vkmbj
B,NOINDEX_OR_HIDE,false,0,0,4,true,KEEP_NOINDEX,이미 Google noindex 상태다(shouldGoogleNoindexCommunityPost=true) — **신규 실행 작업이 아니다**,SHEET,HUMOR,true,26,,,,,false,2026-06-01,cmpvv5qxv0005zk28ktl3xp9c
B,NOINDEX_OR_HIDE,false,0,0,2,true,KEEP_NOINDEX,이미 Google noindex 상태다(shouldGoogleNoindexCommunityPost=true) — **신규 실행 작업이 아니다**,SHEET,STORY,true,26,,,,,false,2026-07-21,cmru8rdbx00050s1mp6yhzaeg
B,NOINDEX_OR_HIDE,false,0,0,2,true,KEEP_NOINDEX,이미 Google noindex 상태다(shouldGoogleNoindexCommunityPost=true) — **신규 실행 작업이 아니다**,SHEET,STORY,true,26,,,,,false,2026-07-05,cmr7fiw4b0001423gj3eu7jk2
B,NOINDEX_OR_HIDE,false,0,0,2,true,KEEP_NOINDEX,이미 Google noindex 상태다(shouldGoogleNoindexCommunityPost=true) — **신규 실행 작업이 아니다**,SHEET,STORY,true,24,,,,,false,2026-07-10,cmredoc1r00013m2cac9s4m58
B,NOINDEX_OR_HIDE,false,0,0,2,true,KEEP_NOINDEX,이미 Google noindex 상태다(shouldGoogleNoindexCommunityPost=true) — **신규 실행 작업이 아니다**,SHEET,STORY,true,24,,,,,false,2026-07-05,cmr7jqy0z0009433gnsmpu154
B,NOINDEX_OR_HIDE,false,0,0,2,true,KEEP_NOINDEX,이미 Google noindex 상태다(shouldGoogleNoindexCommunityPost=true) — **신규 실행 작업이 아니다**,SHEET,STORY,true,23,,,,,false,2026-08-10,cmsmkxn2e0009274slgx8cocd
B,NOINDEX_OR_HIDE,false,0,0,2,true,KEEP_NOINDEX,이미 Google noindex 상태다(shouldGoogleNoindexCommunityPost=true) — **신규 실행 작업이 아니다**,SHEET,STORY,true,22,,,,,false,2026-07-25,cmrzy8bqr00052m4sc0xivq02
B,NOINDEX_OR_HIDE,false,0,0,2,true,KEEP_NOINDEX,이미 Google noindex 상태다(shouldGoogleNoindexCommunityPost=true) — **신규 실행 작업이 아니다**,SHEET,STORY,true,22,,,,,false,2026-08-11,cmso07gds0006244sqk1jl3fk
B,NOINDEX_OR_HIDE,false,0,0,2,true,KEEP_NOINDEX,이미 Google noindex 상태다(shouldGoogleNoindexCommunityPost=true) — **신규 실행 작업이 아니다**,SHEET,STORY,true,21,,,,,false,2026-07-22,cmrvldqv30001201mdft2rrs3
B,NOINDEX_OR_HIDE,false,0,0,2,true,KEEP_NOINDEX,이미 Google noindex 상태다(shouldGoogleNoindexCommunityPost=true) — **신규 실행 작업이 아니다**,SHEET,STORY,true,20,,,,,false,2026-08-07,cmsia00nt0005414suv1r6490
B,NOINDEX_OR_HIDE,false,0,0,2,true,KEEP_NOINDEX,이미 Google noindex 상태다(shouldGoogleNoindexCommunityPost=true) — **신규 실행 작업이 아니다**,SHEET,STORY,true,20,,,,,false,2026-08-11,cmso5r38t0005584sqfzxh1vd
B,NOINDEX_OR_HIDE,false,0,0,2,true,KEEP_NOINDEX,이미 Google noindex 상태다(shouldGoogleNoindexCommunityPost=true) — **신규 실행 작업이 아니다**,SHEET,STORY,true,20,,,,,false,2026-08-08,cmsjpotwq0009w04so1qf2dze
B,NOINDEX_OR_HIDE,false,0,0,2,true,KEEP_NOINDEX,이미 Google noindex 상태다(shouldGoogleNoindexCommunityPost=true) — **신규 실행 작업이 아니다**,SHEET,HUMOR,true,19,,,,,false,2026-07-04,cmr701i5u000a3p3gc68tpnjj
B,NOINDEX_OR_HIDE,false,0,0,2,true,KEEP_NOINDEX,이미 Google noindex 상태다(shouldGoogleNoindexCommunityPost=true) — **신규 실행 작업이 아니다**,SHEET,STORY,true,18,,,,,false,2026-08-14,cmssyp7yr0005446hgq3cscjv
B,NOINDEX_OR_HIDE,false,0,0,2,true,KEEP_NOINDEX,이미 Google noindex 상태다(shouldGoogleNoindexCommunityPost=true) — **신규 실행 작업이 아니다**,SHEET,STORY,true,18,,,,,false,2026-07-06,cmr8ocdwd00013i3gr5h6as5v
B,NOINDEX_OR_HIDE,false,0,0,2,true,KEEP_NOINDEX,이미 Google noindex 상태다(shouldGoogleNoindexCommunityPost=true) — **신규 실행 작업이 아니다**,SHEET,STORY,true,17,,,,,false,2026-08-06,cmshdd5n7000p3e4s9kvd3j7e
B,NOINDEX_OR_HIDE,false,0,0,2,true,KEEP_NOINDEX,이미 Google noindex 상태다(shouldGoogleNoindexCommunityPost=true) — **신규 실행 작업이 아니다**,SHEET,STORY,true,17,,,,,false,2026-08-13,cmsqvlsna00016l4s17wkn708
B,NOINDEX_OR_HIDE,false,0,0,2,true,KEEP_NOINDEX,이미 Google noindex 상태다(shouldGoogleNoindexCommunityPost=true) — **신규 실행 작업이 아니다**,SHEET,STORY,true,16,,,,,false,2026-08-13,cmsr1rmd600013j4sgdtvcq2f
B,NOINDEX_OR_HIDE,false,0,0,3,true,KEEP_NOINDEX,이미 Google noindex 상태다(shouldGoogleNoindexCommunityPost=true) — **신규 실행 작업이 아니다**,SHEET,HUMOR,true,14,,,,,false,2026-05-19,cmpc3al3u000bid4ezvis1658
B,NOINDEX_OR_HIDE,false,0,0,2,true,KEEP_NOINDEX,이미 Google noindex 상태다(shouldGoogleNoindexCommunityPost=true) — **신규 실행 작업이 아니다**,SHEET,LIFE2,true,12,,,,,false,2026-07-28,cms41ufkb00113t4s8ekknzjv
B,NOINDEX_OR_HIDE,false,0,0,2,true,KEEP_NOINDEX,이미 Google noindex 상태다(shouldGoogleNoindexCommunityPost=true) — **신규 실행 작업이 아니다**,SHEET,STORY,true,10,,,,,false,2026-08-13,cmsr6rqln0005yc6h4oue3pzx
B,NOINDEX_OR_HIDE,false,0,0,2,true,KEEP_NOINDEX,이미 Google noindex 상태다(shouldGoogleNoindexCommunityPost=true) — **신규 실행 작업이 아니다**,SHEET,HUMOR,true,10,,,,,false,2026-07-09,cmrcy5x9c000l1x3gw0anmwki
B,NOINDEX_OR_HIDE,false,0,0,15,true,KEEP_NOINDEX,이미 Google noindex 상태다(shouldGoogleNoindexCommunityPost=true) — **신규 실행 작업이 아니다**,SHEET,HUMOR,true,9,,,,,false,2026-05-17,cmp9vm91o000hio4e0bgv7eb1
B,NOINDEX_OR_HIDE,false,0,0,1,true,KEEP_NOINDEX,이미 Google noindex 상태다(shouldGoogleNoindexCommunityPost=true) — **신규 실행 작업이 아니다**,SHEET,HUMOR,true,9,,,,,false,2026-05-16,cmp7y1ma6000xic4e9jdayx9q
B,NOINDEX_OR_HIDE,false,0,0,7,true,KEEP_NOINDEX,이미 Google noindex 상태다(shouldGoogleNoindexCommunityPost=true) — **신규 실행 작업이 아니다**,SHEET,HUMOR,true,9,,,,,false,2026-05-22,cmpgkfhz30009iq0bwe515lx7
B,NOINDEX_OR_HIDE,false,0,0,4,true,KEEP_NOINDEX,이미 Google noindex 상태다(shouldGoogleNoindexCommunityPost=true) — **신규 실행 작업이 아니다**,SHEET,HUMOR,true,9,,,,,false,2026-06-01,cmpvv60x60009zk28g2cq3yvg
B,NOINDEX_OR_HIDE,false,0,0,2,true,KEEP_NOINDEX,이미 Google noindex 상태다(shouldGoogleNoindexCommunityPost=true) — **신규 실행 작업이 아니다**,SHEET,HUMOR,true,9,,,,,false,2026-06-09,cmq63eus00001xw28dgqtiabe
B,NOINDEX_OR_HIDE,false,0,0,4,true,KEEP_NOINDEX,이미 Google noindex 상태다(shouldGoogleNoindexCommunityPost=true) — **신규 실행 작업이 아니다**,SHEET,HUMOR,true,9,,,,,false,2026-06-03,cmpyb0u7c000dzg28z1dixni5
B,NOINDEX_OR_HIDE,false,0,0,3,true,KEEP_NOINDEX,이미 Google noindex 상태다(shouldGoogleNoindexCommunityPost=true) — **신규 실행 작업이 아니다**,SHEET,HUMOR,true,9,,,,,false,2026-05-12,cmp263ig2000dj53fogaq2x6m
B,NOINDEX_OR_HIDE,false,0,0,4,true,KEEP_NOINDEX,이미 Google noindex 상태다(shouldGoogleNoindexCommunityPost=true) — **신규 실행 작업이 아니다**,SHEET,HUMOR,true,9,,,,,false,2026-05-28,cmpp59n140005ii0blnq3sizc
B,NOINDEX_OR_HIDE,false,0,0,2,true,KEEP_NOINDEX,이미 Google noindex 상태다(shouldGoogleNoindexCommunityPost=true) — **신규 실행 작업이 아니다**,SHEET,HUMOR,true,9,,,,,false,2026-05-16,cmp7y0gjt0009ic4e6grthj6w
B,NOINDEX_OR_HIDE,false,0,0,3,true,KEEP_NOINDEX,이미 Google noindex 상태다(shouldGoogleNoindexCommunityPost=true) — **신규 실행 작업이 아니다**,SHEET,HUMOR,true,9,,,,,false,2026-05-15,cmp7jwfw30009gb4ep31pq9h6
B,NOINDEX_OR_HIDE,false,0,0,4,true,KEEP_NOINDEX,이미 Google noindex 상태다(shouldGoogleNoindexCommunityPost=true) — **신규 실행 작업이 아니다**,SHEET,HUMOR,true,9,,,,,false,2026-06-01,cmpuym0m5000dv5285vay1b2e
B,NOINDEX_OR_HIDE,false,0,0,2,true,KEEP_NOINDEX,이미 Google noindex 상태다(shouldGoogleNoindexCommunityPost=true) — **신규 실행 작업이 아니다**,SHEET,HUMOR,true,9,,,,,false,2026-05-29,cmpqn9gmd000l12287ouyz4j3
B,NOINDEX_OR_HIDE,false,0,0,3,true,KEEP_NOINDEX,이미 Google noindex 상태다(shouldGoogleNoindexCommunityPost=true) — **신규 실행 작업이 아니다**,SHEET,HUMOR,true,9,,,,,false,2026-06-01,cmpuymahj000hv528yrz615io
B,NOINDEX_OR_HIDE,false,0,0,2,true,KEEP_NOINDEX,이미 Google noindex 상태다(shouldGoogleNoindexCommunityPost=true) — **신규 실행 작업이 아니다**,SHEET,HUMOR,true,9,,,,,false,2026-06-09,cmq63f8qc0006xw28lay7qgbc
B,NOINDEX_OR_HIDE,false,0,0,4,true,KEEP_NOINDEX,이미 Google noindex 상태다(shouldGoogleNoindexCommunityPost=true) — **신규 실행 작업이 아니다**,SHEET,HUMOR,true,9,,,,,false,2026-05-31,cmpufc3n1000p0t28fx1b6ako
B,NOINDEX_OR_HIDE,false,0,0,4,true,KEEP_NOINDEX,이미 Google noindex 상태다(shouldGoogleNoindexCommunityPost=true) — **신규 실행 작업이 아니다**,SHEET,HUMOR,true,9,,,,,false,2026-06-01,cmpv4727n000axu28k6xkudel
B,NOINDEX_OR_HIDE,false,0,0,3,true,KEEP_NOINDEX,이미 Google noindex 상태다(shouldGoogleNoindexCommunityPost=true) — **신규 실행 작업이 아니다**,SHEET,HUMOR,true,9,,,,,false,2026-05-17,cmp9vlpt90009io4e5a2cyv29
B,NOINDEX_OR_HIDE,false,0,0,4,true,KEEP_NOINDEX,이미 Google noindex 상태다(shouldGoogleNoindexCommunityPost=true) — **신규 실행 작업이 아니다**,SHEET,HUMOR,true,9,,,,,false,2026-06-04,cmpzn5t1o0006zd28ag0ly38y
B,NOINDEX_OR_HIDE,false,0,0,3,true,KEEP_NOINDEX,이미 Google noindex 상태다(shouldGoogleNoindexCommunityPost=true) — **신규 실행 작업이 아니다**,SHEET,HUMOR,true,9,,,,,false,2026-05-19,cmpc3a5qh0007id4eo2t1go35
B,NOINDEX_OR_HIDE,false,0,0,4,true,KEEP_NOINDEX,이미 Google noindex 상태다(shouldGoogleNoindexCommunityPost=true) — **신규 실행 작업이 아니다**,SHEET,HUMOR,true,9,,,,,false,2026-05-31,cmpufbu7g000l0t28s6sx16n4
B,MANUAL_REVIEW,false,0,0,3,false,MANUAL_REVIEW,중간 분량(997자)·사람 흔적 0 — 단일 축으로 판정 불가,BOT,MAGAZINE,true,997,,,,,false,2026-04-09,cmnqxje5p0003ji0jrvmzdbyn
B,MANUAL_REVIEW,false,0,0,3,false,MANUAL_REVIEW,중간 분량(988자)·사람 흔적 0 — 단일 축으로 판정 불가,BOT,MAGAZINE,false,988,,,,,false,2026-04-07,cmno2puh00001k9zfrli9ge4g
B,MANUAL_REVIEW,false,0,0,2,false,MANUAL_REVIEW,중간 분량(980자)·사람 흔적 0 — 단일 축으로 판정 불가,BOT,MAGAZINE,true,980,,,,,false,2026-04-18,cmo41tcsp0004by3f0s2wdgjy
B,MANUAL_REVIEW,false,0,0,0,false,MANUAL_REVIEW,중간 분량(976자)·사람 흔적 0 — 단일 축으로 판정 불가,BOT,MAGAZINE,false,976,,,,,false,2026-03-27,cmn8k992u0003yp38txqdhtfr
B,MANUAL_REVIEW,false,0,0,2,false,MANUAL_REVIEW,중간 분량(966자)·사람 흔적 0 — 단일 축으로 판정 불가,BOT,MAGAZINE,true,966,,,,,false,2026-04-09,cmnred9w80003hjzf92qw36dk
B,MANUAL_REVIEW,false,0,0,2,false,MANUAL_REVIEW,중간 분량(940자)·사람 흔적 0 — 단일 축으로 판정 불가,BOT,MAGAZINE,true,940,,,,,false,2026-04-11,cmnu12dw10001ie0jwfr6vedu
B,MANUAL_REVIEW,false,0,0,0,false,MANUAL_REVIEW,중간 분량(931자)·사람 흔적 0 — 단일 축으로 판정 불가,ADMIN,STORY,true,931,,,,,false,2026-09-10,cmtv0ad7s000004l5glmurdw3
B,MANUAL_REVIEW,false,0,0,2,false,MANUAL_REVIEW,중간 분량(929자)·사람 흔적 0 — 단일 축으로 판정 불가,BOT,MAGAZINE,true,929,,,,,false,2026-04-18,cmo41s5sk0001by3fzaj2gwf7
B,MANUAL_REVIEW,false,0,0,2,false,MANUAL_REVIEW,중간 분량(923자)·사람 흔적 0 — 단일 축으로 판정 불가,BOT,MAGAZINE,true,923,,,,,false,2026-04-11,cmnu136w10004ie0jxyzpg9xr
B,MANUAL_REVIEW,false,0,0,2,false,MANUAL_REVIEW,중간 분량(917자)·사람 흔적 0 — 단일 축으로 판정 불가,BOT,MAGAZINE,false,917,,,,,false,2026-04-06,cmnmnlwtd0001igzfoo2plsdi
B,MANUAL_REVIEW,false,0,0,0,false,MANUAL_REVIEW,채용 공고 — `JobDetail.expiresAt` 이 전건 NULL 이고 공개 조회가 이 필드를 적용하지 않는다,BOT,JOB,false,360,NULL,,,,false,2026-08-07,cmsiof3m60004jb4sya7fhq27
B,MANUAL_REVIEW,false,0,0,0,false,MANUAL_REVIEW,채용 공고 — `JobDetail.expiresAt` 이 전건 NULL 이고 공개 조회가 이 필드를 적용하지 않는다,BOT,JOB,false,357,NULL,,,,false,2026-08-16,cmsvq7yen0004hb6hhfe4pov9
B,MANUAL_REVIEW,false,0,0,3,false,MANUAL_REVIEW,채용 공고 — `JobDetail.expiresAt` 이 전건 NULL 이고 공개 조회가 이 필드를 적용하지 않는다,BOT,JOB,false,356,NULL,,,,false,2026-04-25,cmodvmzdd0000h03fhkhkhogt
B,MANUAL_REVIEW,false,0,0,0,false,MANUAL_REVIEW,채용 공고 — `JobDetail.expiresAt` 이 전건 NULL 이고 공개 조회가 이 필드를 적용하지 않는다,BOT,JOB,false,355,NULL,,,,false,2026-03-30,cmnd4t4fp0000gg381j1jacgq
B,MANUAL_REVIEW,false,0,0,0,false,MANUAL_REVIEW,채용 공고 — `JobDetail.expiresAt` 이 전건 NULL 이고 공개 조회가 이 필드를 적용하지 않는다,BOT,JOB,false,355,NULL,,,,false,2026-05-13,cmp3o6fup0000l83frk0m167t
B,MANUAL_REVIEW,false,0,0,0,false,MANUAL_REVIEW,채용 공고 — `JobDetail.expiresAt` 이 전건 NULL 이고 공개 조회가 이 필드를 적용하지 않는다,BOT,JOB,false,355,NULL,,,,false,2026-06-06,cmq25lqju0000dt287czt9a92
B,MANUAL_REVIEW,false,0,0,0,false,MANUAL_REVIEW,채용 공고 — `JobDetail.expiresAt` 이 전건 NULL 이고 공개 조회가 이 필드를 적용하지 않는다,BOT,JOB,false,353,NULL,,,,false,2026-07-17,cmrowpq1h0004kn1ml8hjbeft
B,MANUAL_REVIEW,false,0,0,0,false,MANUAL_REVIEW,채용 공고 — `JobDetail.expiresAt` 이 전건 NULL 이고 공개 조회가 이 필드를 적용하지 않는다,BOT,JOB,false,352,NULL,,,,false,2026-04-28,cmoilkh8r0000d8528lmdjcz8
B,MANUAL_REVIEW,false,0,0,0,false,MANUAL_REVIEW,채용 공고 — `JobDetail.expiresAt` 이 전건 NULL 이고 공개 조회가 이 필드를 적용하지 않는다,BOT,JOB,false,351,NULL,,,,false,2026-04-27,cmoh5zn040000j33fw2s2piad
B,MANUAL_REVIEW,false,0,0,0,false,MANUAL_REVIEW,채용 공고 — `JobDetail.expiresAt` 이 전건 NULL 이고 공개 조회가 이 필드를 적용하지 않는다,BOT,JOB,false,351,NULL,,,,false,2026-06-24,cmqrq0e3d0000is0j1boowobk
B,MANUAL_REVIEW,false,0,0,2,false,MANUAL_REVIEW,채용 공고 — `JobDetail.expiresAt` 이 전건 NULL 이고 공개 조회가 이 필드를 적용하지 않는다,BOT,JOB,false,350,NULL,,,,false,2026-05-06,cmou172yz0000k33fn4z1bvb1
B,MANUAL_REVIEW,false,0,0,0,false,MANUAL_REVIEW,채용 공고 — `JobDetail.expiresAt` 이 전건 NULL 이고 공개 조회가 이 필드를 적용하지 않는다,BOT,JOB,false,350,NULL,,,,false,2026-06-11,cmq98314y0000kp28hzefldx4
B,MANUAL_REVIEW,false,0,0,0,false,MANUAL_REVIEW,채용 공고 — `JobDetail.expiresAt` 이 전건 NULL 이고 공개 조회가 이 필드를 적용하지 않는다,BOT,JOB,false,349,NULL,,,,false,2026-06-22,cmqpel6cq0000kz0jxo5ywens
B,MANUAL_REVIEW,false,0,0,0,false,MANUAL_REVIEW,채용 공고 — `JobDetail.expiresAt` 이 전건 NULL 이고 공개 조회가 이 필드를 적용하지 않는다,BOT,JOB,false,349,NULL,,,,false,2026-06-05,cmq0ledvw0000dy28imsg40dt
B,MANUAL_REVIEW,false,0,0,0,false,MANUAL_REVIEW,채용 공고 — `JobDetail.expiresAt` 이 전건 NULL 이고 공개 조회가 이 필드를 적용하지 않는다,BOT,JOB,false,349,NULL,,,,false,2026-06-26,cmqush1cz0000k55ngrd5lyqr
B,MANUAL_REVIEW,false,0,0,0,false,MANUAL_REVIEW,채용 공고 — `JobDetail.expiresAt` 이 전건 NULL 이고 공개 조회가 이 필드를 적용하지 않는다,BOT,JOB,false,348,NULL,,,,false,2026-06-06,cmq1ze6ez0000jk28cu7992at
B,MANUAL_REVIEW,false,0,0,0,false,MANUAL_REVIEW,채용 공고 — `JobDetail.expiresAt` 이 전건 NULL 이고 공개 조회가 이 필드를 적용하지 않는다,BOT,JOB,false,347,NULL,,,,false,2026-06-18,cmqj8awuf0000ng0ij7n9nnd1
B,MANUAL_REVIEW,false,0,0,0,false,MANUAL_REVIEW,채용 공고 — `JobDetail.expiresAt` 이 전건 NULL 이고 공개 조회가 이 필드를 적용하지 않는다,BOT,JOB,false,347,NULL,,,,false,2026-07-13,cmrj9fisr0000k32crn87xib1
B,MANUAL_REVIEW,false,0,0,0,false,MANUAL_REVIEW,채용 공고 — `JobDetail.expiresAt` 이 전건 NULL 이고 공개 조회가 이 필드를 적용하지 않는다,BOT,JOB,false,346,NULL,,,,false,2026-07-15,cmrlvf4sq0004l92ctjogcqcs
B,MANUAL_REVIEW,false,0,0,0,false,MANUAL_REVIEW,채용 공고 — `JobDetail.expiresAt` 이 전건 NULL 이고 공개 조회가 이 필드를 적용하지 않는다,BOT,JOB,false,345,NULL,,,,false,2026-07-30,cms7bpeeq0004kk4sv0zqgwdi
B,MANUAL_REVIEW,false,0,0,0,false,MANUAL_REVIEW,채용 공고 — `JobDetail.expiresAt` 이 전건 NULL 이고 공개 조회가 이 필드를 적용하지 않는다,BOT,JOB,false,345,NULL,,,,false,2026-07-17,cmroqb2vg0004ig1mdkc0f4w2
B,MANUAL_REVIEW,false,0,0,0,false,MANUAL_REVIEW,채용 공고 — `JobDetail.expiresAt` 이 전건 NULL 이고 공개 조회가 이 필드를 적용하지 않는다,BOT,JOB,false,345,NULL,,,,false,2026-07-09,cmrdkjrz50000jp2ckvzlksdh
B,MANUAL_REVIEW,false,0,0,1,false,MANUAL_REVIEW,채용 공고 — `JobDetail.expiresAt` 이 전건 NULL 이고 공개 조회가 이 필드를 적용하지 않는다,BOT,JOB,false,344,NULL,,,,false,2026-05-16,cmp84a0850000ju4es9ng8c7o
B,MANUAL_REVIEW,false,0,0,0,false,MANUAL_REVIEW,채용 공고 — `JobDetail.expiresAt` 이 전건 NULL 이고 공개 조회가 이 필드를 적용하지 않는다,BOT,JOB,false,344,NULL,,,,false,2026-08-18,cmsyl9ylx0004h16humqkskz1
B,MANUAL_REVIEW,false,0,0,0,false,MANUAL_REVIEW,채용 공고 — `JobDetail.expiresAt` 이 전건 NULL 이고 공개 조회가 이 필드를 적용하지 않는다,BOT,JOB,false,343,NULL,,,,false,2026-07-24,cmryxn0dk0004h94st8myh1ll
B,MANUAL_REVIEW,false,0,0,0,false,MANUAL_REVIEW,채용 공고 — `JobDetail.expiresAt` 이 전건 NULL 이고 공개 조회가 이 필드를 적용하지 않는다,BOT,JOB,false,343,NULL,,,,false,2026-07-26,cms1rh2520004e24sixm8wnny
B,MANUAL_REVIEW,false,0,0,0,false,MANUAL_REVIEW,채용 공고 — `JobDetail.expiresAt` 이 전건 NULL 이고 공개 조회가 이 필드를 적용하지 않는다,BOT,JOB,false,343,NULL,,,,false,2026-07-09,cmrdddvsi0000lg3gexjqj9rt
B,MANUAL_REVIEW,false,0,0,0,false,MANUAL_REVIEW,채용 공고 — `JobDetail.expiresAt` 이 전건 NULL 이고 공개 조회가 이 필드를 적용하지 않는다,BOT,JOB,false,342,NULL,,,,false,2026-08-12,cmsq1bqa50004d34stx3el8b4
B,MANUAL_REVIEW,false,0,0,0,false,MANUAL_REVIEW,채용 공고 — `JobDetail.expiresAt` 이 전건 NULL 이고 공개 조회가 이 필드를 적용하지 않는다,BOT,JOB,false,342,NULL,,,,false,2026-06-07,cmq3g4hl10000jg28njx9z5kf
B,MANUAL_REVIEW,false,0,0,0,false,MANUAL_REVIEW,동일 제목 중복 — 정본 1건 선택은 사람 판단,BOT,JOB,false,341,NULL,,,,true,2026-07-14,cmrk82oy80000md2cnnbb64rb
B,MANUAL_REVIEW,false,0,0,0,false,MANUAL_REVIEW,채용 공고 — `JobDetail.expiresAt` 이 전건 NULL 이고 공개 조회가 이 필드를 적용하지 않는다,BOT,JOB,false,341,NULL,,,,false,2026-06-24,cmqs40sxj0000k30jc9dru3ia
B,MANUAL_REVIEW,false,0,0,0,false,MANUAL_REVIEW,채용 공고 — `JobDetail.expiresAt` 이 전건 NULL 이고 공개 조회가 이 필드를 적용하지 않는다,BOT,JOB,false,341,NULL,,,,false,2026-06-21,cmqni9was0000kk0jeexq7hyb
B,MANUAL_REVIEW,false,0,0,0,false,MANUAL_REVIEW,채용 공고 — `JobDetail.expiresAt` 이 전건 NULL 이고 공개 조회가 이 필드를 적용하지 않는다,BOT,JOB,false,341,NULL,,,,false,2026-07-26,cms1envi40004hr4s2v4dfbw0
B,MANUAL_REVIEW,false,0,0,0,false,MANUAL_REVIEW,채용 공고 — `JobDetail.expiresAt` 이 전건 NULL 이고 공개 조회가 이 필드를 적용하지 않는다,BOT,JOB,false,340,NULL,,,,false,2026-06-27,cmqvzluu50000k75nx8skcl4y
B,MANUAL_REVIEW,false,0,0,0,false,MANUAL_REVIEW,채용 공고 — `JobDetail.expiresAt` 이 전건 NULL 이고 공개 조회가 이 필드를 적용하지 않는다,BOT,JOB,false,340,NULL,,,,false,2026-07-29,cms63nzsc0004iy4snf6jaui6
B,MANUAL_REVIEW,false,0,0,0,false,MANUAL_REVIEW,채용 공고 — `JobDetail.expiresAt` 이 전건 NULL 이고 공개 조회가 이 필드를 적용하지 않는다,BOT,JOB,false,339,NULL,,,,false,2026-07-20,cmrt91da20004gu1mvfgscv12
B,MANUAL_REVIEW,false,0,0,0,false,MANUAL_REVIEW,채용 공고 — `JobDetail.expiresAt` 이 전건 NULL 이고 공개 조회가 이 필드를 적용하지 않는다,BOT,JOB,false,339,NULL,,,,false,2026-08-19,cmszk9aag0004kr6h77a05hew
B,MANUAL_REVIEW,false,0,0,0,false,MANUAL_REVIEW,채용 공고 — `JobDetail.expiresAt` 이 전건 NULL 이고 공개 조회가 이 필드를 적용하지 않는다,BOT,JOB,false,339,NULL,,,,false,2026-06-21,cmqntbosz0000e50j7rrr3gnl
B,MANUAL_REVIEW,false,0,0,0,false,MANUAL_REVIEW,채용 공고 — `JobDetail.expiresAt` 이 전건 NULL 이고 공개 조회가 이 필드를 적용하지 않는다,BOT,JOB,false,339,NULL,,,,false,2026-08-18,cmsy4s9ql0004kl6hawjrwb6z
B,MANUAL_REVIEW,false,0,0,0,false,MANUAL_REVIEW,채용 공고 — `JobDetail.expiresAt` 이 전건 NULL 이고 공개 조회가 이 필드를 적용하지 않는다,BOT,JOB,false,339,NULL,,,,false,2026-07-25,cmrzybnzb0004j04sms1r3dpp
B,MANUAL_REVIEW,false,0,0,2,false,MANUAL_REVIEW,동일 제목 중복 — 정본 1건 선택은 사람 판단,BOT,JOB,false,339,NULL,,,,true,2026-05-04,cmoqzn9ao0000j23fbcnytx0g
B,MANUAL_REVIEW,false,0,0,0,false,MANUAL_REVIEW,채용 공고 — `JobDetail.expiresAt` 이 전건 NULL 이고 공개 조회가 이 필드를 적용하지 않는다,BOT,JOB,false,339,NULL,,,,false,2026-06-21,cmqnnvp920000jv0jhvjzehno
B,MANUAL_REVIEW,false,0,0,0,false,MANUAL_REVIEW,채용 공고 — `JobDetail.expiresAt` 이 전건 NULL 이고 공개 조회가 이 필드를 적용하지 않는다,BOT,JOB,false,338,NULL,,,,false,2026-06-06,cmq2bi9bq0000ju281qub9g50
B,MANUAL_REVIEW,false,0,0,0,false,MANUAL_REVIEW,채용 공고 — `JobDetail.expiresAt` 이 전건 NULL 이고 공개 조회가 이 필드를 적용하지 않는다,BOT,JOB,false,338,NULL,,,,false,2026-07-09,cmrd5iubn0000f03glqwddoi3
B,MANUAL_REVIEW,false,0,0,0,false,MANUAL_REVIEW,채용 공고 — `JobDetail.expiresAt` 이 전건 NULL 이고 공개 조회가 이 필드를 적용하지 않는다,BOT,JOB,false,338,NULL,,,,false,2026-06-28,cmqxg94wu0000m45nrnwu8ig9
B,MANUAL_REVIEW,false,0,0,0,false,MANUAL_REVIEW,채용 공고 — `JobDetail.expiresAt` 이 전건 NULL 이고 공개 조회가 이 필드를 적용하지 않는다,BOT,JOB,false,338,NULL,,,,false,2026-06-04,cmpzkp7380000l728kav3u7gv
B,MANUAL_REVIEW,false,0,0,0,false,MANUAL_REVIEW,채용 공고 — `JobDetail.expiresAt` 이 전건 NULL 이고 공개 조회가 이 필드를 적용하지 않는다,BOT,JOB,false,337,NULL,,,,false,2026-06-14,cmqdnc9hw0000jf0iftvxm66u
B,MANUAL_REVIEW,false,0,0,0,false,MANUAL_REVIEW,채용 공고 — `JobDetail.expiresAt` 이 전건 NULL 이고 공개 조회가 이 필드를 적용하지 않는다,BOT,JOB,false,337,NULL,,,,false,2026-07-01,cmr1yejzn0000le5n5stygh7t
B,MANUAL_REVIEW,false,0,0,3,false,MANUAL_REVIEW,채용 공고 — `JobDetail.expiresAt` 이 전건 NULL 이고 공개 조회가 이 필드를 적용하지 않는다,BOT,JOB,false,337,NULL,,,,false,2026-04-19,cmo5bz9ew0000ga3fqjfe3bzr
B,MANUAL_REVIEW,false,0,0,0,false,MANUAL_REVIEW,채용 공고 — `JobDetail.expiresAt` 이 전건 NULL 이고 공개 조회가 이 필드를 적용하지 않는다,BOT,JOB,false,337,NULL,,,,false,2026-07-28,cms4h269f0004jb4sr1x7t0em
B,MANUAL_REVIEW,false,0,0,0,false,MANUAL_REVIEW,채용 공고 — `JobDetail.expiresAt` 이 전건 NULL 이고 공개 조회가 이 필드를 적용하지 않는다,BOT,JOB,false,336,NULL,,,,false,2026-06-16,cmqgeoxd30000mx0ic4rmkjte
B,MANUAL_REVIEW,false,0,0,0,false,MANUAL_REVIEW,채용 공고 — `JobDetail.expiresAt` 이 전건 NULL 이고 공개 조회가 이 필드를 적용하지 않는다,BOT,JOB,false,336,NULL,,,,false,2026-06-18,cmqjla1f70000k10j0c9ftuob
B,MANUAL_REVIEW,false,0,0,0,false,MANUAL_REVIEW,채용 공고 — `JobDetail.expiresAt` 이 전건 NULL 이고 공개 조회가 이 필드를 적용하지 않는다,BOT,JOB,false,336,NULL,,,,false,2026-06-13,cmqcd2lek0000i50iosns7zx6
B,MANUAL_REVIEW,false,0,0,0,false,MANUAL_REVIEW,채용 공고 — `JobDetail.expiresAt` 이 전건 NULL 이고 공개 조회가 이 필드를 적용하지 않는다,BOT,JOB,false,336,NULL,,,,false,2026-08-10,cmsn6go0f0004iw4sgip7zqyk
B,MANUAL_REVIEW,false,0,0,0,false,MANUAL_REVIEW,채용 공고 — `JobDetail.expiresAt` 이 전건 NULL 이고 공개 조회가 이 필드를 적용하지 않는다,BOT,JOB,false,336,NULL,,,,false,2026-08-21,cmt2vmicq0004gvyyiymx8ms0
B,MANUAL_REVIEW,false,0,0,2,false,MANUAL_REVIEW,채용 공고 — `JobDetail.expiresAt` 이 전건 NULL 이고 공개 조회가 이 필드를 적용하지 않는다,BOT,JOB,false,335,NULL,,,,false,2026-05-07,cmov2lyov0000k33fvsj64tq4
B,MANUAL_REVIEW,false,0,0,0,false,MANUAL_REVIEW,채용 공고 — `JobDetail.expiresAt` 이 전건 NULL 이고 공개 조회가 이 필드를 적용하지 않는다,BOT,JOB,false,335,NULL,,,,false,2026-07-23,cmrxbg0rf0004j34sbw8j9tcm
B,MANUAL_REVIEW,false,0,0,3,false,MANUAL_REVIEW,채용 공고 — `JobDetail.expiresAt` 이 전건 NULL 이고 공개 조회가 이 필드를 적용하지 않는다,BOT,JOB,false,335,NULL,,,,false,2026-04-21,cmo86som40000h03fhqug7mro
B,MANUAL_REVIEW,false,0,0,3,false,MANUAL_REVIEW,채용 공고 — `JobDetail.expiresAt` 이 전건 NULL 이고 공개 조회가 이 필드를 적용하지 않는다,BOT,JOB,false,335,NULL,,,,false,2026-04-22,cmo9sdl620000in3fw3ehndsq
B,MANUAL_REVIEW,false,0,0,0,false,MANUAL_REVIEW,채용 공고 — `JobDetail.expiresAt` 이 전건 NULL 이고 공개 조회가 이 필드를 적용하지 않는다,BOT,JOB,false,335,NULL,,,,false,2026-06-05,cmq0zwoai0000jf282rqeafzi
B,MANUAL_REVIEW,false,0,0,0,false,MANUAL_REVIEW,채용 공고 — `JobDetail.expiresAt` 이 전건 NULL 이고 공개 조회가 이 필드를 적용하지 않는다,BOT,JOB,false,335,NULL,,,,false,2026-07-11,cmrg4vfuz0000kk2c3v5aba4h
B,MANUAL_REVIEW,false,0,0,0,false,MANUAL_REVIEW,채용 공고 — `JobDetail.expiresAt` 이 전건 NULL 이고 공개 조회가 이 필드를 적용하지 않는다,BOT,JOB,false,335,NULL,,,,false,2026-06-20,cmqm0oedj0000k60jfaai1by7
B,MANUAL_REVIEW,false,0,0,1,false,MANUAL_REVIEW,동일 제목 중복 — 정본 1건 선택은 사람 판단,BOT,JOB,false,334,NULL,,,,true,2026-05-16,cmp7y353r0000j04e10hqvx42
B,MANUAL_REVIEW,false,0,0,0,false,MANUAL_REVIEW,채용 공고 — `JobDetail.expiresAt` 이 전건 NULL 이고 공개 조회가 이 필드를 적용하지 않는다,BOT,JOB,false,334,NULL,,,,false,2026-05-05,cmoskssoi0000k53fdeiepbvb
B,MANUAL_REVIEW,false,0,0,0,false,MANUAL_REVIEW,채용 공고 — `JobDetail.expiresAt` 이 전건 NULL 이고 공개 조회가 이 필드를 적용하지 않는다,BOT,JOB,false,334,NULL,,,,false,2026-06-07,cmq3mg92g0000lc282t96jl9g
B,MANUAL_REVIEW,false,0,0,2,false,MANUAL_REVIEW,채용 공고 — `JobDetail.expiresAt` 이 전건 NULL 이고 공개 조회가 이 필드를 적용하지 않는다,BOT,JOB,false,334,NULL,,,,false,2026-04-15,cmnzlscff0000jd0jwj3ozlzb
B,MANUAL_REVIEW,false,0,0,0,false,MANUAL_REVIEW,동일 제목 중복 — 정본 1건 선택은 사람 판단,BOT,JOB,false,334,NULL,,,,true,2026-05-12,cmp27zqgi0000hh3frfev2z73
B,MANUAL_REVIEW,false,0,0,2,false,MANUAL_REVIEW,채용 공고 — `JobDetail.expiresAt` 이 전건 NULL 이고 공개 조회가 이 필드를 적용하지 않는다,BOT,JOB,false,334,NULL,,,,false,2026-05-08,cmownd6yj0000jk3f836kk56i
B,MANUAL_REVIEW,false,0,0,0,false,MANUAL_REVIEW,채용 공고 — `JobDetail.expiresAt` 이 전건 NULL 이고 공개 조회가 이 필드를 적용하지 않는다,BOT,JOB,false,334,NULL,,,,false,2026-08-18,cmsyd7wdw0004bj6h4krvy5qg
B,MANUAL_REVIEW,false,0,0,1,false,MANUAL_REVIEW,채용 공고 — `JobDetail.expiresAt` 이 전건 NULL 이고 공개 조회가 이 필드를 적용하지 않는다,BOT,JOB,false,333,NULL,,,,false,2026-04-22,cmoa03xid0000ka2u9xxc4666
B,MANUAL_REVIEW,false,0,0,3,false,MANUAL_REVIEW,채용 공고 — `JobDetail.expiresAt` 이 전건 NULL 이고 공개 조회가 이 필드를 적용하지 않는다,BOT,JOB,false,333,NULL,,,,false,2026-05-04,cmoqsdd9p0000kf3fnte34335
B,MANUAL_REVIEW,false,0,0,0,false,MANUAL_REVIEW,채용 공고 — `JobDetail.expiresAt` 이 전건 NULL 이고 공개 조회가 이 필드를 적용하지 않는다,BOT,JOB,false,333,NULL,,,,false,2026-07-02,cmr35b7860000ld5njzqmpvsh
B,MANUAL_REVIEW,false,0,0,0,false,MANUAL_REVIEW,채용 공고 — `JobDetail.expiresAt` 이 전건 NULL 이고 공개 조회가 이 필드를 적용하지 않는다,BOT,JOB,false,333,NULL,,,,false,2026-07-28,cms4927k60004j04sd8sy783e
B,MANUAL_REVIEW,false,0,0,0,false,MANUAL_REVIEW,채용 공고 — `JobDetail.expiresAt` 이 전건 NULL 이고 공개 조회가 이 필드를 적용하지 않는다,BOT,JOB,false,333,NULL,,,,false,2026-06-04,cmpzdduen0000ka2898by6rws
B,MANUAL_REVIEW,false,0,0,0,false,MANUAL_REVIEW,채용 공고 — `JobDetail.expiresAt` 이 전건 NULL 이고 공개 조회가 이 필드를 적용하지 않는다,BOT,JOB,false,333,NULL,,,,false,2026-07-03,cmr4rxsy10000kt3g5w4hy7y2
B,MANUAL_REVIEW,false,0,0,2,false,MANUAL_REVIEW,채용 공고 — `JobDetail.expiresAt` 이 전건 NULL 이고 공개 조회가 이 필드를 적용하지 않는다,BOT,JOB,false,332,NULL,,,,false,2026-05-14,cmp5gn8vi0000jb3fblnp6p8o
B,MANUAL_REVIEW,false,0,0,0,false,MANUAL_REVIEW,채용 공고 — `JobDetail.expiresAt` 이 전건 NULL 이고 공개 조회가 이 필드를 적용하지 않는다,BOT,JOB,false,332,NULL,,,,false,2026-05-11,cmp195kbz0000mi3fuz4evrzu
B,MANUAL_REVIEW,false,0,0,0,false,MANUAL_REVIEW,채용 공고 — `JobDetail.expiresAt` 이 전건 NULL 이고 공개 조회가 이 필드를 적용하지 않는다,BOT,JOB,false,332,NULL,,,,false,2026-06-17,cmqi64cdw0000n70ixmjxfe7z
B,MANUAL_REVIEW,false,0,0,0,false,MANUAL_REVIEW,채용 공고 — `JobDetail.expiresAt` 이 전건 NULL 이고 공개 조회가 이 필드를 적용하지 않는다,BOT,JOB,false,332,NULL,,,,false,2026-08-17,cmswphseq0004hf6hmz86exws
B,MANUAL_REVIEW,false,0,0,0,false,MANUAL_REVIEW,채용 공고 — `JobDetail.expiresAt` 이 전건 NULL 이고 공개 조회가 이 필드를 적용하지 않는다,BOT,JOB,false,332,NULL,,,,false,2026-07-12,cmrhectuq0000kc2c5g004f6q
B,MANUAL_REVIEW,false,0,0,0,false,MANUAL_REVIEW,동일 제목 중복 — 정본 1건 선택은 사람 판단,BOT,JOB,false,332,NULL,,,,true,2026-07-12,cmrhr2c6b0000ih2c5sarxc6i
B,MANUAL_REVIEW,false,0,0,0,false,MANUAL_REVIEW,채용 공고 — `JobDetail.expiresAt` 이 전건 NULL 이고 공개 조회가 이 필드를 적용하지 않는다,BOT,JOB,false,331,NULL,,,,false,2026-05-09,cmoy306wc0000jy3f1xx68x9q
B,MANUAL_REVIEW,false,0,0,0,false,MANUAL_REVIEW,채용 공고 — `JobDetail.expiresAt` 이 전건 NULL 이고 공개 조회가 이 필드를 적용하지 않는다,BOT,JOB,false,331,NULL,,,,false,2026-07-23,cmrxicojz0004en1mbziwn5tb
B,MANUAL_REVIEW,false,0,0,0,false,MANUAL_REVIEW,채용 공고 — `JobDetail.expiresAt` 이 전건 NULL 이고 공개 조회가 이 필드를 적용하지 않는다,BOT,JOB,false,330,NULL,,,,false,2026-06-20,cmqm7apbo0000kt0jf7e66qv5
B,MANUAL_REVIEW,false,0,0,0,false,MANUAL_REVIEW,채용 공고 — `JobDetail.expiresAt` 이 전건 NULL 이고 공개 조회가 이 필드를 적용하지 않는다,BOT,JOB,false,330,NULL,,,,false,2026-06-11,cmq9fp59h0000i728gjgjrz0s
B,MANUAL_REVIEW,false,0,0,0,false,MANUAL_REVIEW,채용 공고 — `JobDetail.expiresAt` 이 전건 NULL 이고 공개 조회가 이 필드를 적용하지 않는다,BOT,JOB,false,330,NULL,,,,false,2026-07-06,cmr8w7o850000ky3gr8ftn4wj
B,MANUAL_REVIEW,false,0,0,1,false,MANUAL_REVIEW,채용 공고 — `JobDetail.expiresAt` 이 전건 NULL 이고 공개 조회가 이 필드를 적용하지 않는다,BOT,JOB,false,330,NULL,,,,false,2026-04-17,cmo2n1ury0000i00jpcxcl15r
B,MANUAL_REVIEW,false,0,0,0,false,MANUAL_REVIEW,채용 공고 — `JobDetail.expiresAt` 이 전건 NULL 이고 공개 조회가 이 필드를 적용하지 않는다,BOT,JOB,false,330,NULL,,,,false,2026-06-30,cmr0iiuj00000mm5nzoxrs83i
B,MANUAL_REVIEW,false,0,0,0,false,MANUAL_REVIEW,채용 공고 — `JobDetail.expiresAt` 이 전건 NULL 이고 공개 조회가 이 필드를 적용하지 않는다,BOT,JOB,false,330,NULL,,,,false,2026-08-05,cmsfwlyyl0004ek4s94buhsls
B,MANUAL_REVIEW,false,0,0,0,false,MANUAL_REVIEW,채용 공고 — `JobDetail.expiresAt` 이 전건 NULL 이고 공개 조회가 이 필드를 적용하지 않는다,BOT,JOB,false,330,NULL,,,,false,2026-06-17,cmqi0ord80000mu0i548yjbvu
B,MANUAL_REVIEW,false,0,0,0,false,MANUAL_REVIEW,채용 공고 — `JobDetail.expiresAt` 이 전건 NULL 이고 공개 조회가 이 필드를 적용하지 않는다,BOT,JOB,false,329,NULL,,,,false,2026-06-19,cmqkv0daq0000lr0jbeg4lm5o
B,MANUAL_REVIEW,false,0,0,2,false,MANUAL_REVIEW,채용 공고 — `JobDetail.expiresAt` 이 전건 NULL 이고 공개 조회가 이 필드를 적용하지 않는다,BOT,JOB,false,329,NULL,,,,false,2026-05-15,cmp6qp0op0000kb3fb110ohgs
B,MANUAL_REVIEW,false,0,0,0,false,MANUAL_REVIEW,채용 공고 — `JobDetail.expiresAt` 이 전건 NULL 이고 공개 조회가 이 필드를 적용하지 않는다,BOT,JOB,false,329,NULL,,,,false,2026-03-30,cmncr1vfy0000is38jxd0jc2q
B,MANUAL_REVIEW,false,0,0,0,false,MANUAL_REVIEW,채용 공고 — `JobDetail.expiresAt` 이 전건 NULL 이고 공개 조회가 이 필드를 적용하지 않는다,BOT,JOB,false,329,NULL,,,,false,2026-08-06,cmshj29g40004ix4sr3za7nbi
B,MANUAL_REVIEW,false,0,0,0,false,MANUAL_REVIEW,채용 공고 — `JobDetail.expiresAt` 이 전건 NULL 이고 공개 조회가 이 필드를 적용하지 않는다,BOT,JOB,false,329,NULL,,,,false,2026-06-27,cmqwbsgr40000kx5nuqphvbrr
B,MANUAL_REVIEW,false,0,0,0,false,MANUAL_REVIEW,채용 공고 — `JobDetail.expiresAt` 이 전건 NULL 이고 공개 조회가 이 필드를 적용하지 않는다,BOT,JOB,false,329,NULL,,,,false,2026-07-27,cms2uy6vr0004kz4srhywvbqp
B,MANUAL_REVIEW,false,0,0,0,false,MANUAL_REVIEW,채용 공고 — `JobDetail.expiresAt` 이 전건 NULL 이고 공개 조회가 이 필드를 적용하지 않는다,BOT,JOB,false,329,NULL,,,,false,2026-06-14,cmqdsq16y0000kq0izv8gpkgv
B,MANUAL_REVIEW,false,0,0,0,false,MANUAL_REVIEW,채용 공고 — `JobDetail.expiresAt` 이 전건 NULL 이고 공개 조회가 이 필드를 적용하지 않는다,BOT,JOB,false,329,NULL,,,,false,2026-07-07,cmraaot840000lg3gzlvnqvgr
B,MANUAL_REVIEW,false,0,0,0,false,MANUAL_REVIEW,채용 공고 — `JobDetail.expiresAt` 이 전건 NULL 이고 공개 조회가 이 필드를 적용하지 않는다,BOT,JOB,false,329,NULL,,,,false,2026-08-07,cmsiw2e8l0004m14slz9r06s8
B,MANUAL_REVIEW,false,0,0,0,false,MANUAL_REVIEW,채용 공고 — `JobDetail.expiresAt` 이 전건 NULL 이고 공개 조회가 이 필드를 적용하지 않는다,BOT,JOB,false,328,NULL,,,,false,2026-06-19,cmql0oxjo0000kg0jm5839hht
B,MANUAL_REVIEW,false,0,0,0,false,MANUAL_REVIEW,채용 공고 — `JobDetail.expiresAt` 이 전건 NULL 이고 공개 조회가 이 필드를 적용하지 않는다,BOT,JOB,false,328,NULL,,,,false,2026-06-20,cmqmd7ku20000k10jopopimv7
B,MANUAL_REVIEW,false,0,0,0,false,MANUAL_REVIEW,채용 공고 — `JobDetail.expiresAt` 이 전건 NULL 이고 공개 조회가 이 필드를 적용하지 않는다,BOT,JOB,false,328,NULL,,,,false,2026-07-05,cmr7s6pkj0000i83gzae663tv
B,MANUAL_REVIEW,false,0,0,0,false,MANUAL_REVIEW,채용 공고 — `JobDetail.expiresAt` 이 전건 NULL 이고 공개 조회가 이 필드를 적용하지 않는다,BOT,JOB,false,328,NULL,,,,false,2026-08-20,cmt1884dd0004kr6hfjg6ggyg
B,MANUAL_REVIEW,false,0,0,0,false,MANUAL_REVIEW,채용 공고 — `JobDetail.expiresAt` 이 전건 NULL 이고 공개 조회가 이 필드를 적용하지 않는다,BOT,JOB,false,327,NULL,,,,false,2026-07-19,cmrre9bjq0004k31mtoe3flge
B,MANUAL_REVIEW,false,0,0,0,false,MANUAL_REVIEW,채용 공고 — `JobDetail.expiresAt` 이 전건 NULL 이고 공개 조회가 이 필드를 적용하지 않는다,BOT,JOB,false,327,NULL,,,,false,2026-07-01,cmr24iynl00002n5nfswqvxcw
B,MANUAL_REVIEW,false,0,0,0,false,MANUAL_REVIEW,채용 공고 — `JobDetail.expiresAt` 이 전건 NULL 이고 공개 조회가 이 필드를 적용하지 않는다,BOT,JOB,false,327,NULL,,,,false,2026-07-04,cmr5zer9p0000lv3gw4ztz4p5
B,MANUAL_REVIEW,false,0,0,0,false,MANUAL_REVIEW,채용 공고 — `JobDetail.expiresAt` 이 전건 NULL 이고 공개 조회가 이 필드를 적용하지 않는다,BOT,JOB,false,327,NULL,,,,false,2026-07-27,cms3a4tev0004h14skhzcyd5r
B,MANUAL_REVIEW,false,0,0,0,false,MANUAL_REVIEW,채용 공고 — `JobDetail.expiresAt` 이 전건 NULL 이고 공개 조회가 이 필드를 적용하지 않는다,BOT,JOB,false,327,NULL,,,,false,2026-08-03,cmscustzy0004ih4soqrmm91c
B,MANUAL_REVIEW,false,0,0,0,false,MANUAL_REVIEW,채용 공고 — `JobDetail.expiresAt` 이 전건 NULL 이고 공개 조회가 이 필드를 적용하지 않는다,BOT,JOB,false,326,NULL,,,,false,2026-06-17,cmqhthmla0000mu0iwqqd47tj
B,MANUAL_REVIEW,false,0,0,0,false,MANUAL_REVIEW,채용 공고 — `JobDetail.expiresAt` 이 전건 NULL 이고 공개 조회가 이 필드를 적용하지 않는다,BOT,JOB,false,326,NULL,,,,false,2026-07-14,cmrkmhard0000ij2clk990eaf
B,MANUAL_REVIEW,false,0,0,0,false,MANUAL_REVIEW,채용 공고 — `JobDetail.expiresAt` 이 전건 NULL 이고 공개 조회가 이 필드를 적용하지 않는다,BOT,JOB,false,325,NULL,,,,false,2026-08-12,cmspu8u0n0004gv6hr2n5600s
B,MANUAL_REVIEW,false,0,0,1,false,MANUAL_REVIEW,채용 공고 — `JobDetail.expiresAt` 이 전건 NULL 이고 공개 조회가 이 필드를 적용하지 않는다,BOT,JOB,false,325,NULL,,,,false,2026-04-26,cmofp0rio0000hg3fawdj81hi
B,MANUAL_REVIEW,false,0,0,0,false,MANUAL_REVIEW,채용 공고 — `JobDetail.expiresAt` 이 전건 NULL 이고 공개 조회가 이 필드를 적용하지 않는다,BOT,JOB,false,325,NULL,,,,false,2026-08-01,cmsa5us4s0004j24ssutj60sm
B,MANUAL_REVIEW,false,0,0,0,false,MANUAL_REVIEW,채용 공고 — `JobDetail.expiresAt` 이 전건 NULL 이고 공개 조회가 이 필드를 적용하지 않는다,BOT,JOB,false,325,NULL,,,,false,2026-06-09,cmq6p495u0000is28azremru8
B,MANUAL_REVIEW,false,0,0,3,false,MANUAL_REVIEW,채용 공고 — `JobDetail.expiresAt` 이 전건 NULL 이고 공개 조회가 이 필드를 적용하지 않는다,BOT,JOB,false,324,NULL,,,,false,2026-05-08,cmowgzkg30000j33fscow2vd5
B,MANUAL_REVIEW,false,0,0,0,false,MANUAL_REVIEW,채용 공고 — `JobDetail.expiresAt` 이 전건 NULL 이고 공개 조회가 이 필드를 적용하지 않는다,BOT,JOB,false,324,NULL,,,,false,2026-07-21,cmrugo66m0004ks1mfzg8fjmd
B,MANUAL_REVIEW,false,0,0,0,false,MANUAL_REVIEW,채용 공고 — `JobDetail.expiresAt` 이 전건 NULL 이고 공개 조회가 이 필드를 적용하지 않는다,BOT,JOB,false,324,NULL,,,,false,2026-05-10,cmozpilix0000jy3fs5nz5krb
B,MANUAL_REVIEW,false,0,0,3,false,MANUAL_REVIEW,채용 공고 — `JobDetail.expiresAt` 이 전건 NULL 이고 공개 조회가 이 필드를 적용하지 않는다,BOT,JOB,false,324,NULL,,,,false,2026-04-26,cmofhvp3a0000id3f8fjr3abm
B,MANUAL_REVIEW,false,0,0,0,false,MANUAL_REVIEW,채용 공고 — `JobDetail.expiresAt` 이 전건 NULL 이고 공개 조회가 이 필드를 적용하지 않는다,BOT,JOB,false,324,NULL,,,,false,2026-07-15,cmrm2knft0004o22c8kaxrsa2
B,MANUAL_REVIEW,false,0,0,0,false,MANUAL_REVIEW,채용 공고 — `JobDetail.expiresAt` 이 전건 NULL 이고 공개 조회가 이 필드를 적용하지 않는다,BOT,JOB,false,324,NULL,,,,false,2026-07-29,cms5onav70004is4sggc8gs98
B,MANUAL_REVIEW,false,0,0,1,false,MANUAL_REVIEW,채용 공고 — `JobDetail.expiresAt` 이 전건 NULL 이고 공개 조회가 이 필드를 적용하지 않는다,BOT,JOB,false,323,NULL,,,,false,2026-05-16,cmp8au2j90000gt4eby0s72an
B,MANUAL_REVIEW,false,0,0,0,false,MANUAL_REVIEW,채용 공고 — `JobDetail.expiresAt` 이 전건 NULL 이고 공개 조회가 이 필드를 적용하지 않는다,BOT,JOB,false,323,NULL,,,,false,2026-07-03,cmr4y8qpu0000l73gjacmecb8
B,MANUAL_REVIEW,false,0,0,1,false,MANUAL_REVIEW,채용 공고 — `JobDetail.expiresAt` 이 전건 NULL 이고 공개 조회가 이 필드를 적용하지 않는다,BOT,JOB,false,322,NULL,,,,false,2026-04-18,cmo41ibf60000in3f6y0na0i0
B,MANUAL_REVIEW,false,0,0,0,false,MANUAL_REVIEW,채용 공고 — `JobDetail.expiresAt` 이 전건 NULL 이고 공개 조회가 이 필드를 적용하지 않는다,BOT,JOB,false,320,NULL,,,,false,2026-06-16,cmqgu0srv0000ly0imlkfef33
B,MANUAL_REVIEW,false,0,0,0,false,MANUAL_REVIEW,채용 공고 — `JobDetail.expiresAt` 이 전건 NULL 이고 공개 조회가 이 필드를 적용하지 않는다,BOT,JOB,false,320,NULL,,,,false,2026-08-20,cmt1g7kvx0004j66hygc4f4py
B,MANUAL_REVIEW,false,0,0,2,false,MANUAL_REVIEW,채용 공고 — `JobDetail.expiresAt` 이 전건 NULL 이고 공개 조회가 이 필드를 적용하지 않는다,BOT,JOB,false,318,NULL,,,,false,2026-04-28,cmoif4aw10000gr3fa5qandsc
B,MANUAL_REVIEW,false,0,0,0,false,MANUAL_REVIEW,채용 공고 — `JobDetail.expiresAt` 이 전건 NULL 이고 공개 조회가 이 필드를 적용하지 않는다,BOT,JOB,false,318,NULL,,,,false,2026-06-12,cmqan0zg70000k10itf4582if
B,MANUAL_REVIEW,false,0,0,3,false,MANUAL_REVIEW,채용 공고 — `JobDetail.expiresAt` 이 전건 NULL 이고 공개 조회가 이 필드를 적용하지 않는다,BOT,JOB,false,313,NULL,,,,false,2026-05-02,cmonwkb2k0000j43f0sddbb1y
B,MANUAL_REVIEW,false,0,0,0,false,MANUAL_REVIEW,채용 공고 — `JobDetail.expiresAt` 이 전건 NULL 이고 공개 조회가 이 필드를 적용하지 않는다,BOT,JOB,false,313,NULL,,,,false,2026-06-29,cmqz6ckw70000ky5nkcknmf2d
B,MANUAL_REVIEW,false,0,0,0,false,MANUAL_REVIEW,채용 공고 — `JobDetail.expiresAt` 이 전건 NULL 이고 공개 조회가 이 필드를 적용하지 않는다,BOT,JOB,false,312,NULL,,,,false,2026-07-30,cms73kk130004iu4s83819a68
B,MANUAL_REVIEW,false,0,0,0,false,MANUAL_REVIEW,채용 공고 — `JobDetail.expiresAt` 이 전건 NULL 이고 공개 조회가 이 필드를 적용하지 않는다,BOT,JOB,false,308,NULL,,,,false,2026-05-13,cmp3vk56r0000hz3fm0ss8kkk
